data;horario;n_da_ocorrencia;tipo_de_ocorrencia;km;trecho;sentido;tipo_de_acidente;automovel;bicicleta;caminhao;moto;onibus;outros;tracao_animal;transporte_de_cargas_especiais;trator_maquinas;utilitarios;ilesos;levemente_feridos;moderadamente_feridos;gravemente_feridos;mortos
30/04/2010;10:36:00;22;com vítima;134,8;BR-116/RJ;Norte;Abalroamento longitudinal;2;;;;;;;;;;2;1;;;1
30/04/2010;19:03:00;44;com vítima;53,3;BR-116/RJ;Norte;Colisão frontal;1;;1;;;;;;;;;1;;1;1
30/04/2010;19:38:00;45;com vítima;89,6;BR-116/RJ;Sul;Colisão traseira;1;;1;;;;;;;;1;2;;;
30/04/2010;22:40:00;52;com vítima;73,6;BR-116/RJ;Sul;Derrapagem;1;;;;;;;;;;;2;;;
01/05/2010;13:09:00;17;sem vítima;101,8;BR-116/RJ;Norte;Choque em objeto fixo;1;;;;;;;;;;1;;;;
01/05/2010;13:44:00;21;sem vítima;140,8;BR-116/RJ;Norte;Colisão traseira;1;;1;;;;;;;;2;;;;
01/05/2010;14:36:00;25;com vítima;76,8;BR-116/RJ;Sul;Atropel. de pedestre atravessando;1;;;;;;;;;;4;;1;;
02/05/2010;06:00:00;5;com vítima;79,3;BR-116/RJ;Sul;Derrapagem;1;;;;;;;;;;;;2;;
03/05/2010;09:50:00;21;sem vítima;91,3;BR-116/RJ;Norte;Abalroamento longitudinal;2;;;;;;;;;;2;;;;
03/05/2010;10:20:00;24;sem vítima;102,5;BR-116/RJ;Sul;Colisão traseira;2;;;;;;;;;;2;;;;
03/05/2010;19:36:00;51;com vítima;67;BR-116/RJ;Norte;Atropel. de pedestre atravessando;;;;1;;;;;;;1;;2;;
04/05/2010;23:16:00;42;com vítima;91,2;BR-116/RJ;Sul;Derrapagem;1;;;;;;;;;;;3;;;
05/05/2010;11:20:00;22;com vítima;134,5;BR-116/RJ;Sul;Derrapagem;1;;;;;;;;;;;3;2;;
05/05/2010;12:13:00;24;sem vítima;70,9;BR-116/RJ;Norte;Choque em objeto fixo;;;1;;;;;;;;1;;;;
05/05/2010;18:25:00;46;com vítima;142;BR-116/RJ;Sul;Abalroamento longitudinal;;;1;1;;;;;;;1;;;;1
05/05/2010;20:50:00;52;com vítima;142,1;BR-116/RJ;Sul;Colisão traseira;1;;;1;;;;;;;;1;;1;
05/05/2010;22:31:00;55;com vítima;129,8;BR-116/RJ;Norte;Capotamento;;;1;;;;;;;;;2;;;
06/05/2010;15:10:00;34;com vítima;96,7;BR-116/RJ;Sul;Colisão traseira;1;;1;;;;;;;;1;2;;;
07/05/2010;22:37:00;44;com vítima;79,3;BR-116/RJ;Sul;Colisão traseira;2;;;;;;;;;;3;2;;;
08/05/2010;00:25:00;1;com vítima;92,3;BR-116/RJ;Norte;Choque em objeto fixo;1;;;;;;;;;;4;1;;;
08/05/2010;20:26:00;48;com vítima;139,5;BR-116/RJ;Sul;Abalroamento transversal;1;1;;;;;;;;;1;;1;;
09/05/2010;01:38:00;2;com vítima;139,3;BR-116/RJ;Sul;Capotamento;;;1;;;;;;;;;2;;;
09/05/2010;06:48:00;6;com vítima;133,5;BR-116/RJ;Sul;Choque em objeto fixo;1;;;;;;;;;;;2;1;;
09/05/2010;09:05:00;15;com vítima;87,05;BR-116/RJ;Sul;Derrapagem;1;;;;;;;;;;;2;;;
09/05/2010;12:03:00;23;com vítima;24,06;BR-116/RJ;Sul;Choque em objeto fixo;1;;;;;;;;;;;4;;;
09/05/2010;14:15:00;27;sem vítima;5,5;BR-116/RJ;Sul;Derrapagem;1;;;;;;;;;;2;;;;
09/05/2010;14:56:00;32;sem vítima;72,7;BR-116/RJ;Sul;Derrapagem;1;;;;;;;;;;1;;;;
09/05/2010;15:05:00;33;sem vítima;72,05;BR-116/RJ;Sul;Derrapagem;1;;;;;;;;;;1;;;;
09/05/2010;15:25:00;36;sem vítima;124;BR-116/RJ;Norte;Derrapagem;1;;;;;;;;;;1;;;;
09/05/2010;17:20:00;40;com vítima;72,07;BR-116/RJ;Sul;Choque em objeto fixo;1;;;;;;;;;;;1;;;
09/05/2010;18:08:00;45;com vítima;136,99;BR-116/RJ;Norte;Colisão traseira;2;;;;;;;;;;;3;;;
09/05/2010;18:15:00;46;sem vítima;143;BR-116/RJ;Norte;Choque em objeto fixo;1;;;;;;;;;;4;;;;
10/05/2010;07:30:00;7;sem vítima;104,4;BR-116/RJ;Norte;Choque em defensa;1;;;;;;;;;;1;;;;
10/05/2010;08:00:00;8;com vítima;85,8;BR-116/RJ;Sul;Derrapagem;1;;;;;;;;;;;2;;;
10/05/2010;12:22:00;20;sem vítima;143,8;BR-116/RJ;Sul;Colisão traseira;;;2;;;;;;;;2;;;;
11/05/2010;07:13:00;6;com vítima;40,2;BR-116/RJ;Norte;Abalroamento longitudinal;1;;;1;;;;;;;1;1;;;
11/05/2010;09:15:00;8;com vítima;13,05;BR-116/RJ;Norte;Choque em barreira New Jersey ;;;1;;;;;;;;;1;;;
11/05/2010;16:38:00;28;com vítima;32,3;BR-116/RJ;Sul;Choque em barreira New Jersey ;1;;;;;;;;;;;1;;;
11/05/2010;19:02:00;47;com vítima;0;BR-116/RJ;Norte;Capotamento;;;1;;;;;;;;;;1;;
12/05/2010;15:23:00;22;com vítima;1,7;BR-116/RJ;Sul;Capotamento;;;1;;;;;;;;;;1;;
12/05/2010;15:52:00;23;sem vítima;143;BR-116/RJ;Sul;Abalroamento longitudinal;1;;1;;;;;;;;2;;;;
12/05/2010;16:30:00;26;com vítima;142,9;BR-116/RJ;Sul;Colisão traseira;2;;;;;;;;;;2;1;;;
12/05/2010;16:57:00;27;sem vítima;139,6;BR-116/RJ;Sul;Derrapagem;;;2;;;;;;;;2;;;;
12/05/2010;17:18:00;29;sem vítima;142;BR-116/RJ;Sul;Abalroamento longitudinal;1;;1;;;;;;;;2;;;;
13/05/2010;07:05:00;7;com vítima;88,5;BR-116/RJ;Norte;Derrapagem;1;;;;;;;;;;;1;;;
13/05/2010;21:00:00;51;sem vítima;140;BR-116/RJ;Norte;Choque em defensa;1;;;;;;;;;;1;;;;
14/05/2010;07:45:00;2;sem vítima;99,3;BR-116/RJ;Norte;Colisão traseira;2;;;;;;;;;;5;;;;
14/05/2010;14:05:00;17;sem vítima;125,5;BR-116/RJ;Norte;Queda de carga;;;1;;;;;;;;1;;;;
14/05/2010;18:03:00;29;com vítima;54,1;BR-116/RJ;Sul;Choque em objeto fixo;;;;1;;;;;;;;1;;;
14/05/2010;19:36:00;35;com vítima;107,4;BR-116/RJ;Norte;Abalroamento longitudinal;1;;;1;;;;;;;1;;1;;
15/05/2010;04:06:00;3;sem vítima;125,5;BR-116/RJ;Sul;Derrapagem;1;;;;;;;;;;2;;;;
15/05/2010;11:55:00;19;com vítima;95,7;BR-116/RJ;Norte;Queda de moto;;;;1;;;;;;;1;;1;;
15/05/2010;16:10:00;40;com vítima;131,1;BR-116/RJ;Sul;Abalroamento longitudinal;2;;;;;;;;;;2;1;;;
15/05/2010;17:20:00;45;com vítima;144;BR-116/RJ;Sul;Choque em objeto fixo;1;;;;;;;;;;;1;;;
16/05/2010;07:20:00;4;com vítima;116;BR-116/RJ;Norte;Abalroamento longitudinal;1;;;;;;1;;;;1;;1;;
16/05/2010;13:59:00;16;sem vítima;114,7;BR-116/RJ;Norte;Colisão traseira;1;;;1;;;;;;;2;;;;
16/05/2010;14:00:00;17;sem vítima;143,7;BR-116/RJ;Sul;Abalroamento longitudinal;2;;1;;;;;;;;3;;;;
17/05/2010;07:25:00;6;com vítima;143,9;BR-116/RJ;Sul;Colisão traseira;;;2;;1;;;;;;67;3;;;
17/05/2010;11:42:00;17;com vítima;137;BR-116/RJ;Sul;Colisão traseira;1;;;;;;;;;;;1;;;
17/05/2010;19:24:00;35;com vítima;39,05;BR-116/RJ;Norte;Abalroamento longitudinal;1;;;1;;;;;;;1;;1;;
18/05/2010;09:40:00;11;sem vítima;114;BR-116/RJ;Norte;Choque em barreira New Jersey ;;;1;;;;;;;;1;;;;
18/05/2010;16:46:00;81,02;sem vítima;81,02;BR-116/RJ;Norte;Capotamento;;;1;;;;;;;;2;;;;
18/05/2010;18:51:00;104,1;sem vítima;104,1;BR-116/RJ;Norte;Abalroamento longitudinal;1;;1;;;;;;;;2;;;;
19/05/2010;20:56:00;47;sem vítima;125,2;BR-116/RJ;Norte;Choque em objeto fixo;1;;;;;;;;;;1;;;;
19/05/2010;21:28:00;50;sem vítima;5,4;BR-116/RJ;Norte;Derrapagem;1;;;;;;;;;;2;;;;
20/05/2010;01:18:00;2;sem vítima;104,3;BR-116/RJ;Norte;Choque em objeto fixo;1;;;;;;;;;;1;;;;
20/05/2010;12:03:00;21;sem vítima;102,7;BR-116/RJ;Sul;Colisão traseira;2;;;;;;;;;;4;;;;
20/05/2010;13:28:00;28;sem vítima;132,8;BR-116/RJ;Sul;Choque em defensa;1;;;;;;;;;;1;;;;
21/05/2010;15:39:00;34;com vítima;111,7;BR-116/RJ;Sul;Choque em objeto fixo;1;;;;;;;;;;;1;;;
22/05/2010;03:00:00;2;sem vítima;107;BR-116/RJ;Norte;Atropelamento de animal;;;1;;;;;;;;2;;;;
22/05/2010;05:58:00;7;com vítima;102,6;BR-116/RJ;Sul;Choque em objeto fixo;1;;;;;;;;;;;;1;;
23/05/2010;16:20:00;33;com vítima;144;BR-116/RJ;Sul;Choque em objeto fixo;1;;;;;;;;;;;3;;;
23/05/2010;17:43:00;38;com vítima;101,15;BR-116/RJ;Norte;Colisão traseira;2;;;;1;;;;;;20;3;;;
23/05/2010;20:56:00;49;com vítima;144;BR-116/RJ;Sul;Queda de moto;;;;1;;;;;;;;1;;;
24/05/2010;00:48:00;2;com vítima;90,8;BR-116/RJ;Sul;Derrapagem;1;;;;;;;;;;;1;;;
24/05/2010;09:22:00;7;com vítima;143,8;BR-116/RJ;Sul;Colisão traseira;2;;1;;;;;;;;3;1;;;
24/05/2010;14:51:00;23;com vítima;132,5;BR-116/RJ;Sul;Queda de moto;;;;1;;;;;;;;2;;;
25/05/2010;11:04:00;17;sem vítima;63,1;BR-116/RJ;Sul;Choque em objeto fixo;1;;;;;;;;;;1;;;;
25/05/2010;18:34:00;34;com vítima;101,1;BR-116/RJ;Sul;Derrapagem;;;1;;;;;;;;;3;;;
25/05/2010;20:45:00;39;sem vítima;144;BR-116/RJ;Sul;Abalroamento longitudinal;;;1;;1;;;;;;2;;;;
26/05/2010;07:19:00;10;com vítima;102,5;BR-116/RJ;Sul;Abalroamento longitudinal;3;;2;;;;;;;;4;2;;;
26/05/2010;07:40:00;11;com vítima;67,1;BR-116/RJ;Sul;Abalroamento transversal;2;;;;;;;;;;1;2;;;
26/05/2010;12:40:00;24;sem vítima;92,5;BR-116/RJ;Norte;Colisão traseira;2;;;;;;;;;;2;;;;
27/05/2010;02:07:00;2;com vítima;48,7;BR-116/RJ;Norte;Colisão traseira;2;;;;;;;;;;;1;;;1
27/05/2010;13:38:00;21;sem vítima;90,5;BR-116/RJ;Sul;Abalroamento longitudinal;3;;;;;;;;;;6;;;;
27/05/2010;17:20:00;30;sem vítima;89,6;BR-116/RJ;Sul;Derrapagem;1;;;;;;;;;;1;;;;
27/05/2010;17:23:00;32;com vítima;90,4;BR-116/RJ;Sul;Choque em objeto fixo;1;;;;;;;;;;;1;;;
27/05/2010;22:44:00;40;com vítima;124,1;BR-116/RJ;Norte;Choque em objeto fixo;1;;;;;;;;;;;1;;;1
28/05/2010;04:44:00;2;sem vítima;134;BR-116/RJ;Norte;Atropelamento de animal;1;;;;;;;;;;1;;;;
28/05/2010;06:12:00;3;sem vítima;95,9;BR-116/RJ;Norte;Choque em objeto fixo;1;;;;;;;;;;2;;;;
28/05/2010;10:00:00;11;sem vítima;75,5;BR-116/RJ;Norte;Abalroamento transversal;2;;1;;;;;;;;3;;;;
28/05/2010;11:17:00;16;com vítima;143,5;BR-116/RJ;Sul;Colisão traseira;2;;;;;;;;;;1;1;2;;
28/05/2010;12:29:00;18;com vítima;102,2;BR-116/RJ;Sul;Colisão traseira;2;;;;;;;;;;;2;;;
28/05/2010;18:09:00;37;sem vítima;107,2;BR-116/RJ;Sul;Atropelamento de animal;1;;;;;;;;;;1;;;;
29/05/2010;05:42:00;5;com vítima;138,4;BR-116/RJ;Norte;Colisão traseira;1;1;;;;;;;;;1;;1;;
29/05/2010;08:50:00;12;com vítima;122;BR-116/RJ;Norte;Colisão traseira;2;;;;1;;;;;;3;3;;;
29/05/2010;14:10:00;28;com vítima;72,3;BR-116/RJ;Sul;Queda de moto;;;;1;;;;;;;;;1;;
30/05/2010;21:06:00;33;com vítima;66,4;BR-116/RJ;Sul;Colisão frontal;2;;;;;;;;;;;2;1;;
31/05/2010;04:56:00;6;com vítima;127,15;BR-116/RJ;Sul;Abalroamento longitudinal;2;;;;;;;;;;1;1;;;
31/05/2010;10:43:00;14;sem vítima;130,1;BR-116/RJ;Sul;Choque em objeto fixo;1;;;;;;;;;;1;;;;
01/06/2010;08:30:00;11;sem vítima;93;BR-116/RJ;Sul;Choque em objeto fixo;1;;;;;;;;;;1;;;;
01/06/2010;11:16:00;19;sem vítima;86,3;BR-116/RJ;Sul;Choque em barreira New Jersey ;1;;;;;;;;;;1;;;;
01/06/2010;13:52:00;20;com vítima;131;BR-116/RJ;Sul;Abalroamento transversal;;;1;1;;;;;;;1;;1;;
02/06/2010;07:24:00;8;com vítima;123,2;BR-116/RJ;Norte;Colisão Traseira;1;;1;;;;;;;;1;;1;;
02/06/2010;07:56:00;9;com vítima;35,1;BR-116/RJ;Sul;Derrapagem;1;;;;;;;;;;;1;;;
02/06/2010;21:35:00;53;sem vítima;97,6;BR-116/RJ;Sul;Derrapagem;;;1;;;;;;;;1;;;;
03/06/2010;09:37:00;15;sem vítima;123,4;BR-116/RJ;Norte;Choque em defensa;1;;;;;;;;;;1;;;;
03/06/2010;13:56:00;31;sem vítima;29,3;BR-116/RJ;Sul;Choque em objeto fixo;1;;;;;;;;;;3;;;;
03/06/2010;16:15:00;38;com vítima;143,25;BR-116/RJ;Norte;Colisão traseira;1;;1;;;;;;;;1;2;;;
04/06/2010;08:52:00;11;sem vítima;140,3;BR-116/RJ;Sul;Colisão traseira;;;1;;1;;;;;;19;;;;
04/06/2010;15:53:00;28;sem vítima;104,4;BR-116/RJ;Norte;Abalroamento longitudinal;1;;1;;;;;;;;2;;;;
05/06/2010;09:42:00;12;com vítima;81;BR-116/RJ;Sul;Queda de moto;;;;1;;;;;;;;;1;;
05/06/2010;17:18:00;54;com vítima;37,7;BR-116/RJ;Sul;Colisão frontal;2;;;;;;;;;;;;;1;1
05/06/2010;21:10:00;68;com vítima;93,3;BR-116/RJ;Sul;Abalroamento longitudinal;1;;1;;;;;;;;1;;2;2;
05/06/2010;22:19:00;71;sem vítima;72,4;BR-116/RJ;Sul;Choque em objeto fixo;1;;;;;;;;;;1;;;;
06/06/2010;13:23:00;24;sem vítima;101,1;BR-116/RJ;Sul;Colisão traseira;2;;;;;;;;;;2;;;;
06/06/2010;16:28:00;37;sem vítima;83,5;BR-116/RJ;Sul;Colisão traseira;1;;1;;;;;;;;4;;;;
06/06/2010;17:34:00;43;sem vítima;101,3;BR-116/RJ;Norte;Colisão traseira;3;;;;;;;;;;3;;;;
07/06/2010;13:44:00;20;com vítima;67,7;BR-116/RJ;Sul;Abalroamento transversal;1;;1;;;;;;;;;2;1;;
07/06/2010;16:08:00;25;com vítima;104,2;BR-116/RJ;Norte;Colisão traseira;2;;1;;;;;;;;2;2;;;
07/06/2010;18:34:00;32;com vítima;69,1;BR-116/RJ;Sul;Queda de moto;;;;1;;;;;;;;;;1;
07/06/2010;23:34:00;40;com vítima;91,1;BR-116/RJ;Sul;Choque em objeto fixo;1;;;;;;;;;;;1;;;
08/06/2010;05:26:00;3;com vítima;143,4;BR-116/RJ;Sul;Abalroamento longitudinal;1;;;;1;;;;;;20;1;;;
08/06/2010;06:09:00;6;sem vítima;63,15;BR-116/RJ;Sul;Capotamento;;;;;;;;;;;0;;;;
08/06/2010;12:12:00;23;com vítima;115;BR-116/RJ;Norte;Derrapagem;1;;1;;;;;;;;1;1;1;;
08/06/2010;12:31:00;24;sem vítima;123,7;BR-116/RJ;Sul;Choque em defensa;;;1;;;;;;;;1;;;;
09/06/2010;03:03:00;3;com vítima;123,5;BR-116/RJ;Norte;Choque em objeto fixo;;;;;;;;1;;;;;1;;
10/06/2010;20:54:00;38;com vítima;138,5;BR-116/RJ;Norte;Abalroamento longitudinal;2;;;;;;;;;;;5;;;
11/06/2010;06:39:00;7;com vítima;137;BR-116/RJ;Sul;Queda de moto;;;;1;;;;;;;;;1;;
11/06/2010;07:50:00;9;com vítima;142,6;BR-116/RJ;Norte;Abalroamento longitudinal;;1;1;;;;;;;;1;;1;;
11/06/2010;10:34:00;16;sem vítima;96,2;BR-116/RJ;Norte;Colisão traseira;2;;;;;;;;;;2;;;;
11/06/2010;22:38:00;51;sem vítima;115,4;BR-116/RJ;Norte;Choque em barreira New Jersey ;1;;;;;;;;;;1;;;;
12/06/2010;06:02:00;5;sem vítima;91,2;BR-116/RJ;Sul;Choque em objeto fixo;1;;;;;;;;;;5;;;;
12/06/2010;09:05:00;13;sem vítima;134,5;BR-116/RJ;Sul;Choque em veículo parado na pista;1;;1;;;;;;;;4;;;;
12/06/2010;10:30:00;18;com vítima;79,5;BR-116/RJ;Sul;Capotamento;1;;;;;;;;;;;1;;;
12/06/2010;10:38:00;19;sem vítima;95,1;BR-116/RJ;Sul;Choque em objeto fixo;1;;;;;;;;;;1;;;;
12/06/2010;10:38:00;20;sem vítima;95,1;BR-116/RJ;Sul;Choque em objeto fixo;1;;;;;;;;;;1;;;;
12/06/2010;10:45:00;21;com vítima;143,7;BR-116/RJ;Sul;Queda de moto;;;;1;;;;;;;;1;;;
12/06/2010;16:09:00;39;com vítima;98,1;BR-116/RJ;Norte;Derrapagem;1;;;;;;;;;;1;;3;;
13/06/2010;09:19:00;14;sem vítima;71,097;BR-116/RJ;Sul;Choque em objeto fixo;1;;;;;;;;;;1;;;;
13/06/2010;17:35:00;33;sem vítima;143,9;BR-116/RJ;Sul;Colisão traseira;2;;;;;;;;;;0;;;;
13/06/2010;19:00:00;36;sem vítima;143,7;BR-116/RJ;Sul;Colisão traseira;3;;;;;;;;;;2;;;;
15/06/2010;07:42:00;7;sem vítima;104,5;BR-116/RJ;Sul;Colisão traseira;1;;1;;;;;;;;2;;;;
15/06/2010;11:12:00;13;sem vítima;123;BR-116/RJ;Norte;Colisão traseira;2;;;;;;;;;;2;;;;
15/06/2010;16:50:00;25;sem vítima;122,3;BR-116/RJ;Sul;Abalroamento longitudinal;2;;;;;;;;;;3;;;;
15/06/2010;17:36:00;29;sem vítima;103,75;BR-116/RJ;Sul;Colisão traseira;1;;1;;;;;;;;4;;;;
16/06/2010;22:28:00;47;sem vítima;83,3;BR-116/RJ;Sul;Colisão traseira;;;1;;1;;;;;;12;;;;
17/06/2010;17:40:00;19;com vítima;110;BR-116/RJ;Norte;Atropel. de pedestre atravessando;1;;;;;;;;;;4;;;;1
17/06/2010;19:40:00;24;com vítima;110,95;BR-116/RJ;Norte;Queda de moto;;;;1;;;;;;;;;;1;
17/06/2010;20:14:00;26;com vítima;60,9;BR-116/RJ;Sul;Queda de moto;;;;1;;;;;;;;;;1;
18/06/2010;14:02:00;21;sem vítima;102,5;BR-116/RJ;Sul;Colisão Traseira;2;;;;;;;;;;2;;;;
18/06/2010;15:56:00;29;com vítima;121,9;BR-116/RJ;Norte;Choque em objeto fixo;1;;;;;;;;;;;;2;;
18/06/2010;07:10:00;48;sem vítima;48;BR-116/RJ;Norte;Abalroamento transversal;2;;;;;;;;;;2;;;;
19/06/2010;00:01:00;1;sem vítima;105,3;BR-116/RJ;Sul;Colisão traseira;1;;1;;;;;;;;4;;;;
19/06/2010;11:46:00;19;sem vítima;138,6;BR-116/RJ;Sul;Choque em objeto fixo;;;1;;1;;;;;;2;;;;
19/06/2010;13:47:00;30;sem vítima;92,3;BR-116/RJ;Norte;Colisão Traseira;2;;;;;;;;;;2;;;;
19/06/2010;14:01:00;31;com vítima;63,1;BR-116/RJ;Norte;Choque em objeto fixo;;; ;;;;;1;;;;;1;;
20/06/2010;13:12:00;20;sem vítima;102,8;BR-116/RJ;Sul;Derrapagem;1;;;;;;;;;;1;;;;
21/06/2010;18:59:00;33;com vítima;122,2;BR-116/RJ;Sul;Abalroamento longitudinal;;;1;;1;;;;;;;2;;;
22/06/2010;19:10:00;42;sem vítima;137;BR-116/RJ;Norte;Colisão traseira;;;1;;1;;;;;;2;;;;
22/06/2010;19:37:00;44;com vítima;95,02;BR-116/RJ;Norte;Colisão frontal;2;;;;1;;;;;;22;;;1;
22/06/2010;21:09:00;45;sem vítima;130;BR-116/RJ;Norte;Queda de moto;;;;1;;;;;;;1;;;;
23/06/2010;10:10:00;14;com vítima;143,9;BR-116/RJ;Sul;Choque em veículo parado na pista;2;;;;;;;;;;;3;;;
23/06/2010;17:32:00;38;sem vítima;67,2;BR-116/RJ;Norte;Atropelamento de animal;1;;;;;;;;;;1;;;;
25/06/2010;05:38:00;4;sem vítima;133,5;BR-116/RJ;Norte;Choque em objeto fixo;1;;;;;;;;;;2;;;;
25/06/2010;08:00:00;9;com vítima;40,2;BR-116/RJ;Sul;Abalroamento longitudinal;2;;;;;;;;;;;5;;;
25/06/2010;08:20:00;12;com vítima;95,8;BR-116/RJ;Norte;Queda de moto;;;;1;;;;;;;;;2;;
25/06/2010;18:43:00;29;com vítima;111,8;BR-116/RJ;Norte;Colisão traseira;1;1;;;;;;;;;1;1;;1;
25/06/2010;18:49:00;30;com vítima;111,7;BR-116/RJ;Norte;Capotamento;1;;;;;;;;;;;1;3;;
25/06/2010;20:24:00;36;com vítima;139,7;BR-116/RJ;Sul;Choque em defensa;;;;1;;;;;;;;;;1;
26/06/2010;00:57:00;1;sem vítima;36,4;BR-116/RJ;Sul;Colisão traseira;1;;;;;;;;;;2;;;;
26/06/2010;01:50:00;3;com vítima;86,4;BR-116/RJ;Sul;Choque em barreira New Jersey ;;;1;;;;;;;;;2;;;
26/06/2010;03:39:00;4;com vítima;134,3;BR-116/RJ;Norte;Choque em defensa;1;;;;;;;;;;;1;;;
26/06/2010;16:05:00;29;com vítima;134,8;BR-116/RJ;Norte;Atropel. de pedestre atravessando;1;;;;;;;;;;1;;;;1
26/06/2010;18:12:00;32;sem vítima;102,1;BR-116/RJ;Sul;Colisão traseira;1;;;;1;;;;;;14;;;;
27/06/2010;20:30:00;38;sem vítima;122,3;BR-116/RJ;Norte;Colisão traseira;1;;1;;;;;;;;2;;;;
28/06/2010;12:22:00;24;com vítima;142,2;BR-116/RJ;Sul;Choque em objeto fixo;1;;;;;;;;;;;2;;;
30/06/2010;10:40:00;12;sem vítima;131;BR-116/RJ;Sul;Colisão traseira;;;2;;;;;;;;2;;;;
30/06/2010;13:04:00;19;sem vítima;132,7;BR-116/RJ;Sul;Choque em objeto fixo;1;;;;;;;;;;1;;;;
30/06/2010;14:41:00;27;sem vítima;94,1;BR-116/RJ;Norte;Abalroamento longitudinal;;;2;;;;;;;;2;;;;
30/06/2010;17:08:00;39;com vítima;92,4;BR-116/RJ;Sul;Abalroamento longitudinal;1;;;1;;;;;;;1;;1;;
01/07/2010;08:17:00;16;sem vítima;102,5;BR-116/RJ;Sul;Colisão traseira;1;;1;;;;;;;;2;;;;
01/07/2010;08:52:00;19;sem vítima;104,3;BR-116/RJ;Norte;Abalroamento longitudinal;1;;1;;;;;;;;2;;;;
01/07/2010;11:35:00;29;sem vítima;102,8;BR-116/RJ;Sul;Abalroamento longitudinal;2;;;;;;;;;;2;;;;
01/07/2010;13:09:00;31;sem vítima;140,98;BR-116/RJ;Norte;Abalroamento longitudinal;1;;1;;;;;;;;2;;;;
01/07/2010;18:35:00;43;com vítima;101,95;BR-116/RJ;Sul;Abalroamento longitudinal;3;;1;;;;;;;;3;;1;;
02/07/2010;09:00:00;8;com vítima;135;BR-116/RJ;Norte;Queda de moto;;;;1;;;;;;;;;1;;
02/07/2010;23:31:00;46;sem vítima;99,5;BR-116/RJ;Norte;Choque em objeto fixo;1;;;;;;;;;;2;;;;
03/07/2010;12:10:00;16;com vítima;90,5;BR-116/RJ;Norte;Colisão traseira;2;;;;;;;;;;1;3;;;
03/07/2010;13:51:00;18;sem vítima;133,5;BR-116/RJ;Norte;Abalroamento longitudinal;2;;;;;;;;;;2;;;;
03/07/2010;18:09:00;33;sem vítima;135,1;BR-116/RJ;Sul;Colisão traseira;2;;;;;;;;;;2;;;;
03/07/2010;22:07:00;40;sem vítima;144;BR-116/RJ;Norte;Derrapagem;1;;;;;;;;;;1;;;;
04/07/2010;01:03:00;4;com vítima;71,8;BR-116/RJ;Sul;Derrapagem;1;;;;;;;;;;;2;;;
04/07/2010;04:27:00;6;sem vítima;73,1;BR-116/RJ;Norte;Derrapagem;1;;;;;;;;;;1;;;;
04/07/2010;10:23:00;16;com vítima;106,1;BR-116/RJ;Norte;Abalroamento longitudinal;1;;;1;;;;;;;;3;;;
04/07/2010;13:28:00;21;com vítima;60,5;BR-116/RJ;Sul;Atropel. de pedestre atravessando;1;;;;;;;;;;;1;;1;
04/07/2010;17:20:00;38;sem vítima;137,4;BR-116/RJ;Sul;Abalroamento longitudinal;1;;;;1;;;;;;4;;;;
05/07/2010;15:40:00;21;com vítima;95,05;BR-116/RJ;Norte;Choque em objeto fixo;1;;;;;;;;;;;;1;;
05/07/2010;19:00:00;33;com vítima;60,9;BR-116/RJ;Sul;Colisão frontal;2;;;;;;;;;;;;;4;
05/07/2010;22:44:00;39;sem vítima;143,7;BR-116/RJ;Sul;Colisão traseira;2;;;;;;;;;;2;;;;
07/07/2010;10:10:00;13;sem vítima;65,75;BR-116/RJ;Sul;Abalroamento transversal;2;;;;;;;;;;2;;;;
07/07/2010;17:24:00;31;com vítima;38,5;BR-116/RJ;Sul;Abalroamento transversal;1;;;1;;;;;;;;2;;1;
08/07/2010;08:05:00;8;com vítima;76;BR-116/RJ;Sul;Queda de moto;;;;1;;;;;;;;;1;;
08/07/2010;10:38:00;13;sem vítima;102,6;BR-116/RJ;Sul;Colisão traseira;2;;;;;;;;;;2;;;;
09/07/2010;09:58:00;9;sem vítima;109;BR-116/RJ;Sul;Atropelamento de animal;;;1;;;;;;;;1;;;;
09/07/2010;15:17:00;29;sem vítima;100,7;BR-116/RJ;Norte;Colisão traseira;2;;;;;;;;;;4;;;;
09/07/2010;17:30:00;33;com vítima;80,8;BR-116/RJ;Sul;Capotamento;;;1;;;;;;;;;;4;;
09/07/2010;20:38:00;40;com vítima;29,6;BR-116/RJ;Sul;Choque em barreira New Jersey ;1;;;;;;;;;;;1;;;
10/07/2010;06:33:00;6;sem vítima;114,9;BR-116/RJ;Norte;Colisão traseira;2;;;;;;;;;;3;;;;
10/07/2010;08:15:00;14;sem vítima;122;BR-116/RJ;Sul;Queda de carga;;;1;;;;;;;;1;;;;
10/07/2010;15:00:00;33;com vítima;66,6;BR-116/RJ;Norte;Derrapagem;2;;;1;;;;;;;1;2;;;
10/07/2010;22:14:00;56;com vítima;19,5;BR-116/RJ;Sul;Choque em objeto fixo;1;;;;;;;;;;;1;;;
10/07/2010;22:53:00;58;com vítima;144;BR-116/RJ;Sul;Choque em objeto fixo;1;;;;;;;;;;3;1;;;
10/07/2010;23:20:00;60;com vítima;66,2;BR-116/RJ;Sul;Atropel. de pedestre atravessando;1;;;;;;;;;;1;;;1;
11/07/2010;06:32:00;4;com vítima;72,7;BR-116/RJ;Sul;Colisão frontal;1;;;;1;;;;;;;5;1;;