data;horario;n_da_ocorrencia;tipo_de_ocorrencia;km;trecho;sentido;tipo_de_acidente;automovel;bicicleta;caminhao;moto;onibus;outros;tracao_animal;transporte_de_cargas_especiais;trator_maquinas;utilitarios;ilesos;levemente_feridos;moderadamente_feridos;gravemente_feridos;mortos
02/09/2010;10:28:00;19;com vítima;101,5;BR-116/RJ;Norte;Abalroamento longitudinal;1;1;;;;;;;;;1;1;;;
02/09/2010;11:35:00;24;sem vítima;139,1;BR-116/RJ;Sul;Colisão traseira;2;;;;;;;;;;2;;;;
02/09/2010;20:20:00;60;com vítima;106,1;BR-116/RJ;Norte;Abalroamento transversal;1;;;;1;;;;;;9;3;;;
03/09/2010;03:30:00;4;com vítima;138,9;BR-116/RJ;Norte;Colisão traseira;;;2;;;;;;;;1;;3;;
03/09/2010;04:35:00;5;sem vítima;57,05;BR-116/RJ;Sul;Derrapagem;1;;;;;;;;;;1;;;;
03/09/2010;05:01:00;6;sem vítima;137,7;BR-116/RJ;Norte;Derrapagem;1;;;;;;;;;;1;;;;
03/09/2010;07:26:00;10;sem vítima;101,9;BR-116/RJ;Sul;Derrapagem;;;1;;;;;;;;2;;;;
03/09/2010;13:20:00;21;com vítima;101,1;BR-116/RJ;Norte;Queda de moto;;;;1;;;;;;;;1;;;
03/09/2010;19:37:00;44;sem vítima;138,6;BR-116/RJ;Sul;Atropelamento de animal;1;;;;;;;;;;1;;;;
04/09/2010;07:10:00;6;sem vítima;101,8;BR-116/RJ;Sul;Colisão traseira;2;;;;;;;;;;2;;;;
04/09/2010;08:05:00;11;com vítima;29,3;BR-116/RJ;Norte;Choque em barreira New Jersey ;1;;;;;;;;;;;4;;;
04/09/2010;09:05:00;14;com vítima;125,9;BR-116/RJ;Norte;Capotamento;1;;;;;;;;;;;;1;;
04/09/2010;16:41:00;40;sem vítima;144;BR-116/RJ;Sul;Abalroamento longitudinal;1;;;;1;;;;;;23;;;;
04/09/2010;18:29:00;50;sem vítima;79,8;BR-116/RJ;Norte;Abalroamento transversal;1;;;1;;;;;;;2;;;;
04/09/2010;18:31:00;51;sem vítima;141,85;BR-116/RJ;Sul;Colisão traseira;1;;1;;;;;;;;6;;;;
04/09/2010;18:57:00;52;sem vítima;141,8;BR-116/RJ;Sul;Abalroamento longitudinal;1;;1;;;;;;;;3;;;;
04/09/2010;19:19:00;53;sem vítima;122,3;BR-116/RJ;Norte;Colisão traseira;1;;1;;1;;;;;;4;;;;
05/09/2010;05:55:00;5;sem vítima;127,6;BR-116/RJ;Norte;Abalroamento longitudinal;2;;;;;;;;;;2;;;;
05/09/2010;10:28:00;15;sem vítima;122,5;BR-116/RJ;Norte;Colisão traseira;1;;;;1;;;;;;17;;;;
05/09/2010;16:07:00;27;com vítima;99,8;BR-116/RJ;Sul;Abalroamento longitudinal;2;;;;;;;;;;;4;;;
05/09/2010;20:46:00;35;sem vítima;94,05;BR-116/RJ;Sul;Choque em objeto fixo;1;;;;;;;;;;2;;;;
05/09/2010;21:47:00;37;sem vítima;106,04;BR-116/RJ;Norte;Abalroamento transversal;2;;;;;;;;;;2;;;;
05/09/2010;04:48:00;39;com vítima;24,2;BR-116/RJ;Norte;Derrapagem;1;;;;;;;;;;;1;;;
06/09/2010;11:22:00;17;sem vítima;124,65;BR-116/RJ;Norte;Choque em objeto fixo;1;;;;;;;;;;2;;;;
06/09/2010;14:48:00;24;sem vítima;125,6;BR-116/RJ;Sul;Queda de carga;;;1;;;;;;;;2;;;;
06/09/2010;18:04:00;35;sem vítima;104,8;BR-116/RJ;Norte;Derrapagem;1;;;;;;;;;;1;;;;
06/09/2010;19:49:00;46;com vítima;39,5;BR-116/RJ;Norte;Colisão traseira;;;2;;;;;;;;;1;;2;
06/09/2010;22:00:00;47;sem vítima;91,5;BR-116/RJ;Sul;Derrapagem;1;;;;;;;;;;2;;;;
07/09/2010;22:12:00;36;sem vítima;109,4;BR-116/RJ;Norte;Derrapagem;1;;;;;;;;;;3;;;;
08/09/2010;01:30:00;2;sem vítima;53,1;BR-116/RJ;Norte;Derrapagem;1;;;;;;;;;;1;;;;
08/09/2010;06:02:00;5;sem vítima;5,6;BR-116/RJ;Sul;Derrapagem;1;;;;;;;;;;2;;;;
08/09/2010;07:23:00;9;sem vítima;32,8;BR-116/RJ;Norte;Derrapagem;1;;;;;;;;;;2;;;;
08/09/2010;09:37:00;14;com vítima;122,1;BR-116/RJ;Sul;Capotamento;;;1;;;;;;;;;;;1;
08/09/2010;10:49:00;18;sem vítima;101,8;BR-116/RJ;Sul;Colisão traseira;3;;;;;;;;;;3;;;;
08/09/2010;19:07:00;45;com vítima;134,01;BR-116/RJ;Norte;Atropel. de pedestre atravessando;1;;;;;;;;;;;;;;1
08/09/2010;21:36:00;51;com vítima;91,8;BR-116/RJ;Sul;Queda de moto;;;;1;;;;;;;;1;;;
09/09/2010;11:12:00;14;sem vítima;142,8;BR-116/RJ;Norte;Abalroamento longitudinal;2;;;;;;;;;;2;;;;
10/09/2010;21:50:00;40;com vítima;76,9;BR-116/RJ;Sul;Abalroamento longitudinal;1;;1;;;;;;;;1;1;;;
10/09/2010;22:12:00;42;sem vítima;72,4;BR-116/RJ;Sul;Queda de carga;;;1;;;;;;;;1;;;;
11/09/2010;04:42:00;4;com vítima;79,4;BR-116/RJ;Norte;Colisão frontal;2;;;;;;;;;;;;3;;
11/09/2010;06:39:00;8;com vítima;122,4;BR-116/RJ;Norte;Colisão traseira;1;;1;;;;;;;;1;3;2;;
12/09/2010;15:43:00;25;com vítima;130,5;BR-116/RJ;Sul;Derrapagem;1;;;;;;;;;;;1;;;
12/09/2010;19:28:00;39;com vítima;92;BR-116/RJ;Norte;Queda de moto;;;;1;;;;;;;1;1;;;
12/09/2010;20:35:00;42;com vítima;66;BR-116/RJ;Norte;Atropelamento de animal;1;;;;;;;;;;;3;;;
12/09/2010;23:00:00;49;com vítima;130,1;BR-116/RJ;Sul;Abalroamento longitudinal;1;;;;;;;;;;3;1;;;
13/09/2010;06:55:00;10;sem vítima;137,85;BR-116/RJ;Norte;Choque em defensa;1;;;;;;;;;;1;;;;
13/09/2010;07:10:00;11;sem vítima;143,85;BR-116/RJ;Sul;Colisão traseira;;;1;;1;;;;;;23;;;;
13/09/2010;15:27:00;34;sem vítima;133,5;BR-116/RJ;Sul;Colisão traseira;1;;;;1;;;;;;29;;;;
13/09/2010;16:53:00;37;sem vítima;117,8;BR-116/RJ;Norte;Derrapagem;1;;;;;;;;;;1;;;;
13/09/2010;17:42:00;39;com vítima;107,2;BR-116/RJ;Norte;Queda de moto;;;;1;;;;;;;;;1;;
14/09/2010;08:30:00;12;com vítima;53,4;BR-116/RJ;Sul;Choque em defensa;1;;;;;;;;;;2;1;;;
14/09/2010;13:56:00;25;sem vítima;101,8;BR-116/RJ;Sul;Derrapagem;;;1;;;;;;;;1;;;;
14/09/2010;14:13:00;26;com vítima;126,5;BR-116/RJ;Norte;Colisão traseira;2;;;;;;;;;;;2;;;
14/09/2010;16:16:00;33;com vítima;101,7;BR-116/RJ;Sul;Derrapagem;1;;;;;;;;;;;3;;;
14/09/2010;17:30:00;36;sem vítima;101,3;BR-116/RJ;Sul;Abalroamento longitudinal;1;;1;;;;;;;;2;;;;
14/09/2010;18:22:00;38;sem vítima;143,7;BR-116/RJ;Norte;Abalroamento longitudinal;2;;;;;;;;;;2;;;;
15/09/2010;06:35:00;5;com vítima;72,9;BR-116/RJ;Sul;Abalroamento longitudinal;1;;1;;;;;;;;1;1;;;
15/09/2010;07:35:00;8;sem vítima;133,5;BR-116/RJ;Norte;Choque em objeto fixo;;;1;;;;;;;;1;;;;
15/09/2010;14:36:00;24;sem vítima;128,5;BR-116/RJ;Sul;Abalroamento longitudinal;1;;1;;;;;;;;2;;;;
15/09/2010;20:53:00;34;com vítima;99,3;BR-116/RJ;Sul;Abalroamento longitudinal;2;;;;;;;;;;2;2;;;
16/09/2010;05:46:00;5;sem vítima;143,2;BR-116/RJ;Sul;Colisão traseira;2;;1;;1;;;;;;4;;;;
16/09/2010;09:51:00;13;sem vítima;89,3;BR-116/RJ;Norte;Choque em objeto fixo;1;;;;;;;;;;1;;;;
16/09/2010;16:26:00;35;sem vítima;137;BR-116/RJ;Sul;Abalroamento longitudinal;;;1;;1;;;;;;9;;;;
17/09/2010;11:45:00;25;sem vítima;99,95;BR-116/RJ;Norte;Colisão traseira;1;;;;1;;;;;;2;;;;
17/09/2010;15:33:00;35;com vítima;114,5;BR-116/RJ;Sul;Colisão traseira;2;;;;;;;;;;1;1;;;
17/09/2010;17:22:00;45;com vítima;38,9;BR-116/RJ;Norte;Queda de moto;;;;1;1;;;;;;2;3;;;
18/09/2010;01:27:00;2;sem vítima;144;BR-116/RJ;Sul;Choque em barreira New Jersey ;;;1;;;;;;;;1;;;;
18/09/2010;04:39:00;5;sem vítima;144;BR-116/RJ;Norte;Derrapagem;1;;;;;;;;;;3;;;;
18/09/2010;09:49:00;12;sem vítima;85,95;BR-116/RJ;Sul;Derrapagem;1;;;;;;;;;;1;;;;
18/09/2010;11:48:00;18;sem vítima;101,15;BR-116/RJ;Sul;Derrapagem;1;;;;;;;;;;1;;;;
18/09/2010;15:52:00;25;sem vítima;129,2;BR-116/RJ;Norte;Colisão traseira;4;;;;;;;;;;7;;;;
18/09/2010;18:33:00;27;sem vítima;140,5;BR-116/RJ;Norte;Colisão traseira;2;;1;;;;;;;;3;;;;
18/09/2010;19:02:00;31;com vítima;136,95;BR-116/RJ;Norte;Abalroamento longitudinal;1;;;;;;;;;;1;;;;1
19/09/2010;05:09:00;7;sem vítima;95,3;BR-116/RJ;Norte;Choque em objeto fixo;1;;;;;;;;;;1;;;;
19/09/2010;16:50:00;26;sem vítima;91,65;BR-116/RJ;Sul;Colisão traseira;2;;;;;;;;;;2;;;;
19/09/2010;16:50:00;29;sem vítima;91,6;BR-116/RJ;Sul;Colisão traseira;2;;;;;;;;;;4;;;;
20/09/2010;19:08:00;40;sem vítima;138,9;BR-116/RJ;Norte;Abalroamento longitudinal;1;;1;;;;;;;;2;;;;
21/09/2010;09:10:00;12;sem vítima;101,02;BR-116/RJ;Norte;Colisão traseira;1;;;;1;;;;;;50;;;;
22/09/2010;08:06:00;11;sem vítima;101,2;BR-116/RJ;Norte;Colisão traseira;3;;;;;;;;;;3;;;;
22/09/2010;16:48:00;43;com vítima;83,8;BR-116/RJ;Sul;Atropel. de pedestre atravessando;1;;;;;;;;;;1;;1;;
24/09/2010;06:30:00;4;com vítima;136,1;BR-116/RJ;Sul;Derrapagem;1;;;;;;;;;;;1;;;
24/09/2010;09:05:00;13;com vítima;26,4;BR-116/RJ;Sul;Capotamento;;;1;;;;;;;;;;2;;
24/09/2010;15:47:00;30;com vítima;143,9;BR-116/RJ;Sul;Colisão traseira;2;;;;;;;;;;1;1;;;
24/09/2010;18:36:00;36;com vítima;83,8;BR-116/RJ;Sul;Abalroamento longitudinal;1;;;1;;;;;;;1;;1;1;
24/09/2010;18:35:00;37;sem vítima;133,5;BR-116/RJ;Sul;Abalroamento longitudinal;1;;1;;;;;;;;2;;;;
24/09/2010;21:47:00;51;com vítima;75,4;BR-116/RJ;Norte;Choque em objeto fixo;1;;;;;;;;;;;1;;;
24/09/2010;22:43:00;53;com vítima;53,5;BR-116/RJ;Sul;Capotamento;1;;;;;;;;;;;;1;;
25/09/2010;08:31:00;13;sem vítima;23;BR-116/RJ;Norte;Choque em objeto fixo;1;;;;;;;;;;1;;;;
25/09/2010;12:24:00;23;com vítima;124,8;BR-116/RJ;Sul;Choque em objeto fixo;1;;;;;;;;;;;1;;;
25/09/2010;13:54:00;25;sem vítima;138;BR-116/RJ;Norte;Choque em objeto fixo;1;;;;;;;;;;1;;;;
25/09/2010;14:39:00;30;sem vítima;114,3;BR-116/RJ;Norte;Derrapagem;1;;;;;;;;;;1;;;;
25/09/2010;15:39:00;31;com vítima;101,8;BR-116/RJ;Norte;Colisão traseira;1;;1;;;;;;;;;3;;;
25/09/2010;22:25:00;48;com vítima;13,2;BR-116/RJ;Norte;Atropelamento de animal;1;;;;;;;;;;;2;;;
26/09/2010;01:37:00;4;sem vítima;95,95;BR-116/RJ;Sul;Derrapagem;1;;;;;;;;;;1;;;;
26/09/2010;01:45:00;5;com vítima;137,8;BR-116/RJ;Norte;Choque em defensa;1;;;;;;;;;;;1;;;
26/09/2010;07:45:00;10;sem vítima;92,7;BR-116/RJ;Sul;Choque em objeto fixo;1;;;;;;;;;;2;;;;
26/09/2010;13:46:00;23;com vítima;79,8;BR-116/RJ;Sul;Choque em objeto fixo;1;;;;;;;;;;;3;;;
26/09/2010;16:47:00;32;sem vítima;125,6;BR-116/RJ;Norte;Capotamento;;;1;;;;;;;;1;;;;
26/09/2010;18:40:00;40;com vítima;104,3;BR-116/RJ;Norte;Abalroamento transversal;3;;;;;;;;;;2;3;;;
26/09/2010;23:50:00;52;sem vítima;125,3;BR-116/RJ;Sul;Derrapagem;1;;;;;;;;;;3;;;;
27/09/2010;10:03:00;13;com vítima;53,15;BR-116/RJ;Sul;Derrapagem;1;;;;;;;;;;;1;;;
28/09/2010;07:45:00;7;com vítima;141,9;BR-116/RJ;Norte;Atropel. de pedestre atravessando;1;;;;;;;;;;1;;;;1
28/09/2010;07:56:00;8;com vítima;142;BR-116/RJ;Norte;Abalroamento transversal;;1;;1;;;;;;;1;;1;;
28/09/2010;08:59:00;11;sem vítima;72,05;BR-116/RJ;Sul;Derrapagem;1;;;;;;;;;;3;;;;
28/09/2010;10:50:00;24;sem vítima;26,2;BR-116/RJ;Sul;Choque em objeto fixo;1;;;;;;;;;;5;;;;
29/09/2010;08:28:00;10;sem vítima;134,2;BR-116/RJ;Norte;Atropelamento de animal;1;;;;;;;;;;1;;;;
29/09/2010;10:29:00;15;sem vítima;101,7;BR-116/RJ;Sul;Choque em objeto fixo;1;;;;;;;;;;1;;;;
30/09/2010;04:33:00;4;sem vítima;134,4;BR-116/RJ;Norte;Atropelamento de animal;1;;;;;;;;;;1;;;;
30/09/2010;12:41:00;28;com vítima;60,9;BR-116/RJ;Sul;Choque em objeto fixo;1;;;;;;;;;;;1;;;
30/09/2010;17:12:00;45;sem vítima;137,4;BR-116/RJ;Sul;Abalroamento longitudinal;1;;1;;;;;;;;2;;;;
01/10/2010;10:40:00;10;sem vítima;127;BR-116/RJ;Norte;Colisão traseira;1;;1;;;;;;;;2;;;;
01/10/2010;15:46:00;23;com vítima;10,5;BR-116/RJ;Norte;Colisão frontal;2;;;;1;;;;;;5;2;;;
01/10/2010;16:59:00;26;sem vítima;143,4;BR-116/RJ;Sul;Colisão traseira;2;;;;;;;;;;2;;;;
01/10/2010;19:01:00;31;sem vítima;116,7;BR-116/RJ;Norte;Derrapagem;1;;;;;;;;;;1;;;;
01/10/2010;19:15:00;33;sem vítima;92,3;BR-116/RJ;Norte;Colisão traseira;2;;;;;;;;;;2;;;;
01/10/2010;20:15:00;35;sem vítima;142,5;BR-116/RJ;Norte;Abalroamento longitudinal;1;;1;;;;;;;;2;;;;
02/10/2010;00:01:00;1;sem vítima;143,4;BR-116/RJ;Sul;Colisão traseira;2;;;;;;;;;;3;;;;
02/10/2010;08:54:00;15;sem vítima;99,5;BR-116/RJ;Norte;Colisão traseira;2;;;;;;;;;;2;;;;
02/10/2010;10:36:00;17;com vítima;135,5;BR-116/RJ;Sul;Derrapagem;1;;;;;;;;;;1;1;;;
02/10/2010;11:27:00;21;com vítima;126,2;BR-116/RJ;Sul;Colisão traseira;;1;1;;;;;;;;1;;;1;
02/10/2010;16:28:00;46;sem vítima;97;BR-116/RJ;Norte;Abalroamento longitudinal;1;;1;;;;;;;;2;;;;
02/10/2010;19:25:00;54;com vítima;137,3;BR-116/RJ;Norte;Abalroamento transversal;1;1;;;;;;;;;1;1;;;
03/10/2010;05:30:00;7;com vítima;17,9;BR-116/RJ;Sul;Queda de moto;;;;1;;;;;;;;;1;;
03/10/2010;07:32:00;12;sem vítima;118,2;BR-116/RJ;Norte;Derrapagem;1;;;;;;;;;;1;;;;
03/10/2010;13:23:00;21;com vítima;110,9;BR-116/RJ;Sul;Choque em defensa;1;;;;;;;;;;1;1;;;
03/10/2010;15:42:00;23;sem vítima;65,8;BR-116/RJ;Sul;Atropel. de pedestre atravessando;1;;;;;;;;;;;;;;
03/10/2010;15:15:00;25;sem vítima;96,3;BR-116/RJ;Norte;Abalroamento longitudinal;2;;;;;;;;;;;;;;
05/10/2010;00:37:00;1;sem vítima;143,1;BR-116/RJ;Sul;Colisão traseira;1;;;;1;;;;;;12;;;;
05/10/2010;07:08:00;6;sem vítima;100,7;BR-116/RJ;Sul;Colisão traseira;2;;;;;;;;;;2;;;;
05/10/2010;12:50:00;21;sem vítima;118;BR-116/RJ;Norte;Derrapagem;1;;;;;;;;;;1;;;;
06/10/2010;07:00:00;5;sem vítima;113,9;BR-116/RJ;Sul;Colisão traseira;1;;1;;;;;;;;2;;;;
06/10/2010;10:12:00;19;sem vítima;133,4;BR-116/RJ;Norte;Abalroamento longitudinal;2;;;;;;;;;;2;;;;
06/10/2010;12:10:00;29;sem vítima;48;BR-116/RJ;Norte;Colisão traseira;1;;1;;;;;;;;2;;;;
06/10/2010;22:45:00;52;com vítima;91,6;BR-116/RJ;Norte;Derrapagem;1;;;;;;;;;;;;3;;
06/10/2010;23:56:00;55;sem vítima;101,4;BR-116/RJ;Sul;Colisão traseira;;;2;;;;;;;;2;;;;
07/10/2010;12:38:00;17;sem vítima;143,85;BR-116/RJ;Sul;Abalroamento longitudinal;1;;;;1;;;;;;2;;;;
07/10/2010;15:20:00;24;com vítima;26,3;BR-116/RJ;Sul;Derrapagem;1;;;;;;;;;;;1;;;
07/10/2010;16:36:00;28;sem vítima;90;BR-116/RJ;Sul;Choque em objeto fixo;1;;;;;;;;;;1;;;;
07/10/2010;17:05:00;29;sem vítima;100,2;BR-116/RJ;Sul;Colisão traseira;2;;1;;;;;;;;3;;;;
07/10/2010;22:20:00;52;com vítima;76,3;BR-116/RJ;Norte;Atropel. de pedestre atravessando;;;;1;;;;;;;;1;;1;
08/10/2010;01:47:00;5;sem vítima;124,6;BR-116/RJ;Sul;Atropelamento de animal;1;;;;;;;;;;1;;;;
08/10/2010;10:35:00;16;sem vítima;143;BR-116/RJ;Norte;Abalroamento longitudinal;2;;;;;;;;;;2;;;;
08/10/2010;20:12:00;50;com vítima;27,6;BR-116/RJ;Sul;Capotamento;;;1;;;;;;;;;;;2;
09/10/2010;06:00:00;8;com vítima;140,1;BR-116/RJ;Norte;Choque em defensa;;;;1;;;;;;;;;;;2
09/10/2010;07:51:00;14;com vítima;106,5;BR-116/RJ;Sul;Capotamento;1;;;;;;;;;;3;;;2;
09/10/2010;17:36:00;45;sem vítima;122;BR-116/RJ;Sul;Abalroamento longitudinal;1;;1;;;;;;;;2;;;;
10/10/2010;00:49:00;2;com vítima;136,7;BR-116/RJ;Sul;Abalroamento longitudinal;1;;1;;;;;;;;1;;2;;
10/10/2010;19:52:00;27;com vítima;2,4;BR-116/RJ;Sul;Abalroamento longitudinal;2;;;;;;;;;;1;1;;;
10/10/2010;20:01:00;29;com vítima;66,5;BR-116/RJ;Sul;Derrapagem;;;;1;;;;;;;;1;;;
10/10/2010;20:26:00;30;com vítima;101,05;BR-116/RJ;Sul;Colisão frontal;2;;;;;;;;;;;1;2;;
11/10/2010;10:26:00;9;sem vítima;107,7;BR-116/RJ;Sul;Atropelamento de animal;1;;;;;;;;;;3;;;;
11/10/2010;17:13:00;16;sem vítima;97;BR-116/RJ;Norte;Colisão traseira;2;;;;;;;;;;2;;;;
11/10/2010;18:41:00;20;sem vítima;135,1;BR-116/RJ;Norte;Choque em defensa;1;;;;;;;;;;1;;;;
11/10/2010;20:54:00;29;com vítima;101,2;BR-116/RJ;Sul;Colisão traseira;;;2;;;;;;;;3;1;;;
12/10/2010;19:15:00;53;sem vítima;139,5;BR-116/RJ;Norte;Colisão traseira;2;;;;;;;;;;2;;;;
13/10/2010;05:39:00;7;sem vítima;100,6;BR-116/RJ;Sul;Colisão traseira;2;;;;1;;;;;;3;;;;
13/10/2010;06:15:00;8;sem vítima;143,3;BR-116/RJ;Sul;Colisão traseira;3;;;;;;;;;;3;;;;
13/10/2010;05:47:00;9;sem vítima;142,3;BR-116/RJ;Sul;Colisão traseira;2;;;;;;;;;;2;;;;
13/10/2010;12:55:00;22;sem vítima;95,7;BR-116/RJ;Norte;Choque em objeto fixo;1;;;;;;;;;;1;;;;
13/10/2010;12:50:00;24;sem vítima;94,6;BR-116/RJ;Norte;Colisão traseira;1;;1;;2;;;;;;37;;;;
13/10/2010;17:25:00;30;sem vítima;35;BR-116/RJ;Sul;Queda de moto;;;;1;;;;;;;1;;;;
13/10/2010;20:49:00;34;com vítima;7,4;BR-116/RJ;Norte;Capotamento;;;1;;;;;;;;;1;;;
13/12/2010;17:00:00;58;com vítima;118,95;BR-116/RJ;Norte;derrapagem;1;;;;;;;;;;;1;;;
14/10/2010;02:14:00;3;com vítima;128;BR-116/RJ;Norte;Derrapagem;1;;;;;;;;;;;1;;;
14/10/2010;12:40:00;25;sem vítima;133,5;BR-116/RJ;Norte;Colisão traseira;2;;;;;;;;;;2;;;;
14/10/2010;16:19:00;27;sem vítima;66;BR-116/RJ;Sul;Atropelamento de animal;1;;;;;;;;;;1;;;;
15/10/2010;10:56:00;22;sem vítima;105;BR-116/RJ;Sul;Queda de carga;;;1;;;;;;;;1;;;;
15/10/2010;20:26:00;62;sem vítima;90;BR-116/RJ;Norte;Colisão traseira;2;;;;;;;;;;2;;;;
16/10/2010;07:06:00;10;com vítima;75,8;BR-116/RJ;Norte;Capotamento;;;1;;;;;;;;;1;;;
16/10/2010;10:25:00;20;com vítima;93,07;BR-116/RJ;Sul;Abalroamento longitudinal;1;;1;;;;;;;;;2;;;
16/10/2010;17:53:00;50;sem vítima;93,5;BR-116/RJ;Sul;Abalroamento longitudinal;1;;1;;2;;;;;;40;;;;
17/10/2010;05:55:00;6;com vítima;135,9;BR-116/RJ;Sul;Atropelamento de animal;;;;1;;;;;;;;2;;;
17/10/2010;05:55:00;7;sem vítima;136;BR-116/RJ;Norte;Colisão traseira;;;2;;;;;;;;2;;;;
17/10/2010;06:30:00;8;sem vítima;24,1;BR-116/RJ;Norte;Queda de carga;;;1;;;;;;;;1;;;;
17/10/2010;15:30:00;24;com vítima;142,7;BR-116/RJ;Norte;Choque em objeto fixo;;;;1;;;;;;;;;;1;
17/10/2010;17:50:00;25;sem vítima;132,5;BR-116/RJ;Sul;Abalroamento longitudinal;1;;1;;;;;;;;2;;;;
17/10/2010;20:40:00;38;com vítima;93,75;BR-116/RJ;Norte;Queda de moto;;;;1;;;;;;;;1;;;
17/10/2010;21:07:00;40;sem vítima;109,8;BR-116/RJ;Norte;Choque em objeto fixo;1;;;;;;;;;;;;;;
18/10/2010;12:54:00;21;sem vítima;118,1;BR-116/RJ;Norte;Abalroamento longitudinal;2;;;;;;;;;;2;;;;
18/10/2010;13:20:00;23;sem vítima;105,7;BR-116/RJ;Sul;Derrapagem;1;;;;;;;;;;1;;;;
18/10/2010;16:08:00;29;sem vítima;118,1;BR-116/RJ;Norte;derrapagem;1;;;;;;;;;;1;;;;
19/10/2010;15:48:00;23;sem vítima;143,8;BR-116/RJ;Sul;Abalroamento longitudinal;1;;1;;;;;;;;2;;;;
20/10/2010;15:37:00;29;sem vítima;99,3;BR-116/RJ;Norte;Colisão traseira;1;;1;;;;;;;;3;;;;
20/10/2010;15:55:00;31;sem vítima;144;BR-116/RJ;Sul;Capotamento;1;;;;;;;;;;1;;;;
21/10/2010;12:00:00;15;com vítima;142,4;BR-116/RJ;Norte;Abalroamento longitudinal;2;;;;;;;;;;1;1;;;
22/10/2010;10:36:00;11;com vítima;67;BR-116/RJ;Sul;Abalroamento transversal;2;;;;;;;;;;;1;1;;
22/10/2010;12:00:00;19;sem vítima;100;BR-116/RJ;Sul;Colisão traseira;;;;;;;;;;;;;;;
22/10/2010;17:17:00;31;com vítima;138,3;BR-116/RJ;Sul;Colisão traseira;2;;;;;;;;;;1;2;;;
22/10/2010;17:27:00;32;com vítima;99,5;BR-116/RJ;Sul;Capotamento;;;1;;;;;;;;;;3;;
23/10/2010;07:05:00;9;com vítima;101,3;BR-116/RJ;Norte;Colisão traseira;4;;;;;;;;;;4;;1;;
23/10/2010;10:36:00;18;com vítima;144;BR-116/RJ;Sul;Choque em barreira New Jersey ;;;;;1;;;;;;13;1;21;;
23/10/2010;18:18:00;31;com vítima;38,5;BR-116/RJ;Sul;Abalroamento transversal;;;1;1;;;;;;;1;;;1;
23/10/2010;21:25:00;44;sem vítima;61,2;BR-116/RJ;Norte;Derrapagem;1;;;;;;;;;;1;;;;
23/10/2010;22:08:00;47;com vítima;46,9;BR-116/RJ;Sul;Abalroamento longitudinal;1;;;1;;;;;;;1;;;;1
24/10/2010;05:32:00;9;com vítima;122;BR-116/RJ;Norte;Derrapagem;1;;;;;;;;;;;1;;;
24/10/2010;09:47:00;11;sem vítima;53;BR-116/RJ;Norte;Derrapagem;1;;;;;;;;;;2;;;;
24/10/2010;15:38:00;28;sem vítima;92;BR-116/RJ;Sul;Colisão traseira;2;;;;;;;;;;6;;;;
24/10/2010;18:04:00;35;com vítima;49,45;BR-116/RJ;Sul;Choque em objeto fixo;;;;1;;;;;;;1;;1;;
24/10/2010;20:56:00;47;com vítima;78,3;BR-116/RJ;Norte;Colisão frontal;1;;;1;;;;;;;1;;2;;
25/10/2010;05:30:00;7;sem vítima;135;BR-116/RJ;Sul;Colisão traseira;1;;;;1;;;;;;;;;;
25/10/2010;18:50:00;35;com vítima;137,9;BR-116/RJ;Norte;Colisão traseira;1;;;;2;;;;;;2;1;;;
26/10/2010;05:30:00;3;com vítima;143;BR-116/RJ;Sul;Colisão traseira;2;;;;;;;;;;5;1;;;
26/10/2010;05:50:00;4;sem vítima;142,3;BR-116/RJ;Sul;Colisão traseira;3;;;;;;;;;;3;;;;
26/10/2010;05:52:00;5;sem vítima;142,6;BR-116/RJ;Sul;Colisão traseira;1;;1;;;;;;;;2;;;;
26/10/2010;07:25:00;9;com vítima;90,6;BR-116/RJ;Sul;Choque em objeto fixo;1;;;;;;;;;;;1;;;
26/10/2010;07:40:00;13;sem vítima;31;BR-116/RJ;Norte;Capotamento;1;;;;;;;;;;1;;;;
26/10/2010;17:15:00;28;com vítima;68,25;BR-116/RJ;Sul;Derrapagem;1;;;;;;;;;;;;6;;
28/10/2010;12:09:00;15;com vítima;82,7;BR-116/RJ;Sul;Colisão frontal;2;;;;;;;;;;;2;2;;
28/10/2010;16:16:00;27;com vítima;93,7;BR-116/RJ;Sul;Colisão traseira;1;;1;;;;;;;;;1;1;;
28/10/2010;05:17:00;3;com vítima;25,1;BR-116/RJ;Norte;Derrapagem;;;1;;;;;;;;;1;;;
28/10/2010;22:37:00;40;com vítima;76,8;BR-116/RJ;Sul;Queda de carga;;;1;;;;;;;;;1;;;
29/10/2010;15:30:00;19;com vítima;124,6;BR-116/RJ;Sul;Colisão traseira;2;;;;;;;;;;1;1;;;
29/10/2010;20:22:00;39;com vítima;106,2;BR-116/RJ;Norte;Abalroamento longitudinal;1;1;;;;;;;;;1;1;;;
29/10/2010;23:19:00;51;sem vítima;133,5;BR-116/RJ;Norte;Colisão traseira;2;;;;;;;;;;3;;;;
30/10/2010;03:01:00;7;sem vítima;87,1;BR-116/RJ;Norte;Derrapagem;1;;;;;;;;;;1;;;;
30/10/2010;09:40:00;15;com vítima;142,8;BR-116/RJ;Sul;Derrapagem;1;;;;;;;;;;;3;;;
30/10/2010;11:43:00;23;com vítima;114,9;BR-116/RJ;Sul;Abalroamento longitudinal;2;;;;;;;;;;;2;;;