data;horario;n_da_ocorrencia;tipo_de_ocorrencia;km;trecho;sentido;tipo_de_acidente;automovel;bicicleta;caminhao;moto;onibus;outros;tracao_animal;transporte_de_cargas_especiais;trator_maquinas;utilitarios;ilesos;levemente_feridos;moderadamente_feridos;gravemente_feridos;mortos
30/10/2010;16:08:00;40;com vítima;90,7;BR-116/RJ;Norte;Colisão traseira;2;;1;;;;;;;;3;1;;;
30/10/2010;17:47:00;45;com vítima;143,6;BR-116/RJ;Norte;Choque em barreira New Jersey ;;;;;;;;;;1;;2;;;
30/10/2010;18:45:00;48;com vítima;136,7;BR-116/RJ;Sul;Choque em defensa;;;1;;;;;;;;;1;;;
30/10/2010;19:57:00;50;com vítima;138,2;BR-116/RJ;Norte;Atropelamento de ciclista;1;1;;;;;;;;;;;1;;1
30/10/2010;19:58:00;53;sem vítima;32,5;BR-116/RJ;Sul;Derrapagem;1;;;;;;;;;;1;;;;
30/10/2010;20:51:00;54;sem vítima;24,4;BR-116/RJ;Norte;Derrapagem;1;;;;;;;;;;1;;;;
31/10/2010;11:20:00;16;com vítima;78,9;BR-116/RJ;Norte;Abalroamento longitudinal;1;;;1;;;;;;;1;;2;;
31/10/2010;13:03:00;20;sem vítima;122;BR-116/RJ;Sul;Colisão traseira;2;;;;;;;;;;2;;;;
31/10/2010;14:05:00;24;sem vítima;90,1;BR-116/RJ;Norte;Colisão traseira;4;;;;;;;;;;4;;;;
31/10/2010;19:10:00;38;sem vítima;110,5;BR-116/RJ;Sul;Derrapagem;1;;;;;;;;;;1;;;;
01/11/2010;12:21:00;23;sem vítima;101,9;BR-116/RJ;Sul;Colisão traseira;1;;1;;;;;;;;2;;;;
01/11/2010;13:15:00;25;com vítima;35,05;BR-116/RJ;Norte;Capotamento;1;;;;;;;;;;2;1;;;
02/11/2010;05:27:00;2;com vítima;123,3;BR-116/RJ;Sul;Choque em objeto fixo;1;;;;;;;;;;1;1;;;
02/11/2010;21:15:00;34;com vítima;79,9;BR-116/RJ;Norte;Colisão traseira;1;;;1;;;;;;;1;;1;;
03/11/2010;08:47:00;14;sem vítima;104,5;BR-116/RJ;Norte;Colisão traseira;1;;1;;;;;;;;35;;;;
03/11/2010;09:00:00;16;sem vítima;143,95;BR-116/RJ;Sul;Colisão traseira;1;;1;;;;;;;;2;;;;
04/11/2010;01:45:00;2;com vítima;24,1;BR-116/RJ;Norte;Capotamento;;;1;;;;;;;;;1;;;
04/11/2010;15:40:00;28;com vítima;30;BR-116/RJ;Norte;Derrapagem;;;1;;;;;;;;;;1;;
04/11/2010;13:49:00;31;sem vítima;30,1;BR-116/RJ;Norte;Choque em objeto fixo;;;1;;;;;;;;1;;;;
06/11/2010;11:11:00;16;com vítima;63,15;BR-116/RJ;Sul;Derrapagem;1;;;;;;;;;;;3;;;
06/11/2010;11:22:00;17;com vítima;133,8;BR-116/RJ;Sul;Choque em objeto fixo;1;;;;;;;;;;;2;;;
06/11/2010;13:51:00;24;com vítima;28,5;BR-116/RJ;Norte;Choque em objeto fixo;1;;;;;;;;;;;1;;;
06/11/2010;14:09:00;27;com vítima;114,3;BR-116/RJ;Sul;Colisão traseira;1;;1;;;;;;;;1;2;;;
06/11/2010;19:51:00;42;com vítima;106,7;BR-116/RJ;Norte;Colisão frontal;1;;;1;;;;;;;1;1;1;;
07/11/2010;01:13:00;4;com vítima;69,1;BR-116/RJ;Norte;Choque em objeto fixo;1;;;;;;;;;;;1;;;
07/11/2010;10:55:00;13;com vítima;136,5;BR-116/RJ;Norte;Choque em objeto fixo;1;;;;;;;;;;;1;;;
07/11/2010;10:58:00;14;com vítima;41,8;BR-116/RJ;Norte;Derrapagem;1;;;;;;;;;;;1;;;
07/11/2010;19:55:00;31;com vítima;139,6;BR-116/RJ;Norte;Choque em objeto fixo;1;;;;;;;;;;;2;;;
08/11/2010;15:35:00;24;sem vítima;132,5;BR-116/RJ;Sul;Derrapagem;1;;;;;;;;;;1;;;;
08/11/2010;19:36:00;33;com vítima;136,3;BR-116/RJ;Norte;Abalroamento transversal;;1;;1;;;;;;;1;;1;;
08/11/2010;19:57:00;36;sem vítima;97,5;BR-116/RJ;Sul;Derrapagem;;;1;;;;;;;;1;;;;
09/11/2010;06:25:00;8;com vítima;65,1;BR-116/RJ;Sul;Abalroamento longitudinal;;;2;;;;;;;;;1;1;;
09/11/2010;18:34:00;42;sem vítima;143,95;BR-116/RJ;Sul;Abalroamento longitudinal;;;2;;;;;;;;2;;;;
09/11/2010;20:42:00;51;sem vítima;139,1;BR-116/RJ;Norte;Colisão traseira;1;;1;;;;;;;;2;;;;
10/11/2010;00:42:00;1;sem vítima;104,8;BR-116/RJ;Sul;Colisão traseira;;;2;;;;;;;;2;;;;
10/11/2010;02:20:00;4;com vítima;111,7;BR-116/RJ;Sul;Atropel. de pedestre caminhando;1;;;;;;;;;;1;;;;1
10/11/2010;03:15:00;8;sem vítima;96,3;BR-116/RJ;Sul;Choque em objeto fixo;;;1;;;;;;;;1;;;;
10/11/2010;10:25:00;22;sem vítima;100,8;BR-116/RJ;Sul;Colisão traseira;1;;1;;;;;;;;2;;;;
10/11/2010;11:05:00;25;sem vítima;25,8;BR-116/RJ;Sul;Choque em barreira New Jersey ;1;;;;;;;;;;1;;;;
10/11/2010;12:57:00;28;com vítima;122;BR-116/RJ;Norte;Colisão traseira;1;;;;1;;;;;;38;2;;;
10/11/2010;14:45:00;35;com vítima;123,95;BR-116/RJ;Norte;Choque em defensa;1;;;;;;;;;;;2;;;
10/11/2010;19:45:00;48;sem vítima;95,4;BR-116/RJ;Norte;Abalroamento longitudinal;1;;1;;;;;;;;2;;;;
11/11/2010;07:59:00;5;sem vítima;137,3;BR-116/RJ;Sul;Choque em objeto fixo;1;;;;;;;;;;1;;;;
12/11/2010;00:45:00;1;com vítima;91,8;BR-116/RJ;Sul;Choque em objeto fixo;1;;;;;;;;;;;1;;;
13/11/2010;05:57:00;5;sem vítima;95,8;BR-116/RJ;Norte;Choque em objeto fixo;1;;;;;;;;;;1;;;;
13/11/2010;09:52:00;16;com vítima;139,3;BR-116/RJ;Sul;Atropelamento em abrigo de ônibus;1;;;;;;;;;;1;;1;;
13/11/2010;10:40:00;18;sem vítima;133,5;BR-116/RJ;Norte;Colisão traseira;1;;1;;;;;;;;2;;;;
13/11/2010;13:44:00;30;com vítima;47,9;BR-116/RJ;Norte;Derrapagem;1;;;;;;;;;;;2;;;
13/11/2010;15:49:00;34;com vítima;140,05;BR-116/RJ;Sul;Choque em barreira New Jersey ;1;;;;;;;;;;1;1;;;
14/11/2010;13:50:00;18;com vítima;136;BR-116/RJ;Norte;Choque em barreira New Jersey ;1;;;;;;;;;;;3;;;
14/11/2010;15:56:00;21;sem vítima;122;BR-116/RJ;Sul;Colisão traseira;2;;;;;;;;;;3;;;;
14/11/2010;20:39:00;33;com vítima;123,9;BR-116/RJ;Norte;Colisão traseira;1;;;1;;;;;;;2;1;;;
14/11/2010;20:37:00;34;com vítima;72,8;BR-116/RJ;Sul;Derrapagem;1;;;;;;;;;;;1;;;
15/11/2010;05:33:00;6;sem vítima;106,9;BR-116/RJ;Norte;Choque em defensa;1;;;;;;;;;;1;;;;
15/11/2010;12:20:00;20;com vítima;89,5;BR-116/RJ;Sul;Colisão traseira;3;;;;;;;;;;;4;;;
15/11/2010;16:24:00;39;sem vítima;133,5;BR-116/RJ;Sul;Colisão traseira;2;;;;;;;;;;4;;;;
15/11/2010;19:53:00;63;sem vítima;138,2;BR-116/RJ;Sul;Colisão traseira;2;;;;;;;;;;4;;;;
16/11/2010;05:40:00;8;sem vítima;137,8;BR-116/RJ;Sul;Colisão traseira;2;;;;1;;;;;;81;;;;
16/11/2010;15:43:00;39;com vítima;137,5;BR-116/RJ;Sul;Derrapagem;1;;;;;;;;;;;1;;;
16/11/2010;17:28:00;45;sem vítima;66,5;BR-116/RJ;Sul;Abalroamento longitudinal;1;;;;1;;;;;;2;;;;
16/11/2010;20:17:00;49;sem vítima;49,2;BR-116/RJ;Sul;Choque em barreira New Jersey ;1;;;;;;;;;;3;;;;
16/11/2010;09:44:00;127,5;com vítima;127,5;BR-116/RJ;Norte;Colisão traseira;;;;;2;;;;;;63;4;;;
17/11/2010;02:55:00;4;com vítima;5,9;BR-116/RJ;Sul;Capotamento;;;1;;;;;;;;;1;;;
17/11/2010;17:30:00;33;com vítima;53,2;BR-116/RJ;Sul;Queda de Moto;;;;2;;;;;;;;;3;;
17/11/2010;18:50:00;36;sem vítima;137,4;BR-116/RJ;Sul;Colisão traseira;1;;1;;;;;;;;3;;;;
18/11/2010;15:05:00;22;com vítima;12,5;BR-116/RJ;Sul;Choque em objeto fixo;1;;;;;;;;;;1;2;;;
18/11/2010;16:05:00;23;com vítima;134,3;BR-116/RJ;Sul;Choque em objeto fixo;1;;1;;;;;;;;1;2;;;
19/11/2010;08:50:00;14;sem vítima;101,07;BR-116/RJ;Norte;Colisão traseira;1;;1;;;;;;;;3;;;;
19/11/2010;09:06:00;19;sem vítima;138;BR-116/RJ;Sul;Colisão traseira;1;;1;;;;;;;;2;;;;
19/11/2010;14:25:00;32;sem vítima;100,8;BR-116/RJ;Norte;Colisão traseira;2;;;;;;;;;;6;;;;
19/11/2010;14:25:00;33;sem vítima;133,5;BR-116/RJ;Sul;Colisão traseira;1;;;;1;;;;;;7;;;;
19/11/2010;16:25:00;41;sem vítima;101;BR-116/RJ;Sul;Colisão traseira;1;;1;;;;;;;;6;;;;
19/11/2010;22:58:00;74;com vítima;83,9;BR-116/RJ;Norte;Capotamento;;;1;;;;;;;;;2;;;
20/11/2010;05:07:00;4;sem vítima;98,9;BR-116/RJ;Sul;Choque em objeto fixo;;;1;;;;;;;;1;;;;
20/11/2010;06:14:00;6;sem vítima;125,7;BR-116/RJ;Norte;Colisão traseira;2;;;;;;;;;;2;;;;
20/11/2010;08:57:00;16;sem vítima;100,4;BR-116/RJ;Norte;Colisão traseira;;;;;2;;;;;;84;;;;
20/11/2010;11:51:00;27;sem vítima;143,8;BR-116/RJ;Sul;Colisão traseira;3;;;;;;;;;;8;;;;
20/11/2010;17:16:00;54;com vítima;104,75;BR-116/RJ;Sul;Abalroamento longitudinal;2;;;;;;;;;;;4;;;
21/11/2010;00:04:00;1;com vítima;127,1;BR-116/RJ;Sul;Colisão traseira;;;;1;;;;;;;;;2;;
21/11/2010;04:32:00;11;sem vítima;126,5;BR-116/RJ;Norte;Choque em objeto fixo;1;;;;;;;;;;3;;;;
21/11/2010;06:41:00;13;com vítima;129,1;BR-116/RJ;Sul;Colisão traseira;1;;1;;;;;;;;1;2;;;
21/11/2010;09:48:00;20;sem vítima;115,3;BR-116/RJ;Sul;Derrapagem;1;;;;;;;;;;1;;;;
21/11/2010;12:56:00;27;com vítima;128,6;BR-116/RJ;Sul;Capotamento;1;;;;;;;;;;;4;;;
21/11/2010;13:01:00;28;sem vítima;72;BR-116/RJ;Sul;Queda de Moto;1;;;;;;;;;;2;;;;
21/11/2010;13:56:00;31;sem vítima;117,5;BR-116/RJ;Norte;Choque em objeto fixo;1;;;;;;;;;;2;;;;
21/11/2010;18:18:00;39;sem vítima;127,1;BR-116/RJ;Norte;Derrapagem;1;;;;1;;;;;;2;;;;
23/11/2010;08:03:00;7;com vítima;75;BR-116/RJ;Sul;Queda de moto;;;;1;;;;;;;;;1;;
23/11/2010;23:20:00;36;com vítima;5,7;BR-116/RJ;Sul;Derrapagem;;;1;;;;;;;;;2;;;
24/11/2010;16:12:00;30;com vítima;78,2;BR-116/RJ;Norte;Colisão frontal;1;;;1;;;;;;;1;;1;;
24/11/2010;20:25:00;37;sem vítima;122,3;BR-116/RJ;Sul;Derrapagem;1;;;;;;;;;;1;;;;
25/11/2010;09:26:00;14;com vítima;81,6;BR-116/RJ;Sul;Derrapagem;;;1;;;;;;;;2;1;;;
25/11/2010;18:21:00;45;com vítima;94,1;BR-116/RJ;Sul;Abalroamento longitudinal;1;;1;;;;;;;;3;1;;;
25/11/2010;21:43:00;56;com vítima;123,4;BR-116/RJ;Norte;Choque em objeto fixo;1;;;;;;;;;;;2;;;
25/11/2010;22:08:00;58;sem vítima;123,5;BR-116/RJ;Norte;Colisão traseira;1;;1;;;;;;;;2;;;;
26/11/2010;13:45:00;21;com vítima;123,5;BR-116/RJ;Sul;Choque em veículo parado na pista;1;;1;;;;;;;;;1;1;;
26/11/2010;14:25:00;22;sem vítima;140,1;BR-116/RJ;Sul;Abalroamento longitudinal;2;;;;;;;;;;2;;;;
26/11/2010;22:27:00;44;sem vítima;123;BR-116/RJ;Norte;Choque em objeto fixo;1;;;;;;;;;;1;;;;
27/11/2010;02:38:00;4;com vítima;103,8;BR-116/RJ;Sul;Derrapagem;1;;;;;;;;;;;1;3;;1
27/11/2010;03:22:00;5;com vítima;98,7;BR-116/RJ;Norte;Atropel. de pedestre caminhando;1;;;;;;;;;;1;;1;;
27/11/2010;03:34:00;6;com vítima;79,3;BR-116/RJ;Sul;Abalroamento transversal;2;;;;;;;;;;1;2;;;
27/11/2010;11:05:00;20;com vítima;122,5;BR-116/RJ;Sul;Colisão traseira;2;;;;;;;;;;;9;1;;
27/11/2010;15:41:00;35;com vítima;79,5;BR-116/RJ;Norte;Atropel. de pedestre caminhando;;;1;;;;;;;;1;;1;;1
28/11/2010;02:00:00;3;sem vítima;110,9;BR-116/RJ;Norte;Atropelamento de animal;1;;;;;;;;;;2;;;;
28/11/2010;11:38:00;17;com vítima;88,9;BR-116/RJ;Sul;Abalroamento longitudinal;;;;2;;;;;;;;;2;;
29/11/2010;02:30:00;2;com vítima;128,7;BR-116/RJ;Sul;Derrapagem;1;;;;;;;;;;;;;1;
29/11/2010;06:19:00;3;com vítima;138,3;BR-116/RJ;Sul;Abalroamento longitudinal;;;;1;1;;;;;;55;;1;;
29/11/2010;20:55:00;56;com vítima;111,3;BR-116/RJ;Norte;Colisão frontal;1;;;1;;;;;;;1;;1;;
30/11/2010;02:35:00;5;com vítima;26,8;BR-116/RJ;Sul;Derrapagem;;;1;;;;;;;;;1;;;
30/11/2010;07:03:00;7;com vítima;142,7;BR-116/RJ;Sul;Choque em objeto fixo;1;;;;;;;;;;;;;;1
30/11/2010;16:47:00;32;com vítima;27;BR-116/RJ;Norte;Queda de moto;;;;1;;;;;;;;2;;;
01/12/2010;02:05:00;4;sem vítima;31,6;BR-116/RJ;Norte;Abalroamento longitudinal;1;;;;;;;;;;1;;;;
01/12/2010;07:26:00;7;sem vítima;53,3;BR-116/RJ;Norte;Abalroamento longitudinal;1;;2;;;;;;;;3;;;;
01/12/2010;09:32:00;16;com vítima;106;BR-116/RJ;Sul;Derrapagem;1;;;;;;;;;;;1;;;
02/12/2010;08:45:00;11;com vítima;127,615;BR-116/RJ;Norte;Colisão traseira;;;1;;1;;;;;;54;6;;;
02/12/2010;12:52:00;24;com vítima;141,9;BR-116/RJ;Norte;Atropel. de pedestre atravessando;1;;;;;;;;;;1;;;1;
02/12/2010;13:36:00;25;sem vítima;96,9;BR-116/RJ;Norte;Colisão traseira;2;;;;;;;;;;4;;;;
02/12/2010;15:45:00;34;sem vítima;53,4;BR-116/RJ;Norte;Derrapagem;1;;;;;;;;;;1;;;;
02/12/2010;15:58:00;35;sem vítima;29,2;BR-116/RJ;Norte;Choque em objeto fixo;1;;;;;;;;;;1;;;;
02/12/2010;16:15:00;37;com vítima;119,1;BR-116/RJ;Norte;Queda de moto;;;;1;;;;;;;;;1;;
03/12/2010;15:10:00;29;sem vítima;75,8;BR-116/RJ;Norte;Derrapagem;1;;;;;;;;;;1;;;;
04/12/2010;11:50:00;19;com vítima;130,3;BR-116/RJ;Sul;Derrapagem;1;;;;;;;;;;;2;;;
04/12/2010;19:48:00;41;sem vítima;98,3;BR-116/RJ;Norte;Abalroamento longitudinal;2;;;;;;;;;;2;;;;
04/12/2010;22:16:00;52;com vítima;144;BR-116/RJ;Sul;Choque em objeto fixo;1;;;;;;;;;;;1;;;
04/12/2010;22:45:00;53;com vítima;13,6;BR-116/RJ;Norte;Choque em objeto fixo;;;;1;;;;;;;;2;;;
05/12/2010;00:50:00;5;sem vítima;140,7;BR-116/RJ;Norte;Derrapagem;1;;;;;;;;;;1;;;;
05/12/2010;18:15:00;47;sem vítima;133,5;BR-116/RJ;Sul;Colisão traseira;2;;;;;;;;;;2;;;;
05/12/2010;18:36:00;49;sem vítima;141;BR-116/RJ;Sul;Abalroamento longitudinal;2;;;;;;;;;;2;;;;
05/12/2010;23:10:00;68;com vítima;142,1;BR-116/RJ;Norte;Colisão traseira;2;;;;;;;;;;;2;;;
06/12/2010;05:42:00;4;sem vítima;95;BR-116/RJ;Sul;Abalroamento longitudinal;2;;;;;;;;;;2;;;;
06/12/2010;07:44:00;9;com vítima;138,5;BR-116/RJ;Norte;Choque em barreira New Jersey ;1;;;;;;;;;;;1;;;
06/12/2010;19:05:00;47;sem vítima;25,9;BR-116/RJ;Norte;Choque em objeto fixo;1;;;;;;;;;;1;;;;
06/12/2010;21:03:00;52;sem vítima;137,9;BR-116/RJ;Sul;Abalroamento longitudinal;1;;1;;;;;;;;2;;;;
07/12/2010;05:39:00;5;com vítima;143;BR-116/RJ;Sul;Colisão traseira;3;;;;;;;;;;3;1;;;
07/12/2010;07:35:00;10;com vítima;98,7;BR-116/RJ;Sul;Abalroamento longitudinal;1;;1;;;;;;;;2;2;;;
07/12/2010;12:41:00;11;com vítima;72,3;BR-116/RJ;Sul;Derrapagem;1;;;;;;;;;;;2;;;
07/12/2010;15:32:00;24;sem vítima;89;BR-116/RJ;Sul;Colisão traseira;2;;;;;;;;;;2;;;;
07/12/2010;14:22:00;25;sem vítima;120,95;BR-116/RJ;Sul;Colisão traseira;2;;;;;;;;;;2;;;;
07/12/2010;16:15:00;31;sem vítima;133,6;BR-116/RJ;Norte;Colisão traseira;2;;;;;;;;;;2;;;;
08/12/2010;06:04:00;9;sem vítima;72,05;BR-116/RJ;Norte;Derrapagem;;;1;;;;;;;;1;;;;
08/12/2010;16:04:00;30;sem vítima;141,7;BR-116/RJ;Sul;Abalroamento longitudinal;1;;1;;;;;;;;2;;;;
08/12/2010;16:20:00;31;sem vítima;74;BR-116/RJ;Sul;Derrapagem;1;;;;;;;;;;1;;;;
08/12/2010;16:23:00;32;sem vítima;142;BR-116/RJ;Sul;Colisão traseira;2;;;;;;;;;;;;;;
08/12/2010;18:07:00;40;com vítima;72,3;BR-116/RJ;Norte;Derrapagem;1;;;;;;;;;;;1;;;
08/12/2010;19:40:00;47;sem vítima;140;BR-116/RJ;Norte;Abalroamento longitudinal;2;;;;;;;;;;2;;;;
09/12/2010;09:09:00;11;sem vítima;95,9;BR-116/RJ;Norte;Colisão traseira;2;;;;;;;;;;2;;;;
10/12/2010;05:43:00;7;sem vítima;144;BR-116/RJ;Sul;Queda de moto;;;;1;;;;;;;1;;;;
10/12/2010;09:40:00;18;sem vítima;17,9;BR-116/RJ;Norte;Derrapagem;1;;;;;;;;;;1;;;;
10/12/2010;16:40:00;40;com vítima;89;BR-116/RJ;Sul;Abalroamento longitudinal;2;;;;;;;;;;4;1;;;
10/12/2010;17:35:00;45;com vítima;80,2;BR-116/RJ;Sul;Abalroamento transversal;2;;1;;;;;;;;1;2;;;
10/12/2010;21:04:00;58;sem vítima;102,6;BR-116/RJ;Norte;Abalroamento longitudinal;1;;1;;;;;;;;2;;;;
10/12/2010;21:25:00;60;com vítima;35;BR-116/RJ;Norte;Derrapagem;1;;;;;;;;;;;2;;;
11/12/2010;01:50:00;5;sem vítima;23,2;BR-116/RJ;Norte;Atropelamento de animal;1;;;;;;;;;;1;;;;
11/12/2010;03:50:00;7;com vítima;73,4;BR-116/RJ;Sul;Derrapagem;1;;;;;;;;;;;1;;;
11/12/2010;05:28:00;9;com vítima;125,5;BR-116/RJ;Norte;Choque em defensa;1;;;;;;;;;;;;1;2;1
11/12/2010;05:49:00;10;com vítima;13,2;BR-116/RJ;Sul;Abalroamento longitudinal;1;;1;;;;;;;;;3;;;
11/12/2010;13:22:00;27;com vítima;21,5;BR-116/RJ;Norte;Derrapagem;1;;;;;;;;;;;1;;;
11/12/2010;16:55:00;40;com vítima;78,2;BR-116/RJ;Norte;Colisão frontal;;1;;1;;;;;;;;2;;;
11/12/2010;17:30:00;41;sem vítima;137,3;BR-116/RJ;Norte;Choque em objeto fixo;1;;;;;;;;;;4;;;;
11/12/2010;18:39:00;47;com vítima;79,5;BR-116/RJ;Sul;Abalroamento longitudinal;2;;;;;;;;;;;8;;;
12/12/2010;06:42:00;7;sem vítima;94,2;BR-116/RJ;Sul;Abalroamento longitudinal;1;;1;;;;;;;;2;;;;
12/12/2010;09:30:00;14;com vítima;121,95;BR-116/RJ;Norte;Queda de moto;;;;1;;;;;;;;;1;;
12/12/2010;16:10:00;29;com vítima;89,6;BR-116/RJ;Norte;Colisão traseira;;;1;;1;;;;;;16;1;;;
12/12/2010;17:38:00;36;com vítima;143,3;BR-116/RJ;Sul;Colisão traseira;4;;;;;;;;;;4;1;;;
12/12/2010;18:25:00;38;sem vítima;93,7;BR-116/RJ;Sul;Colisão traseira;2;;;;;;;;;;2;;;;
12/12/2010;19:17:00;43;sem vítima;99,3;BR-116/RJ;Sul;Colisão traseira;2;;;;;;;;;;2;;;;
13/12/2010;17:54:00;62;com vítima;101,3;BR-116/RJ;Sul;Queda de moto;;;;1;;;;;;;;1;;;
13/12/2010;18:57:00;75;com vítima;143,6;BR-116/RJ;Sul;Abalroamento longitudinal;;;1;;1;;;;;;15;1;1;;
13/12/2010;19:10:00;79;sem vítima;114,1;BR-116/RJ;Sul;Derrapagem;1;;;;;;;;;;3;;;;
13/12/2010;20:00:00;83;com vítima;63,25;BR-116/RJ;Norte;Atropel. de pedestre caminhando;1;;;;;;;;;;1;;;;1
13/12/2010;21:47:00;87;com vítima;37,8;BR-116/RJ;Norte;Atropelamento de animal;;;;;1;;;;;;21;1;;;
14/12/2010;21:32:00;36;sem vítima;94,4;BR-116/RJ;Sul;Choque em objeto fixo;1;;;;;;;;;;2;;;;
15/12/2010;19:16:00;32;sem vítima;56,8;BR-116/RJ;Norte;Colisão traseira;1;;1;;;;;;;;2;;;;
15/12/2010;20:38:00;36;sem vítima;5,8;BR-116/RJ;Norte;Choque em objeto fixo;1;;;;;;;;;;1;;;;
16/12/2010;04:58:00;8;com vítima;86,3;BR-116/RJ;Sul;Capotamento;;;1;;;;;;;;;3;;;
16/12/2010;09:03:00;18;com vítima;117,8;BR-116/RJ;Norte;Queda de moto;;;;1;;;;;;;;;1;;
16/12/2010;14:43:00;30;sem vítima;137,89;BR-116/RJ;Sul;Abalroamento longitudinal;;;1;;1;;;;;;2;;;;
16/12/2010;16:20:00;34;com vítima;81,5;BR-116/RJ;Sul;Atropel. de pedestre caminhando;1;;;;;;;;;;1;;;1;
16/12/2010;18:20:00;46;sem vítima;40,1;BR-116/RJ;Norte;Colisão traseira;1;;1;;;;;;;;2;;;;
17/12/2010;05:58:00;6;com vítima;137,8;BR-116/RJ;Sul;Colisão traseira;;;1;;1;;;;;;1;1;;;
17/12/2010;07:11:00;10;sem vítima;137,1;BR-116/RJ;Sul;Colisão traseira;2;;;;;;;;;;2;;;;
17/12/2010;10:26:00;14;sem vítima;99,9;BR-116/RJ;Sul;Colisão traseira;1;;1;;;;;;;;2;;;;
17/12/2010;11:58:00;29;sem vítima;126;BR-116/RJ;Norte;Derrapagem;;;;;;;;;;;;;;;
17/12/2010;18:13:00;45;com vítima;130,4;BR-116/RJ;Norte;Atropelamento de animal;;;;1;;;;;;;;;2;;
17/12/2010;18:15:00;47;com vítima;133,7;BR-116/RJ;Norte;Colisão traseira;1;;;1;;;;;;;;1;2;;
18/12/2010;01:16:00;1;sem vítima;137,9;BR-116/RJ;Norte;Atropelamento de animal;1;;;;;;;;;;1;;;;
18/12/2010;06:22:00;6;com vítima;142,3;BR-116/RJ;Sul;Abalroamento longitudinal;1;;;;1;;;;;;1;1;;;
18/12/2010;07:40:00;9;com vítima;51,9;BR-116/RJ;Norte;Derrapagem;1;;;;;;;;;;;2;;;
18/12/2010;14:32:00;25;sem vítima;143,2;BR-116/RJ;Sul;Colisão traseira;2;;;;;;;;;;2;;;;
18/12/2010;14:45:00;26;com vítima;72;BR-116/RJ;Sul;Queda de moto;;;;1;;;;;;;;;1;;
18/12/2010;15:35:00;28;com vítima;104,3;BR-116/RJ;Norte;Abalroamento longitudinal;2;;;;;;;;;;2;1;;;
18/12/2010;15:35:00;29;sem vítima;142,9;BR-116/RJ;Norte;Abalroamento longitudinal;1;;;;;;;;;;3;;;;
18/12/2010;18:14:00;42;sem vítima;143,95;BR-116/RJ;Norte;Choque em objeto fixo;;;;;1;;;;;;1;;;;
18/12/2010;19:19:00;47;com vítima;93,5;BR-116/RJ;Sul;Choque em objeto fixo;1;;;;;;;;;;;1;1;;
18/12/2010;20:20:00;54;sem vítima;98;BR-116/RJ;Sul;Colisão traseira;2;;;;;;;;;;2;;;;
19/12/2010;11:24:00;23;sem vítima;140,9;BR-116/RJ;Sul;Abalroamento longitudinal;1;;;1;;;;;;;2;;;;
19/12/2010;15:18:00;36;sem vítima;104,3;BR-116/RJ;Norte;Colisão traseira;2;;;;;;;;;;2;;;;
19/12/2010;15:42:00;39;sem vítima;135;BR-116/RJ;Sul;Abalroamento longitudinal;1;;;1;;;;;;;2;;;;
19/12/2010;17:25:00;42;com vítima;137,9;BR-116/RJ;Sul;Derrapagem;1;;;;;;;;;;;2;;;
19/12/2010;18:08:00;46;com vítima;98,1;BR-116/RJ;Norte;Abalroamento longitudinal;1;;;1;;;;;;;1;2;;;
19/12/2010;18:13:00;47;com vítima;136,1;BR-116/RJ;Sul;Atropel. de pedestre atravessando;1;;;;;;;;;;1;;1;;
19/12/2010;23:30:00;66;com vítima;135,15;BR-116/RJ;Norte;Choque em objeto fixo;1;;;;;;;;;;;1;;;
20/12/2010;06:58:00;8;com vítima;137,5;BR-116/RJ;Sul;Atropel. de pedestre atravessando;;;;;1;;;;;;1;;1;;
21/12/2010;19:20:00;43;com vítima;17,9;BR-116/RJ;Sul;Capotamento;;;1;;;;;;;;;1;;;
22/12/2010;17:53:00;45;sem vítima;143,3;BR-116/RJ;Sul;Colisão traseira;2;;;;;;;;;;2;;;;
22/12/2010;18:58:00;51;sem vítima;104,6;BR-116/RJ;Norte;Abalroamento longitudinal;1;;1;;;;;;;;3;;;;
22/12/2010;20:34:00;57;sem vítima;133,5;BR-116/RJ;Norte;Colisão traseira;1;;1;;;;;;;;2;;;;
22/12/2010;20:36:00;58;com vítima;123,4;BR-116/RJ;Norte;Choque em defensa;1;;;;;;;;;;;1;;;
22/12/2010;21:46:00;60;sem vítima;97,8;BR-116/RJ;Norte;Colisão traseira;2;;1;;;;;;;;3;;;;
23/12/2010;06:06:00;8;com vítima;126,2;BR-116/RJ;Sul;Atropel. de pedestre caminhando;1;;;;;;;;;;1;1;;;
23/12/2010;10:54:00;28;sem vítima;142,5;BR-116/RJ;Sul;Colisão traseira;1;;1;;;;;;;;2;;;;
23/12/2010;14:16:00;40;com vítima;141,6;BR-116/RJ;Sul;Derrapagem;1;;;;;;;;;;;3;2;;
23/12/2010;22:30:00;80;com vítima;47,8;BR-116/RJ;Norte;Choque em objeto fixo;1;;;;;;;;;;;1;;;
23/12/2010;22:19:00;81;com vítima;130,8;BR-116/RJ;Norte;Queda de moto;;;;1;;;;;;;;;1;;
23/12/2010;22:30:00;89;com vítima;32,9;BR-116/RJ;Sul;Abalroamento longitudinal;1;;1;;;;;;;;1;1;;;
23/12/2010;23:58:00;93;sem vítima;48,8;BR-116/RJ;Norte;Derrapagem;1;;;;;;;;;;4;;;;