data;horario;n_da_ocorrencia;tipo_de_ocorrencia;km;trecho;sentido;tipo_de_acidente;automovel;bicicleta;caminhao;moto;onibus;outros;tracao_animal;transporte_de_cargas_especiais;trator_maquinas;utilitarios;ilesos;levemente_feridos;moderadamente_feridos;gravemente_feridos;mortos
24/12/2010;05:18:00;9;sem vítima;144;BR-116/RJ;Sul;Abalroamento longitudinal;2;;;;;;;;;;2;;;;
24/12/2010;06:30:00;11;com vítima;96,6;BR-116/RJ;Norte;Queda de moto;;;;1;;;;;;;;1;1;;
24/12/2010;10:52:00;21;com vítima;30,02;BR-116/RJ;Norte;Colisão traseira;3;;;;;;;;;;;4;;;
24/12/2010;15:13:00;39;com vítima;136,6;BR-116/RJ;Norte;Choque em defensa;1;;;;;;;;;;1;1;;;
24/12/2010;15:48:00;44;sem vítima;124,8;BR-116/RJ;Norte;Colisão traseira;2;;;;;;;;;;6;;;;
24/12/2010;18:26:00;52;com vítima;143,5;BR-116/RJ;Sul;Choque em objeto fixo;1;;;;;;;;;;;1;;;
24/12/2010;21:26:00;69;com vítima;79,2;BR-116/RJ;Norte;Abalroamento transversal;2;;;;;;;;;;;1;1;;
24/12/2010;22:18:00;73;com vítima;143,5;BR-116/RJ;Norte;Choque em objeto fixo;1;;;;;;;;;;;;1;;
24/12/2010;22:33:00;75;com vítima;91,1;BR-116/RJ;Sul;Choque em objeto fixo;1;;;;;;;;;;;2;;;
25/12/2010;00:46:00;3;com vítima;79,8;BR-116/RJ;Norte;Abalroamento transversal;1;;;1;;;;;;;1;1;;;
25/12/2010;06:45:00;12;com vítima;132,65;BR-116/RJ;Sul;Queda de moto;;;;1;;;;;;;;1;;;
25/12/2010;19:16:00;50;com vítima;119,2;BR-116/RJ;Sul;Atropelamento de animal;1;;;;;;;;;;;1;;;
25/12/2010;21:31:00;60;com vítima;132,5;BR-116/RJ;Sul;Queda de moto;;;;1;;;;;;;;;;1;
25/12/2010;22:31:00;63;sem vítima;76,8;BR-116/RJ;Sul;Abalroamento longitudinal;1;;1;;;;;;;;2;;;;
26/12/2010;15:36:00;29;com vítima;127,08;BR-116/RJ;Norte;Queda de moto;;;;1;;;;;;;;2;;;
26/12/2010;17:27:00;37;com vítima;65,9;BR-116/RJ;Sul;Abalroamento longitudinal;2;;;;;;;;;;2;1;;;
26/12/2010;19:04:00;47;com vítima;143;BR-116/RJ;Sul;Atropel. de pedestre caminhando;;;;;1;;;;;;1;;;1;
26/12/2010;19:46:00;51;com vítima;143,2;BR-116/RJ;Sul;Colisão traseira;4;;;;;;;;;;11;1;;;
26/12/2010;22:32:00;58;sem vítima;76,8;BR-116/RJ;Sul;Abalroamento longitudinal;1;;1;;;;;;;;2;;;;
27/12/2010;08:30:00;20;sem vítima;5,5;BR-116/RJ;Sul;Queda de carga;;;1;;;;;;;;1;;;;
27/12/2010;11:21:00;27;sem vítima;127,3;BR-116/RJ;Norte;Choque em objeto fixo;2;;;;;;;;;;2;;;;
27/12/2010;15:49:00;48;sem vítima;138,1;BR-116/RJ;Sul;Choque em objeto fixo;1;;;;;;;;;;1;;;;
28/12/2010;05:48:00;7;sem vítima;143,8;BR-116/RJ;Sul;Abalroamento longitudinal;1;;1;;;;;;;;2;;;;
28/12/2010;07:13:00;11;com vítima;54,1;BR-116/RJ;Norte;Abalroamento transversal;1;;;1;;;;;;;1;;;1;
28/12/2010;08:09:00;14;sem vítima;139;BR-116/RJ;Sul;Abalroamento longitudinal;1;;1;;;;;;;;3;;;;
28/12/2010;15:16:00;35;sem vítima;144,85;BR-116/RJ;Sul;Abalroamento transversal;;;2;;;;;;;;2;;;;
29/12/2010;09:02:00;10;sem vítima;58,1;BR-116/RJ;Sul;Derrapagem;;;1;;;;;;;;1;;;;
29/12/2010;10:41:00;15;sem vítima;118,7;BR-116/RJ;Sul;Derrapagem;1;;;;;;;;;;1;;;;
29/12/2010;12:12:00;22;com vítima;80;BR-116/RJ;Norte;Abalroamento transversal;2;;;;;;;;;;;3;;;
29/12/2010;17:51:00;48;com vítima;131,02;BR-116/RJ;Sul;Colisão traseira;2;;;;;;;;;;;2;;;
29/12/2010;20:43:00;63;sem vítima;140;BR-116/RJ;Sul;Abalroamento longitudinal;2;;;;;;;;;;3;;;;
30/12/2010;06:55:00;7;sem vítima;27,25;BR-116/RJ;Norte;Queda de carga;;;1;;;;;;;;1;;;;
30/12/2010;17:30:00;24;sem vítima;104,2;BR-116/RJ;Norte;Abalroamento longitudinal;1;;1;;;;;;;;2;;;;
30/12/2010;17:42:00;25;com vítima;140,9;BR-116/RJ;Norte;Abalroamento longitudinal;2;;;;;;;;;;;3;;;
31/12/2010;13:35:00;25;sem vítima;141,9;BR-116/RJ;Sul;Colisão traseira;;;1;;1;;;;;;2;;;;
31/12/2010;16:28:00;34;sem vítima;133,5;BR-116/RJ;Norte;Choque em objeto fixo;;;1;;;;;;;;2;;;;
31/12/2010;17:27:00;42;com vítima;95,1;BR-116/RJ;Norte;Abalroamento longitudinal;2;;;;;;;;;;2;1;;;
31/12/2010;17:55:00;44;com vítima;30,7;BR-116/RJ;Norte;Choque em objeto fixo;1;;;;;;;;;;;2;;;
31/12/2010;18:02:00;45;com vítima;29,4;BR-116/RJ;Sul;Derrapagem;1;;;;;;;;;;;4;;;
01/01/2011;13:50:00;15;com vítima;64,3;BR-116/RJ;Sul;Derrapagem;1;;;;;;;;;;;1;;;
01/01/2011;04:02:00;5;sem vítima;80,2;BR-116/RJ;Sul;Choque em objeto fixo;1;;;;;;;;;;1;;;;
01/01/2011;11:35:00;13;com vítima;89,7;BR-116/RJ;Sul;Colisão frontal;2;;;;;;;;;;;2;2;;
01/01/2011;04:45:00;6;sem vítima;96,1;BR-116/RJ;Sul;Derrapagem;1;;;;;;;;;;2;;;;
01/01/2011;06:08:00;9;sem vítima;125;BR-116/RJ;Norte;Derrapagem;1;;;;;;;;;;1;;;;
02/01/2011;10:15:00;10;sem vítima;40,5;BR-116/RJ;Norte;Colisão traseira;2;;;;;;;;;;5;;;;
02/01/2011;07:20:00;5;com vítima;49,6;BR-116/RJ;Norte;Choque em objeto fixo;1;;;;;;;;;;;4;;;
02/01/2011;23:38:00;60;com vítima;90,4;BR-116/RJ;Norte;Choque em objeto fixo;1;;;;;;;;;;;2;2;;
02/01/2011;11:12:00;13;sem vítima;99;BR-116/RJ;Sul;Colisão traseira;2;;;;;;;;;;2;;;;
02/01/2011;16:02:00;21;sem vítima;133,5;BR-116/RJ;Sul;Colisão traseira;2;;;;;;;;;;2;;;;
02/01/2011;04:18:00;2;com vítima;137,4;BR-116/RJ;Norte;Derrapagem;1;;;;;;;;;;4;1;;;
02/11/2011;14:57:00;30;sem vítima;138,5;BR-116/RJ;Norte;Choque em objeto fixo;1;;;;;;;;;;1;;;;
03/01/2011;14:25:00;40;com vítima;29,3;BR-116/RJ;Norte;Choque em objeto fixo;1;;;;;;;;;;;1;;;
03/01/2011;06:50:00;9;sem vítima;122,4;BR-116/RJ;Sul;Choque em defensa;1;;;;;;;;;;1;;;;
03/01/2011;08:17:00;12;sem vítima;143,2;BR-116/RJ;Sul;Colisão traseira;2;;;;;;;;;;7;;;;
03/01/2011;15:36:00;41;sem vítima;143,8;BR-116/RJ;Sul;Colisão traseira;2;;;;;;;;;;3;;;;
03/01/2011;07:16:00;10;com vítima;144;BR-116/RJ;Sul;Queda de moto;;;;1;;;;;;;;;1;;
05/01/2011;22:18:00;50;com vítima;83;BR-116/RJ;Norte;Choque em barreira New Jersey ;1;;;;;;;;;;;1;;;
05/01/2011;17:49:00;36;com vítima;101,2;BR-116/RJ;Sul;Colisão traseira;2;;1;;;;;;;;2;2;;;
06/01/2011;20:40:00;43;com vítima;80,3;BR-116/RJ;Sul;;;;1;;;;;;;;;1;;;
06/01/2011;16:19:00;33;com vítima;100;BR-116/RJ;Sul;Derrapagem;1;;;;;;;;;;4;1;;;
06/01/2011;14:36:00;29;sem vítima;123,6;BR-116/RJ;Norte;Abalroamento longitudinal;1;;1;;;;;;;;5;;;;
07/01/2011;22:20:00;58;com vítima;65,7;BR-116/RJ;Sul;Abalroamento longitudinal;2;;;;;;;;;;;4;;;
07/01/2011;20:40:00;47;sem vítima;105,3;BR-116/RJ;Sul;Abalroamento transversal;2;;;;;;;;;;4;;;;
07/01/2011;16:09:00;30;sem vítima;143,8;BR-116/RJ;Sul;Colisão traseira;1;;1;;;;;;;;2;;;;
08/01/2011;17:03:00;49;sem vítima;101,4;BR-116/RJ;Sul;Colisão traseira;3;;;;;;;;;;3;;;;
08/01/2011;07:47:00;9;com vítima;126,3;BR-116/RJ;Norte;Derrapagem;1;;;;;;;;;;;1;;;
08/01/2011;23:29:00;69;com vítima;134,8;BR-116/RJ;Sul;Colisão traseira;;1;;1;;;;;;;;2;;1;
09/01/2011;18:10:00;41;sem vítima;89,5;BR-116/RJ;Sul;Colisão traseira;2;;;;;;;;;;2;;;;
09/01/2011;04:53:00;5;com vítima;93,4;BR-116/RJ;Norte;Choque em objeto fixo;1;;;;;;;;;;;2;;;
09/01/2011;14:28:00;23;sem vítima;101,3;BR-116/RJ;Norte;Abalroamento longitudinal;2;;;;;;;;;;5;;;;
09/01/2011;17:47:00;36;sem vítima;104,2;BR-116/RJ;Norte;Abalroamento longitudinal;2;;;;;;;;;;8;;;;
09/01/2011;23:23:00;61;com vítima;109;BR-116/RJ;Sul;Abalroamento transversal;1;1;;;;;;;;;4;;1;;
09/01/2011;13:05:00;17;sem vítima;111,3;BR-116/RJ;Norte;Abalroamento longitudinal;;;1;;1;;;;;;15;;;;
09/01/2011;13:13:00;19;sem vítima;125,38;BR-116/RJ;Sul;Colisão traseira;2;;;;;;;;;;2;;;;
09/01/2011;10:07:00;9;sem vítima;135,3;BR-116/RJ;Sul;Colisão traseira;2;;;;;;;;;;2;;;;
09/01/2011;13:55:00;21;com vítima;135,35;BR-116/RJ;Sul;Choque em objeto fixo;1;;;;;;;;;;1;;1;1;
09/01/2011;22:27:00;59;sem vítima;143,6;BR-116/RJ;Sul;Colisão traseira;2;;;;;;;;;;8;;;;
10/01/2011;22:30:00;61;sem vítima;94;BR-116/RJ;Sul;Colisão traseira;;;2;;;;;;;;2;;;;
10/01/2011;18:11:00;53;com vítima;137,1;BR-116/RJ;Sul;Colisão traseira;3;;;;;;;;;;2;4;;;
10/01/2011;18:04:00;52;com vítima;137,4;BR-116/RJ;Sul;Choque em defensa;1;;;;;;;;;;;1;;;
10/01/2011;17:34:00;49;com vítima;140,6;BR-116/RJ;Norte;Queda de moto;;;1;1;;;;;;;1;1;;;
11/01/2011;13:19:00;24;sem vítima;96,2;BR-116/RJ;Sul;Choque em objeto fixo;1;;;;;;;;;;1;;;;
11/01/2011;11:10:00;20;sem vítima;98,7;BR-116/RJ;Sul;Derrapagem;1;;;;;;;;;;1;;;;
11/01/2011;09:04:00;14;sem vítima;101,75;BR-116/RJ;Sul;Colisão traseira;3;;;;;;;;;;3;;;;
11/01/2011;15:24:00;32;sem vítima;123,02;BR-116/RJ;Norte;Choque em objeto fixo;1;;;;;;;;;;1;;;;
11/01/2011;07:18:00;8;sem vítima;128,1;BR-116/RJ;Sul;Colisão traseira;1;;1;;;;;;;;2;;;;
11/01/2011;01:59:00;3;sem vítima;132,3;BR-116/RJ;Sul;Choque em objeto fixo;1;;;;;;;;;;2;;;;
11/01/2011;21:45:00;52;com vítima;137,3;BR-116/RJ;Sul;Choque em objeto fixo;;;1;;;;;;;;;;;2;
12/01/2011;19:50:00;37;com vítima;70,9;BR-116/RJ;Sul;Queda de moto;;;;1;;;;;;;;1;1;;
12/01/2011;20:30:00;38;com vítima;70,9;BR-116/RJ;Sul;Queda de moto;;;;1;;;;;;;;;1;;
12/01/2011;02:50:00;2;sem vítima;79,1;BR-116/RJ;Sul;;;;1;;;;;;;;1;;;;
12/01/2011;18:14:00;33;sem vítima;115,2;BR-116/RJ;Sul;Atropelamento de animal;1;;;;;;;;;;1;;;;
12/01/2011;19:36:00;36;com vítima;127,1;BR-116/RJ;Sul;Colisão frontal;1;;;1;;;;;;;1;;2;;
13/01/2011;11:13:00;7;com vítima;95,2;BR-116/RJ;Norte;Derrapagem;1;;;;;;;;;;;1;;;
13/01/2011;06:39:00;2;sem vítima;100,5;BR-116/RJ;Sul;Colisão traseira;2;;;;;;;;;;4;;;;
13/01/2011;05:36:00;1;sem vítima;126,82;BR-116/RJ;Norte;Choque em objeto fixo;1;;;;;;;;;;1;;;;
14/01/2011;17:35:00;22;com vítima;111,3;BR-116/RJ;Sul;Queda de moto;;;;1;;;;;;;;2;;;
14/01/2011;17:54:00;23;sem vítima;135,2;BR-116/RJ;Sul;Choque em objeto fixo;1;;;;;;;;;;1;;;;
14/01/2011;18:47:00;25;sem vítima;143,9;BR-116/RJ;Sul;Colisão traseira;2;;;;;;;;;;2;;;;
15/01/2011;13:27:00;18;com vítima;39,2;BR-116/RJ;Sul;Derrapagem;1;;;;;;;;;;;1;;;
15/01/2011;20:55:00;38;sem vítima;54,9;BR-116/RJ;Sul;Choque em objeto fixo;1;;;;;;;;;;3;;;;
15/01/2011;15:47:00;25;sem vítima;106;BR-116/RJ;Norte;Atropelamento de animal;1;;;;;;;;;;1;;;;
15/01/2011;06:47:00;7;com vítima;114,95;BR-116/RJ;Norte;Queda de moto;;;;1;;;;;;;;;1;;
15/01/2011;15:21:00;24;com vítima;134,52;BR-116/RJ;Norte;Colisão traseira;1;1;;;;;;;;;1;1;;;
16/01/2011;09:38:00;8;com vítima;103,5;BR-116/RJ;Norte;Abalroamento longitudinal;1;;;1;;;;;;;4;1;;;
16/01/2011;20:48:00;44;sem vítima;142;BR-116/RJ;Sul;Colisão traseira;2;;;;;;;;;;2;;;;
16/01/2011;18:56:00;37;com vítima;144;BR-116/RJ;Sul;Colisão traseira;1;;;;1;;;;;;28;;4;;
17/01/2011;15:05:00;19;com vítima;54,4;BR-116/RJ;Sul;Colisão frontal;2;;;;;;;;;;;3;;;
17/01/2011;18:38:00;27;com vítima;129,5;BR-116/RJ;Sul;Derrapagem;1;;;;;;;;;;;;3;;
17/01/2011;16:42:00;23;sem vítima;136,5;BR-116/RJ;Norte;Abalroamento longitudinal;1;;;1;;;;;;;2;;;;
18/01/2011;20:56:00;39;com vítima;106,05;BR-116/RJ;Sul;Abalroamento longitudinal;2;;;;;;;;;;1;1;;;
19/01/2011;20:32:00;46;sem vítima;95,7;BR-116/RJ;Norte;Choque em defensa;;;1;;;;;;;;2;;;;
19/01/2011;16:49:00;32;com vítima;108,3;BR-116/RJ;Norte;Abalroamento longitudinal;1;;;;;;;;;;;;1;;
20/01/2011;18:23:00;60;sem vítima;104,9;BR-116/RJ;Norte;Abalroamento transversal;1;;1;;;;;;;;4;;;;
20/01/2011;00:23:00;2;sem vítima;106,1;BR-116/RJ;Norte;Derrapagem;1;;;;;;;;;;1;;;;
20/01/2011;13:30:00;35;sem vítima;138;BR-116/RJ;Norte;Abalroamento longitudinal;1;;1;;;;;;;;2;;;;
21/01/2011;02:00:00;1;sem vítima;3,2;BR-116/RJ;Norte;Choque em objeto fixo;1;;;;;;;;;;1;;;;
21/01/2011;07:39:00;5;sem vítima;104,2;BR-116/RJ;Sul;Abalroamento longitudinal;;;2;;;;;;;;2;;;;
21/01/2011;22:29:00;47;com vítima;111,1;BR-116/RJ;Norte;Abalroamento longitudinal;2;;;;;;;;;;;;1;1;
22/01/2011;15:05:00;24;sem vítima;124,9;BR-116/RJ;Sul;Choque em defensa;;;1;;;;;;;;3;;;;
22/01/2011;18:13:00;39;sem vítima;133,5;BR-116/RJ;Sul;Colisão traseira;2;;;;;;;;;;2;;;;
23/01/2011;03:01:00;4;com vítima;100,1;BR-116/RJ;Sul;Abalroamento longitudinal;1;;1;;;;;;;;2;;2;;
23/01/2011;16:28:00;28;com vítima;104,5;BR-116/RJ;Norte;Colisão traseira;2;;;;;;;;;;9;1;;;
23/01/2011;17:09:00;31;com vítima;111,9;BR-116/RJ;Norte;Capotamento;1;;;;;;;;;;;;1;;
23/01/2011;19:10:00;37;sem vítima;123,25;BR-116/RJ;Sul;Colisão traseira;2;;;;;;;;;;2;;;;
23/01/2011;17:05:00;30;sem vítima;133,5;BR-116/RJ;Sul;Colisão traseira;1;;1;;;;;;;;2;;;;
23/01/2011;05:21:00;5;com vítima;138,8;BR-116/RJ;Sul;Choque em defensa;1;;;;;;;;;;;;1;;
24/01/2011;08:09:00;9;sem vítima;90,3;BR-116/RJ;Norte;Colisão traseira;2;;;;;;;;;;2;;;;
24/01/2011;17:35:00;41;sem vítima;101,95;BR-116/RJ;Sul;Colisão traseira;3;;;;;;;;;;4;;;;
24/01/2011;11:10:00;23;sem vítima;143;BR-116/RJ;Sul;Colisão traseira;2;;;;;;;;;;2;;;;
25/01/2011;03:53:00;6;sem vítima;133,5;BR-116/RJ;Sul;Choque em objeto fixo;;;1;;;;;;;;1;;;;
26/01/2011;21:35:00;66;sem vítima;39,8;BR-116/RJ;Norte;Atropelamento de animal;1;;;;;;;;;;1;;;;
26/01/2011;17:54:00;45;com vítima;75,2;BR-116/RJ;Norte;Colisão traseira;2;;;;;;;;;;;2;;;
26/01/2011;18:56:00;47;sem vítima;92,3;BR-116/RJ;Norte;Colisão traseira;3;;;;;;;;;;3;;;;
26/01/2011;23:14:00;71;com vítima;107,8;BR-116/RJ;Norte;Atropel. de pedestre caminhando;1;;;;;;;;;;1;;;1;
26/01/2011;11:41:00;17;sem vítima;133,5;BR-116/RJ;Norte;Colisão traseira;2;;;;;;;;;;2;;;;
26/01/2011;20:34:00;60;sem vítima;142,03;BR-116/RJ;Sul;Abalroamento longitudinal;1;;;;1;;;;;;2;;;;
26/01/2011;09:25:00;10;sem vítima;143,8;BR-116/RJ;Sul;Colisão traseira;2;;;;;;;;;;2;;;;
27/01/2011;13:34:00;27;sem vítima;137,1;BR-116/RJ;Sul;Abalroamento longitudinal;;;3;;;;;;;;3;;;;
27/01/2011;07:48:00;7;sem vítima;137,9;BR-116/RJ;Sul;Colisão traseira;1;;1;;;;;;;;2;;;;
27/01/2011;20:50:00;47;com vítima;142,9;BR-116/RJ;Norte;Colisão traseira;1;;;1;;;;;;;1;1;;;
28/01/2011;21:39:00;82;com vítima;101,1;BR-116/RJ;Sul;Colisão traseira;1;;;1;;;;;;;1;1;;;
28/01/2011;23:45:00;88;com vítima;143,9;BR-116/RJ;Sul;Colisão traseira;2;;;;;;;;;;1;2;;;
29/01/2011;06:28:00;14;com vítima;112,45;BR-116/RJ;Norte;Derrapagem;1;;;;;;;;;;;1;1;1;
29/01/2011;13:44:00;30;sem vítima;125,75;BR-116/RJ;Sul;Colisão traseira;2;;;;;;;;;;2;;;;
29/01/2011;09:49:00;18;com vítima;128,51;BR-116/RJ;Sul;Colisão traseira;;1;;;1;;;;;;1;;1;;
29/01/2011;07:52:00;15;sem vítima;133,7;BR-116/RJ;Norte;Abalroamento longitudinal;1;;1;;;;;;;;2;;;;
30/01/2011;17:45:00;51;sem vítima;133,5;BR-116/RJ;Sul;Colisão traseira;2;;;;;;;;;;2;;;;
30/01/2011;02:08:00;4;com vítima;143;BR-116/RJ;Norte;Colisão traseira;1;;1;;;;;;;;1;;;16;1
30/01/2011;16:55:00;40;sem vítima;143;BR-116/RJ;Sul;Colisão traseira;3;;;;;;;;;;3;;;;
30/01/2011;15:49:00;35;com vítima;143,982;BR-116/RJ;Sul;Abalroamento longitudinal;2;;;1;;;;;;;3;2;;;
31/01/2011;17:25:00;36;com vítima;88,2;BR-116/RJ;Norte;Colisão traseira;2;;1;;;;;;;;1;2;1;;
31/01/2011;14:41:00;28;sem vítima;114,2;BR-116/RJ;Sul;Colisão traseira;2;;;;;;;;;;2;;;;
31/01/2011;17:04:00;35;sem vítima;125;BR-116/RJ;Sul;Abalroamento longitudinal;2;;;;;;;;;;2;;;;
01/02/2011;13:14:00;31;sem vítima;95,7;BR-116/RJ;Norte;Colisão traseira;1;;2;;;;;;;;3;;;;
01/02/2011;12:03:00;25;sem vítima;99;BR-116/RJ;Sul;Colisão traseira;3;;;;;;;;;;3;;;;
01/02/2011;14:58:00;37;sem vítima;118,7;BR-116/RJ;Sul;Derrapagem;1;;;;;;;;;;1;;;;
01/02/2011;11:50:00;24;sem vítima;125,5;BR-116/RJ;Norte;Queda de carga;;;1;;;;;;;;1;;;;
01/02/2011;13:10:00;30;sem vítima;141,3;BR-116/RJ;Sul;choque em objeto fixo;1;;;;;;;;;;1;;;;
01/02/2011;07:35:00;14;sem vítima;143,7;BR-116/RJ;Sul;Colisão traseira;;;;;2;;;;;;59;;;;
02/02/2011;17:58:00;39;com vítima;97,8;BR-116/RJ;Sul;choque em objeto fixo;1;;;;;;;;;;;1;;;
03/02/2011;22:47:00;85;com vítima;40;BR-116/RJ;Norte;Colisão traseira;1;;1;;;;;;;;1;1;;;
03/02/2011;18:25:00;60;com vítima;40,5;BR-116/RJ;Norte;Queda de moto;;;;1;;;;;;;;1;;;
03/02/2011;21:01:00;81;com vítima;92,7;BR-116/RJ;Norte;Abalroamento longitudinal;2;;2;;;;;;;;1;;;6;
03/02/2011;10:00:00;18;sem vítima;94,7;BR-116/RJ;Sul;Colisão traseira;2;;1;;;;;;;;4;;;;
04/02/2011;13:20:00;17;sem vítima;92;BR-116/RJ;Sul;Colisão traseira;2;;;;;;;;;;5;;;;
04/02/2011;15:40:00;26;sem vítima;125,7;BR-116/RJ;Norte;Colisão traseira;1;;;;1;;;;;;42;;;;
04/02/2011;14:25:00;18;com vítima;131,01;BR-116/RJ;Sul;Atropel. de pedestre caminhando;1;;;;;;;;;;1;;1;;
04/02/2011;15:50:00;27;com vítima;135;BR-116/RJ;Sul;Choque em objeto fixo;1;;;;;;;;;;1;;1;;
04/02/2011;20:00:00;46;com vítima;135;BR-116/RJ;Norte;Colisão traseira;2;;;;;;;;;;2;;2;;
04/02/2011;10:10:00;8;sem vítima;144;BR-116/RJ;Sul;Abalroamento longitudinal;2;;;;;;;;;;2;;;;
05/02/2011;21:28:00;54;com vítima;75,5;BR-116/RJ;Sul;Queda de moto;;;;1;;;;;;;;;;1;
05/02/2011;17:04:00;42;com vítima;114,2;BR-116/RJ;Norte;Colisão traseira;1;;;;1;;;;;;1;;1;;
05/02/2011;18:21:00;46;com vítima;114,45;BR-116/RJ;Norte;Queda de moto;;;;1;;;;;;;;1;;;
06/02/2011;04:14:00;5;sem vítima;97,2;BR-116/RJ;Sul;Choque em objeto fixo;1;;;;;;;;;;1;;;;
06/02/2011;13:06:00;20;com vítima;111,2;BR-116/RJ;Norte;Colisão frontal;1;;;1;;;;;;;;1;1;;
07/02/2011;17:25:00;41;com vítima;86,3;BR-116/RJ;Sul;Capotamento;1;;;;;;;;;;;1;;;
07/02/2011;11:39:00;25;sem vítima;97;BR-116/RJ;Norte;Derrapagem;1;;;;;;;;;;1;;;;
07/02/2011;20:22:00;48;com vítima;104,3;BR-116/RJ;Sul;Colisão traseira;1;;;1;;;;;;;1;1;;;
07/02/2011;16:48:00;38;sem vítima;125,5;BR-116/RJ;Norte;Derrapagem;1;;;;;;;;;;1;;;;
07/02/2011;06:49:00;4;sem vítima;143,9;BR-116/RJ;Sul;Colisão traseira;3;;;;;;;;;;8;;;;
08/02/2011;08:30:00;8;com vítima;62,8;BR-116/RJ;Sul;Colisão traseira;2;;;;;;;;;;1;1;;;
08/02/2011;12:30:00;24;sem vítima;107,03;BR-116/RJ;Norte;Abalroamento transversal;;;2;;;;;;;;3;;;;
08/02/2011;22:23:00;56;com vítima;126,9;BR-116/RJ;Norte;Atropel. de pedestre caminhando;1;;;;;;;;;;1;;;;1
09/02/2011;11:50:00;31;com vítima;39;BR-116/RJ;Sul;Derrapagem;1;;;;;;;;;;5;2;;;
09/02/2011;08:36:00;18;sem vítima;94;BR-116/RJ;Sul;Abalroamento longitudinal;1;;;;;;;;;;3;;;;
09/02/2011;17:40:00;53;sem vítima;101,4;BR-116/RJ;Norte;Abalroamento longitudinal;1;;;;1;;;;;;2;;;;
09/02/2011;22:01:00;69;sem vítima;107,6;BR-116/RJ;Sul;Capotamento;1;;;;;;;;;;1;;;;
09/02/2011;04:25:00;7;sem vítima;119,25;BR-116/RJ;Sul;Atropel. de pedestre caminhando;;;1;;;;;;;;1;;;;
09/02/2011;12:34:00;37;sem vítima;127;BR-116/RJ;Sul;Abalroamento longitudinal;1;;;;;;;;;;1;;;;
10/02/2011;15:29:00;32;sem vítima;99,9;BR-116/RJ;Sul;Choque em barreira New Jersey ;1;;;;;;;;;;23;;;;
10/02/2011;06:09:00;6;com vítima;112,8;BR-116/RJ;Sul;Atropelamento de animal;1;;;;;;;;;;;;1;;
11/02/2011;22:13:00;70;com vítima;78,5;BR-116/RJ;Norte;Abalroamento longitudinal;;1;;1;;;;;;;1;1;;;
12/02/2011;23:18:00;55;com vítima;78;BR-116/RJ;Sul;Queda de moto;;;;1;;;;;;;;;1;;
12/02/2011;22:24:00;51;sem vítima;94,2;BR-116/RJ;Sul;Queda de moto;;;;1;;;;;;;1;;;;
12/02/2011;06:46:00;7;sem vítima;101,7;BR-116/RJ;Sul;Colisão traseira;2;;;;;;;;;;2;;;;
12/02/2011;03:47:00;3;com vítima;105,2;BR-116/RJ;Sul;Choque em objeto fixo;1;;;;;;;;;;;;2;;
12/02/2011;09:36:00;18;com vítima;108,3;BR-116/RJ;Norte;Derrapagem;1;;;;;;;;;;;1;1;;
12/02/2011;12:55:00;24;sem vítima;121;BR-116/RJ;Sul;Atropelamento de animal;1;;;;;;;;;;1;;;;
12/02/2011;18:12:00;40;sem vítima;143,3;BR-116/RJ;Norte;Abalroamento longitudinal;1;;;;1;;;;;;3;;;;
13/02/2011;16:16:00;40;com vítima;51,2;BR-116/RJ;Sul;Derrapagem;1;;;;;;;;;;;1;;;
13/02/2011;11:32:00;20;com vítima;84,2;BR-116/RJ;Norte;Colisão traseira;2;;;;;;;;;;5;3;;;
13/02/2011;22:55:00;77;com vítima;104,2;BR-116/RJ;Norte;Abalroamento transversal;2;;;;;;;;;;2;1;1;;
13/02/2011;17:28:00;47;sem vítima;105;BR-116/RJ;Norte;Colisão frontal;1;;;1;;;;;;;2;;;;
13/02/2011;01:25:00;5;sem vítima;137,05;BR-116/RJ;Norte;Atropelamento de animal;1;;;;;;;;;;1;;;;
13/02/2011;18:28:00;55;sem vítima;143,6;BR-116/RJ;Sul;Colisão traseira;2;;;;;;;;;;2;;;;
14/02/2011;16:53:00;33;sem vítima;100;BR-116/RJ;Sul;Choque em objeto fixo;1;;;;;;;;;;1;;;;
15/02/2011;09:40:00;16;sem vítima;133,4;BR-116/RJ;Norte;Colisão traseira;1;;1;;;;;;;;3;;;;
15/02/2011;01:23:00;3;sem vítima;136,3;BR-116/RJ;Norte;Atropelamento de animal;1;;;;;;;;;;2;;;;
15/02/2011;17:30:00;42;sem vítima;142,6;BR-116/RJ;Norte;Colisão traseira;2;;;;;;;;;;2;;;;
15/02/2011;17:47:00;43;sem vítima;142,9;BR-116/RJ;Norte;Colisão traseira;3;;;;;;;;;;3;;;;
17/02/2011;02:14:00;3;sem vítima;65,5;BR-116/RJ;Sul;Atropelamento de animal;;;1;;;;;;;;1;;;;
17/02/2011;20:32:00;56;com vítima;106,3;BR-116/RJ;Sul;Derrapagem;1;;;;;;;;;;;1;;;
17/02/2011;08:53:00;15;sem vítima;124,7;BR-116/RJ;Sul;Colisão traseira;;;2;;;;;;;;2;;;;
17/02/2011;13:26:00;31;com vítima;131;BR-116/RJ;Sul;Colisão traseira;;;;1;1;;;;;;4;1;;;
17/02/2011;05:49:00;6;sem vítima;138,95;BR-116/RJ;Sul;Colisão traseira;2;;;;;;;;;;2;;;;