data;horario;n_da_ocorrencia;tipo_de_ocorrencia;km;trecho;sentido;tipo_de_acidente;automovel;bicicleta;caminhao;moto;onibus;outros;tracao_animal;transporte_de_cargas_especiais;trator_maquinas;utilitarios;ilesos;levemente_feridos;moderadamente_feridos;gravemente_feridos;mortos
18/02/2011;14:35:00;29;sem vítima;90,5;BR-116/RJ;Norte;Colisão traseira;1;;1;;;;;;;;2;;;;
18/02/2011;12:19:00;18;sem vítima;99,3;BR-116/RJ;Sul;Colisão traseira;3;;;;;;;;;;4;;;;
18/02/2011;11:20:00;17;sem vítima;132,6;BR-116/RJ;Norte;Choque em veículo parado na pista;1;;1;;;;;;;;2;;;;
18/02/2011;18:04:00;41;com vítima;138,3;BR-116/RJ;Norte;Abalroamento longitudinal;1;;1;;;;;;;;2;1;;;
18/02/2011;06:28:00;7;sem vítima;138,98;BR-116/RJ;Sul;Queda de carga;;;1;;;;;;;;1;;;;
18/02/2011;11:15:00;15;sem vítima;140,95;BR-116/RJ;Norte;Abalroamento longitudinal;;;2;;;;;;;;9;;;;
18/02/2011;05:35:00;6;sem vítima;143,6;BR-116/RJ;Sul;Colisão traseira;;;1;;1;;;;;;38;;;;
18/02/2011;14:32:00;28;sem vítima;143,8;BR-116/RJ;Sul;Colisão traseira;2;;;;;;;;;;2;;;;
19/02/2011;15:33:00;45;com vítima;87,9;BR-116/RJ;Norte;Colisão traseira;2;;;;;;;;;;1;1;;;
19/02/2011;13:09:00;35;sem vítima;102,8;BR-116/RJ;Sul;Abalroamento longitudinal;1;;1;;;;;;;;2;;;;
19/02/2011;05:25:00;6;sem vítima;130,7;BR-116/RJ;Sul;Choque em defensa;1;;;;;;;;;;4;;;;
19/02/2011;23:24:00;68;sem vítima;137,3;BR-116/RJ;Sul;Atropelamento de animal;1;;;;;;;;;;4;;;;
20/02/2011;16:25:00;37;com vítima;62,7;BR-116/RJ;Sul;Colisão traseira;3;;;;;;;;;;;15;;;
20/02/2011;19:27:00;48;com vítima;122,9;BR-116/RJ;Sul;Queda de moto;;;;1;;;;;;;;;;1;
20/02/2011;16:08:00;35;sem vítima;143,8;BR-116/RJ;Sul;Colisão traseira;2;;;;;;;;;;7;;;;
20/02/2011;05:57:00;13;sem vítima;144;BR-116/RJ;Norte;Colisão traseira;2;;;;;;;;;;2;;;;
20/02/2011;16:55:00;40;sem vítima;144;BR-116/RJ;Sul;Colisão traseira;1;;;;1;;;;;;9;;;;
22/02/2011;17:57:00;42;com vítima;95,1;BR-116/RJ;Sul;Abalroamento longitudinal;1;;1;;;;;;;;1;;;3;
22/02/2011;12:38:00;27;sem vítima;99,8;BR-116/RJ;Sul;Colisão traseira;2;;;;;;;;;;4;;;;
22/02/2011;14:13:00;35;com vítima;139,5;BR-116/RJ;Norte;Queda de moto;;;;1;;;;;;;;1;;;
23/02/2011;16:35:00;43;com vítima;29,4;BR-116/RJ;Sul;Derrapagem;;;1;;;;;;;;;1;;;
23/02/2011;00:01:00;1;com vítima;29,7;BR-116/RJ;Sul;Choque em objeto fixo;1;;;;;;;;;;;1;;;
23/02/2011;14:23:00;35;sem vítima;72,9;BR-116/RJ;Norte;Abalroamento longitudinal;2;;;;;;;;;;2;;;;
23/02/2011;12:01:00;28;com vítima;95;BR-116/RJ;Norte;Colisão frontal;1;;1;;;;;;;;;;1;;2
23/02/2011;17:00:00;45;sem vítima;98,7;BR-116/RJ;Sul;Colisão traseira;2;;;;;;;;;;2;;;;
23/02/2011;15:44:00;42;sem vítima;143,7;BR-116/RJ;Sul;Abalroamento longitudinal;1;;1;;;;;;;;2;;;;
23/02/2011;16:12:00;41;sem vítima;143,7;BR-116/RJ;Sul;Colisão traseira;1;;1;;;;;;;;2;;;;
23/02/2011;15:44:00;40;sem vítima;143,8;BR-116/RJ;Sul;Abalroamento longitudinal;1;;1;;;;;;;;2;;;;
23/02/2011;15:37:00;38;sem vítima;144;BR-116/RJ;Sul;Queda de carga;;;1;;;;;;;;1;;;;
24/02/2011;07:04:00;5;com vítima;13,05;BR-116/RJ;Norte;Capotamento;;;1;;;;;;;;;1;;;
24/02/2011;15:50:00;24;com vítima;49,1;BR-116/RJ;Sul;Abalroamento longitudinal;1;;1;;;;;;;;1;1;1;;
24/02/2011;18:40:00;34;sem vítima;133,6;BR-116/RJ;Sul;Abalroamento transversal;2;;;;;;;;;;2;;;;
25/02/2011;11:45:00;29;com vítima;133,5;BR-116/RJ;Norte;Colisão traseira;1;;;;1;;;;;;41;2;;;
25/02/2011;05:02:00;2;com vítima;137,4;BR-116/RJ;Sul;Colisão traseira;3;;2;;;;;;;;4;4;;;
25/02/2011;17:45:00;45;com vítima;143,5;BR-116/RJ;Sul;Queda de moto;;;;1;;;;;;;;1;;;
26/02/2011;09:15:00;20;sem vítima;29;BR-116/RJ;Norte;Colisão traseira;2;;;;;;;;;;2;;;;
26/02/2011;16:04:00;38;sem vítima;94,5;BR-116/RJ;Norte;Colisão traseira;;;2;;;;;;;;3;;;;
26/02/2011;12:48:00;27;com vítima;102,7;BR-116/RJ;Sul;Abalroamento transversal;;;1;1;;;;;;;1;1;;;
26/02/2011;09:01:00;19;sem vítima;131,78;BR-116/RJ;Sul;Abalroamento Longitudinal;1;;1;;;;;;;;2;;;;
26/02/2011;15:40:00;36;com vítima;136;BR-116/RJ;Norte;Atropel. de pedestre atravessando;1;;;;;;;;;;3;;;;1
26/02/2011;16:35:00;41;com vítima;143,8;BR-116/RJ;Sul;Queda de moto;;;;1;;;;;;;;1;;;
27/02/2011;09:45:00;21;com vítima;74,3;BR-116/RJ;Norte;Capotamento;1;;;;;;;;;;;1;1;;
27/02/2011;15:49:00;42;sem vítima;79,5;BR-116/RJ;Sul;Colisão traseira;2;;;;;;;;;;2;;;;
27/02/2011;21:20:00;73;sem vítima;99,9;BR-116/RJ;Sul;Abalroamento longitudinal;2;;;;;;;;;;4;;;;
27/02/2011;16:10:00;46;sem vítima;127;BR-116/RJ;Sul;Colisão traseira;2;;;;;;;;;;3;;;;
28/02/2011;08:04:00;8;com vítima;30;BR-116/RJ;Norte;Capotamento;1;;;;;;;;;;;1;;;
28/02/2011;15:20:00;29;sem vítima;75,3;BR-116/RJ;Sul;Derrapagem;1;;;;;;;;;;1;;;;
28/02/2011;18:42:00;42;com vítima;79,1;BR-116/RJ;Norte;Abalroamento longitudinal;1;;1;;;;;;;;1;1;;;
28/02/2011;15:27:00;30;sem vítima;91,95;BR-116/RJ;Sul;Derrapagem;1;;;;;;;;;;1;;;;
28/02/2011;08:40:00;9;sem vítima;98,9;BR-116/RJ;Norte;Colisão frontal;;;2;;;;;;;;3;;;;
28/02/2011;11:20:00;16;sem vítima;104,5;BR-116/RJ;Sul;Colisão traseira;2;;;;;;;;;;5;;;;
28/02/2011;17:37:00;36;com vítima;118,9;BR-116/RJ;Norte;Derrapagem;1;;;;;;;;;;1;1;;;
28/02/2011;18:26:00;41;com vítima;137,7;BR-116/RJ;Sul;Colisão traseira;1;1;;;;;;;;;1;;;1;
28/02/2011;18:14:00;40;com vítima;142,7;BR-116/RJ;Sul;Colisão traseira;1;;1;;;;;;;;1;;2;;
28/02/2011;07:23:00;6;sem vítima;143,5;BR-116/RJ;Norte;Choque em objeto fixo;1;;;;;;;;;;1;;;;
01/03/2011;06:43:00;10;com vítima;13,1;BR-116/RJ;Norte;Capotamento;;;1;;;;;;;;;;1;;
01/03/2011;07:05:00;14;sem vítima;13,1;BR-116/RJ;Sul;Choque em objeto fixo;;;1;;;;;;;;1;;;;
01/03/2011;14:05:00;34;sem vítima;101;BR-116/RJ;Sul;Queda de moto;;;;1;;;;;;;1;;;;
01/03/2011;08:30:00;16;sem vítima;142,3;BR-116/RJ;Sul;Abalroamento longitudinal;;;2;;;;;;;;2;;;;
01/03/2011;15:41:00;42;com vítima;143,8;BR-116/RJ;Norte;Capotamento;;;1;;;;;;;;;1;1;;
02/03/2011;14:24:00;50;sem vítima;5,6;BR-116/RJ;Norte;Derrapagem;1;;;;;;;;;;1;;;;
02/03/2011;15:14:00;24;sem vítima;18,5;BR-116/RJ;Norte;Choque em objeto fixo;1;;;;;;;;;;1;;;;
02/03/2011;18:12:00;34;com vítima;76,15;BR-116/RJ;Sul;Colisão traseira;3;;;;;;;;;;1;2;;;
02/03/2011;04:23:00;2;com vítima;95,9;BR-116/RJ;Norte;Capotamento;;;1;;;;;;;;;;2;;
02/03/2011;10:49:00;17;sem vítima;128,6;BR-116/RJ;Norte;Choque em veículo parado na pista;;;2;;;;;;;;2;;;;
02/03/2011;17:07:00;33;sem vítima;133,5;BR-116/RJ;Sul;Choque em objeto fixo;1;;;;;;;;;;1;;;;
03/03/2011;09:05:00;13;sem vítima;89,5;BR-116/RJ;Sul;Derrapagem;2;;;;;;;;;;3;;;;
03/03/2011;18:10:00;46;sem vítima;89,65;BR-116/RJ;Norte;Choque em objeto na pista;1;;;;;;;;;;2;;;;
03/03/2011;07:45:00;6;com vítima;90,6;BR-116/RJ;Norte;Abalroamento longitudinal;2;;;;;;;;;;;2;;;
03/03/2011;09:20:00;19;sem vítima;93;BR-116/RJ;Sul;Derrapagem;1;;1;;;;;;;;2;;;;
03/03/2011;11:20:00;22;sem vítima;94,5;BR-116/RJ;Sul;Derrapagem;1;;;;;;;;;;1;;;;
03/03/2011;17:15:00;44;sem vítima;98,5;BR-116/RJ;Norte;Colisão traseira;1;;3;;;;;;;;4;;;;
03/03/2011;08:42:00;10;sem vítima;98,9;BR-116/RJ;Sul;Abalroamento longitudinal;1;;1;;;;;;;;2;;;;
03/03/2011;06:54:00;5;sem vítima;104,7;BR-116/RJ;Norte;Abalroamento longitudinal;1;;1;;;;;;;;1;;;;
03/03/2011;21:27:00;53;sem vítima;104,8;BR-116/RJ;Norte;Colisão traseira;;;2;;;;;;;;3;;;;
04/03/2011;17:25:00;37;sem vítima;29,05;BR-116/RJ;Norte;Colisão traseira;2;;1;;;;;;;;3;;;;
04/03/2011;20:35:00;58;com vítima;29,05;BR-116/RJ;Norte;Colisão traseira;7;;;;;;;;;;8;;1;;
04/03/2011;16:49:00;38;sem vítima;58,2;BR-116/RJ;Norte;Derrapagem;1;;;;;;;;;;2;;;;
04/03/2011;16:30:00;36;com vítima;98,8;BR-116/RJ;Sul;Colisão traseira;3;;1;;;;;;;;3;1;;;
04/03/2011;11:30:00;18;sem vítima;102,3;BR-116/RJ;Norte;Colisão traseira;;;3;;;;;;;;6;;;;
04/03/2011;17:32:00;42;sem vítima;107,5;BR-116/RJ;Norte;Choque em defensa;1;;;;;;;;;;1;;;;
04/03/2011;07:30:00;8;sem vítima;126;BR-116/RJ;Sul;Abalroamento longitudinal;;;2;;;;;;;;2;;;;
04/03/2011;21:36:00;49;sem vítima;132,9;BR-116/RJ;Norte;Derrapagem;1;;;;;;;;;;1;;;;
05/03/2011;15:58:00;57;com vítima;7,3;BR-116/RJ;Sul;Queda de carga;;;1;;;;;;;;;;1;;
05/03/2011;09:00:00;26;com vítima;29;BR-116/RJ;Norte;Colisão traseira;3;;;;;;;;;;3;;2;;
05/03/2011;01:05:00;7;com vítima;67,1;BR-116/RJ;Sul;Capotamento;1;;;;;;;;;;;1;;;
05/03/2011;21:50:00;77;com vítima;80,8;BR-116/RJ;Norte;Derrapagem;1;;;;;;;;;;1;1;;;
05/03/2011;09:58:00;31;sem vítima;122,3;BR-116/RJ;Norte;Colisão traseira;1;;1;;;;;;;;5;;;;
05/03/2011;08:35:00;22;com vítima;133,5;BR-116/RJ;Sul;Colisão traseira;1;;1;;;;;;;;2;;1;;
06/03/2011;13:50:00;21;com vítima;7,3;BR-116/RJ;Norte;Derrapagem;1;;;;;;;;;;1;1;;;
06/03/2011;17:55:00;34;com vítima;80,2;BR-116/RJ;Norte;Abalroamento transversal;2;;;;;;;;;;;5;;;
06/03/2011;21:06:00;47;com vítima;96,2;BR-116/RJ;Sul;Abalroamento longitudinal;1;;;1;;;;;;;1;2;;;
06/03/2011;15:42:00;23;com vítima;97,5;BR-116/RJ;Sul;Colisão frontal;1;;1;;;;;;;;7;2;;;
06/03/2011;10:13:00;11;com vítima;127,1;BR-116/RJ;Sul;Colisão frontal;1;;;;;;;;;;1;1;;;
06/03/2011;18:54:00;36;com vítima;136,1;BR-116/RJ;Sul;Abalroamento transversal;1;1;;;;;;;;;1;;;;1
07/03/2011;08:55:00;17;sem vítima;40;BR-116/RJ;Sul;Colisão traseira;2;;;;;;;;;;8;;;;
07/03/2011;22:16:00;53;sem vítima;69;BR-116/RJ;Sul;Atropelamento de animal;1;;;;;;;;;;1;;;;
07/03/2011;16:48:00;46;com vítima;79,7;BR-116/RJ;Norte;Abalroamento longitudinal;1;;;1;;;;;;;1;;1;;
07/03/2011;08:00:00;14;com vítima;95,7;BR-116/RJ;Norte;Abalroamento longitudinal;1;;;1;;;;;;;3;1;1;;
07/03/2011;18:28:00;44;com vítima;123,6;BR-116/RJ;Norte;Queda de moto;;;;1;;;;;;;;2;;;
08/03/2011;03:05:00;1;com vítima;11,6;BR-116/RJ;Sul;Choque em objeto fixo;1;;;;;;;;;;;;2;;
08/03/2011;16:35:00;20;com vítima;53,3;BR-116/RJ;Norte;Queda de carga;;;1;;;;;;;;;;1;;
08/03/2011;15:15:00;17;sem vítima;125,4;BR-116/RJ;Norte;Queda de carga;;;1;;;;;;;;1;;;;
08/03/2011;23:46:00;39;com vítima;136,4;BR-116/RJ;Norte;Atropelamento de animal;2;;;;;;;;;;1;2;;4;
09/03/2011;09:27:00;18;com vítima;55,7;BR-116/RJ;Norte;Queda de moto;;;;1;;;;;;;;;1;;
09/03/2011;09:20:00;19;com vítima;106,9;BR-116/RJ;Norte;Colisão traseira;1;;;;1;;;;;;;2;;;
10/03/2011;12:36:00;32;com vítima;5,5;BR-116/RJ;Sul;Abalroamento longitudinal;1;;1;;;;;;;;1;1;;;
10/03/2011;14:38:00;45;com vítima;32,2;BR-116/RJ;Norte;Derrapagem;1;;;;;;;;;;1;1;;;
10/03/2011;22:22:00;70;com vítima;38,6;BR-116/RJ;Norte;Queda de moto;;;;1;;;;;;;;2;;;
10/03/2011;12:10:00;30;com vítima;40,3;BR-116/RJ;Sul;Abalroamento longitudinal;2;;;;;;;;;;2;1;;;
10/03/2011;09:53:00;21;com vítima;130,6;BR-116/RJ;Sul;Abalroamento longitudinal;1;;1;;;;;;;;1;1;;;
10/03/2011;11:30:00;29;sem vítima;142,5;BR-116/RJ;Norte;Colisão traseira;;;2;;;;;;;;2;;;;
11/03/2011;12:38:00;30;com vítima;136,8;BR-116/RJ;Norte;Abalroamento transversal;;;1;1;;;;;;;1;;;;1
11/03/2011;17:36:00;48;sem vítima;138,2;BR-116/RJ;Norte;Derrapagem;1;;;;;;;;;;1;;;;
12/03/2011;22:38:00;51;sem vítima;40,3;BR-116/RJ;Norte;Atropelamento de animal;1;;;;;;;;;;1;;;;
12/03/2011;21:47:00;49;sem vítima;65,2;BR-116/RJ;Sul;Atropelamento de animal;1;;;;;;;;;;1;;;;
12/03/2011;23:09:00;52;com vítima;106,95;BR-116/RJ;Sul;Colisão frontal;1;;;1;;;;;;;1;;2;;
13/03/2011;14:35:00;40;com vítima;16,5;BR-116/RJ;Norte;Derrapagem;1;;;;;;;;;;1;1;;;
13/03/2011;06:05:00;9;sem vítima;75,5;BR-116/RJ;Sul;Atropelamento de animal;;;1;;;;;;;;1;;;;
13/03/2011;00:29:00;2;com vítima;91,1;BR-116/RJ;Sul;Choque em objeto fixo;1;;;;;;;;;;1;2;;;
13/03/2011;10:01:00;23;sem vítima;94,1;BR-116/RJ;Sul;Derrapagem;1;;;;;;;;;;1;;;;
13/03/2011;06:10:00;12;sem vítima;121;BR-116/RJ;Norte;Derrapagem;1;;;;;;;;;;1;;;;
13/03/2011;07:26:00;19;sem vítima;137;BR-116/RJ;Norte;Derrapagem;1;;;;;;;;;;1;;;;
14/03/2011;17:27:00;48;com vítima;24,03;BR-116/RJ;Norte;Queda de carga;;;1;;;;;;;;;;1;;
14/03/2011;21:09:00;55;com vítima;122,3;BR-116/RJ;Sul;Derrapagem;1;;;;;;;;;;;1;;;
14/03/2011;02:04:00;4;com vítima;126,3;BR-116/RJ;Norte;Derrapagem;1;;;;;;;;;;3;1;;;
14/03/2011;11:49:00;27;com vítima;135,7;BR-116/RJ;Norte;Abalroamento transversal;;1;1;;;;;;;;1;;;;1
15/03/2011;07:38:00;14;sem vítima;76,7;BR-116/RJ;Norte;Colisão traseira;;;1;;1;;;;;;62;;;;
15/03/2011;21:42:00;60;com vítima;76,9;BR-116/RJ;Sul;Colisão frontal;;;1;1;;;;;;;;1;;;1
15/03/2011;05:13:00;5;com vítima;109,9;BR-116/RJ;Norte;Derrapagem;1;;;;;;;;;;3;1;1;;
16/03/2011;07:02:00;11;sem vítima;98,9;BR-116/RJ;Norte;Abalroamento longitudinal;1;;1;;;;;;;;2;;;;
16/03/2011;19:30:00;42;sem vítima;124,9;BR-116/RJ;Sul;Atropelamento de animal;;;;1;;;;;;;2;;;;
16/03/2011;21:38:00;49;com vítima;128,3;BR-116/RJ;Sul;Queda de moto;;;;1;;;;;;;;;1;;
16/03/2011;07:24:00;13;sem vítima;137,3;BR-116/RJ;Sul;Derrapagem;1;;;;;;;;;;1;;;;
16/03/2011;06:20:00;7;sem vítima;137,38;BR-116/RJ;Sul;Colisão traseira;1;;1;;;;;;;;2;;;;
16/03/2011;06:32:00;9;com vítima;143;BR-116/RJ;Sul;Colisão traseira;2;;;;;;;;;;1;1;;;
17/03/2011;15:25:00;35;sem vítima;29,3;BR-116/RJ;Norte;Derrapagem;1;;;;;;;;;;1;;;;
17/03/2011;10:00:00;14;sem vítima;129;BR-116/RJ;Sul;Abalroamento longitudinal;;;2;;;;;;;;2;;;;
18/03/2011;06:30:00;4;com vítima;103,6;BR-116/RJ;Sul;Colisão traseira;3;;;;;;;;;;2;1;;;
18/03/2011;18:29:00;32;com vítima;107,05;BR-116/RJ;Norte;Abalroamento longitudinal;1;;;1;;;;;;;2;1;;;
18/03/2011;07:10:00;9;sem vítima;132,78;BR-116/RJ;Sul;Choque em defensa;;;1;;;;;1;;;2;;;;
19/03/2011;05:18:00;4;com vítima;22,1;BR-116/RJ;Sul;Queda de moto;;;;1;;;;;;;;1;;;
19/03/2011;19:24:00;42;com vítima;37,25;BR-116/RJ;Norte;Colisão frontal;;;;2;;;;;;;;;;3;
19/03/2011;22:08:00;49;com vítima;40,3;BR-116/RJ;Sul;Colisão traseira;1;;1;;;;;;;;1;;;1;
19/03/2011;20:53:00;46;sem vítima;94,05;BR-116/RJ;Norte;Derrapagem;;;1;;;;;;;;1;;;;
19/03/2011;18:10:00;37;com vítima;101,5;BR-116/RJ;Sul;Queda de moto;;;;1;;;;;;;;1;;;
19/03/2011;03:41:00;2;sem vítima;143,3;BR-116/RJ;Sul;Choque em defensa;1;;;;;;;;;;1;;;;
20/03/2011;05:55:00;9;com vítima;8,15;BR-116/RJ;Norte;Queda de moto;;;;1;;;;;;;;;1;;
21/03/2011;17:45:00;38;sem vítima;35,1;BR-116/RJ;Sul;Atropelamento de animal;1;;;;;;;;;;1;;;;
21/03/2011;03:55:00;4;sem vítima;95,9;BR-116/RJ;Norte;Choque em objeto fixo;1;;;;;;;;;;1;;;;
22/03/2011;18:22:00;28;com vítima;29,5;BR-116/RJ;Norte;Derrapagem;1;;;;;;;;;;;8;;;
22/03/2011;04:17:00;1;sem vítima;117,3;BR-116/RJ;Sul;Derrapagem;1;;;;;;;;;;1;;;;
22/03/2011;17:05:00;24;com vítima;119,4;BR-116/RJ;Norte;Derrapagem;1;;;;;;;;;;;;;1;
23/03/2011;18:36:00;63;com vítima;26,2;BR-116/RJ;Norte;Capotamento;1;;;;;;;;;;;1;;;
23/03/2011;19:15:00;64;com vítima;94,1;BR-116/RJ;Sul;Derrapagem;;;1;;;;;;;;1;1;;;
23/03/2011;21:25:00;73;com vítima;113,65;BR-116/RJ;Norte;Atropel. de pedestre caminhando;1;;;;;;;;;;;;;1;
23/03/2011;11:14:00;24;sem vítima;133,6;BR-116/RJ;Norte;Abalroamento longitudinal;;;2;;;;;;;;2;;;;
24/03/2011;16:57:00;30;sem vítima;90,3;BR-116/RJ;Norte;Colisão traseira;2;;;;;;;;;;2;;;;
25/03/2011;10:00:00;15;sem vítima;103,3;BR-116/RJ;Sul;Colisão traseira;2;;;;;;;;;;6;;;;
25/03/2011;22:16:00;78;sem vítima;130,1;BR-116/RJ;Norte;Atropelamento de animal;1;;;;;;;;;;1;;;;
26/03/2011;22:15:00;57;sem vítima;29;BR-116/RJ;Norte;Colisão traseira;1;;;;1;;;;;;3;;;;
26/03/2011;10:00:00;11;sem vítima;136,05;BR-116/RJ;Norte;Abalroamento longitudinal;;;1;;1;;;;;;2;;;;
26/03/2011;11:20:00;17;sem vítima;138,8;BR-116/RJ;Sul;Derrapagem;1;;;;;;;;;;1;;;;
26/03/2011;07:19:00;6;com vítima;138,9;BR-116/RJ;Norte;Colisão traseira;;;2;;;;;;;;1;;1;;
27/03/2011;14:33:00;33;com vítima;5,8;BR-116/RJ;Sul;Derrapagem;;;1;;;;;;;;;;1;;
27/03/2011;22:05:00;64;sem vítima;51,975;BR-116/RJ;Norte;Choque em objeto na pista;1;;;;;;;;;;1;;;;
27/03/2011;15:19:00;35;sem vítima;89,5;BR-116/RJ;Norte;Choque em objeto fixo;;;1;;;;;;;;2;;;;
27/03/2011;18:20:00;48;com vítima;129,2;BR-116/RJ;Norte;Choque em defensa;1;;;;;;;;;;;;;1;
27/03/2011;21:32:00;63;sem vítima;143,5;BR-116/RJ;Sul;Abalroamento longitudinal;2;;;;;;;;;;8;;;;
29/03/2011;17:34:00;57;com vítima;39,7;BR-116/RJ;Norte;Queda de moto;1;;;1;;;;;;;;4;;;
29/03/2011;15:10:00;42;com vítima;88;BR-116/RJ;Norte;Choque em objeto fixo;1;;;;;;;;;;1;1;;;
29/03/2011;17:34:00;56;com vítima;94,2;BR-116/RJ;Norte;Colisão frontal;2;;1;;;;;;;;3;1;;;
29/03/2011;12:51:00;34;sem vítima;99,3;BR-116/RJ;Sul;Colisão traseira;2;;1;;;;;;;;3;;;;
30/03/2011;18:55:00;50;com vítima;29,3;BR-116/RJ;Sul;Abalroamento longitudinal;;;2;;;;;;;;;2;;;
30/03/2011;22:03:00;61;com vítima;54,05;BR-116/RJ;Sul;Derrapagem;;;;1;;;;;;;;1;;;
30/03/2011;17:35:00;43;sem vítima;128,9;BR-116/RJ;Sul;Choque em objeto fixo;1;;;;;;;;;;1;;;;
30/03/2011;15:55:00;39;com vítima;137,35;BR-116/RJ;Sul;Colisão traseira;1;;1;;;;;;;;2;1;;;
30/03/2011;07:37:00;7;sem vítima;137,5;BR-116/RJ;Sul;Derrapagem;;;1;;;;;;;;1;;;;
30/03/2011;16:07:00;40;sem vítima;137,5;BR-116/RJ;Sul;Colisão traseira;2;;;;;;;;;;2;;;;
30/03/2011;14:15:00;27;sem vítima;140,5;BR-116/RJ;Sul;Colisão traseira;2;;;;;;;;;;2;;;;
30/03/2011;19:30:00;52;sem vítima;142,65;BR-116/RJ;Norte;Colisão traseira;1;;;;1;;;;;;5;;;;
30/03/2011;20:05:00;54;com vítima;143,3;BR-116/RJ;Norte;Colisão traseira;1;;1;;1;;;;;;50;3;;;
31/03/2011;14:14:00;37;sem vítima;126,3;BR-116/RJ;Norte;Derrapagem;1;;;;;;;;;;1;;;;
31/03/2011;07:23:00;9;sem vítima;134;BR-116/RJ;Sul;Atropelamento de animal;1;;;;;;;;;;1;;;;
31/03/2011;16:38:00;50;sem vítima;137,5;BR-116/RJ;Sul;Colisão traseira;;;1;;1;;;;;;3;;;;
01/04/2011;06:35:00;4;com vítima;109,15;BR-116/RJ;Norte;Choque em defensa;1;;;;;;;;;;;1;;;
01/04/2011;07:13:00;7;com vítima;143;BR-116/RJ;Sul;Colisão traseira;2;;;;;;;;;;1;1;;;
02/04/2011;00:14:00;1;com vítima;21,5;BR-116/RJ;Norte;Choque em objeto fixo;1;;;;;;;;;;;3;;;
02/04/2011;01:36:00;6;com vítima;113,8;BR-116/RJ;Norte;Derrapagem;1;;;;;;;;;;;1;;;
02/04/2011;09:54:00;13;com vítima;76;BR-116/RJ;Sul;Colisão frontal;1;;;1;;;;;;;;1;2;;
02/04/2011;15:23:00;27;com vítima;60,4;BR-116/RJ;Norte;Abalroamento transversal;2;;;;;;;;;;;1;1;;
02/04/2011;23:40:00;51;sem vítima;142,5;BR-116/RJ;Norte;Choque em objeto fixo;1;;;;;;;;;;1;;;;
03/04/2011;11:14:00;13;sem vítima;132;BR-116/RJ;Sul;Choque em objeto fixo;1;;;;;;;;;;1;;;;
03/04/2011;20:43:00;17;sem vítima;88;BR-116/RJ;Sul;Atropelamento de animal;1;;;;;;;;;;2;;;;
04/04/2011;04:59:00;8;sem vítima;130,1;BR-116/RJ;Norte;Abalroamento longitudinal;2;;;;;;;;;;3;;;;
04/04/2011;05:49:00;10;sem vítima;143,4;BR-116/RJ;Sul;Colisão traseira;2;;1;;;;;;;;5;;;;
04/04/2011;07:50:00;13;com vítima;105,2;BR-116/RJ;Sul;Derrapagem;1;;;;;;;;;; ;1;;;
04/04/2011;09:34:00;15;com vítima;95,3;BR-116/RJ;Sul;Abalroamento longitudinal;1;;1;;;;;;;; ;1;;;
04/04/2011;15:28:00;32;com vítima;76,06;BR-116/RJ;Sul;Atropel. de pedestre caminhando;1;;; ;;;;;;;;;;1;
04/04/2011;17:20:00;41;com vítima;40,2;BR-116/RJ;Norte;Abalroamento longitudinal;;;1;1;;;;;;;1;1;;;
04/04/2011;18:30:00;45;com vítima;65,8;BR-116/RJ;Sul;Choque em objeto fixo;1;;;;;;;;;;;;1;;
05/04/2011;09:10:00;19;com vítima;125,3;BR-116/RJ;Norte;Abalroamento longitudinal;;;;1;1;;;;;;20;;2;;
05/04/2011;12:32:00;32;sem vítima;133,5;BR-116/RJ;Sul;Abalroamento longitudinal;1;;1;;;;;;;;2;;;;
05/04/2011;14:30:00;37;com vítima;99;BR-116/RJ;Sul;Queda de moto;;;;1;;;;;;;;1;;;
05/04/2011;15:56:00;44;com vítima;44;BR-116/RJ;Norte;Derrapagem;1;;;;;;;;;;;2;;;
05/04/2011;16:28:00;45;com vítima;27,6;BR-116/RJ;Norte;Derrapagem;1;;;;;;;;;;1;1;;;
06/04/2011;05:52:00;6;com vítima;140,2;BR-116/RJ;Sul;Colisão traseira;1;;;1;;;;;;;1;1;;;
06/04/2011;07:44:00;8;sem vítima;143,5;BR-116/RJ;Sul;Colisão traseira;2;;1;;1;;;;;;4;;;;
06/04/2011;10:35:00;11;sem vítima;143,9;BR-116/RJ;Sul;Abalroamento longitudinal;1;;1;;;;;;;;2;;;;
06/04/2011;10:52:00;13;sem vítima;143;BR-116/RJ;Sul;Abalroamento longitudinal;1;;1;;;;;;;;2;;;;
06/04/2011;11:27:00;18;com vítima;6,8;BR-116/RJ;Norte;Choque em objeto fixo;1;;;;;;;;;;;1;;;
06/04/2011;15:30:00;32;sem vítima;19;BR-116/RJ;Norte;Colisão traseira;;;2;;;;;;;;2;;;;
06/04/2011;20:16:00;47;com vítima;76,1;BR-116/RJ;Sul;Derrapagem;1;;;;;;;;;;;1;;;
07/04/2011;14:42:00;19;com vítima;137,7;BR-116/RJ;Norte;Derrapagem;1;;;;;;;;;;;1;;;
07/04/2011;18:23:00;29;sem vítima;122,1;BR-116/RJ;Sul;Atropelamento de animal;1;;;;;;;;;;1;;;;
07/04/2011;19:09:00;31;sem vítima;125,15;BR-116/RJ;Sul;Colisão traseira;1;;1;;;;;;;;2;;;;
08/04/2011;08:25:00;12;sem vítima;144;BR-116/RJ;Norte;Colisão traseira;1;;1;;;;;;;;2;;;;
08/04/2011;13:23:00;27;com vítima;100,4;BR-116/RJ;Sul;Colisão traseira;1;;1;;;;;;;;2;1;;;