data;horario;n_da_ocorrencia;tipo_de_ocorrencia;km;trecho;sentido;tipo_de_acidente;automovel;bicicleta;caminhao;moto;onibus;outros;tracao_animal;transporte_de_cargas_especiais;trator_maquinas;utilitarios;ilesos;levemente_feridos;moderadamente_feridos;gravemente_feridos;mortos
18/07/2011;12:48:00;36;sem vítima;89;BR-116/RJ;Sul;Colisão traseira;3;;;;;;;;;;3;;;;
18/07/2011;17:07:00;46;sem vítima;133,5;BR-116/RJ;Norte;Colisão traseira;1;;1;;;;;;;;2;;;;
19/07/2011;20:13:00;51;sem vítima;81;BR-116/RJ;Norte;Choque em objeto fixo;1;;;;;;;;;;1;;;;
19/07/2011;17:35:00;40;sem vítima;114,3;BR-116/RJ;Norte;Abalroamento longitudinal;2;;;;;;;;;;2;;;;
19/07/2011;14:13:00;29;com vítima;122,4;BR-116/RJ;Sul;Queda de moto;;;;1;;;;;;;;;1;;
20/07/2011;15:08:00;30;sem vítima;103,1;BR-116/RJ;Norte;Colisão traseira;1;;1;;;;;;;;2;;;;
20/07/2011;20:55:00;43;sem vítima;144;BR-116/RJ;Norte;Abalroamento longitudinal;2;;;;;;;;;;2;;;;
21/07/2011;12:14:00;17;sem vítima;68,2;BR-116/RJ;Sul;Colisão traseira;3;;;;;;;;;;8;;;;
22/07/2011;18:04:00;48;com vítima;36;BR-116/RJ;Sul;Queda de moto;;;;1;;;;;;;;1;;;
22/07/2011;19:15:00;59;com vítima;101,2;BR-116/RJ;Norte;Choque em barreira New Jersey ;1;;;;;;;;;;;2;1;;
22/07/2011;08:29:00;10;com vítima;131;BR-116/RJ;Norte;Colisão traseira;2;;1;;;;;;;;2;1;;;
22/07/2011;22:56:00;70;com vítima;138,8;BR-116/RJ;Sul;Choque em objeto fixo;1;;;;;;;;;;;1;;;
23/07/2011;08:23:00;10;com vítima;13,2;BR-116/RJ;Sul;Choque em objeto fixo;1;;;;;;;;;;;2;2;;
23/07/2011;07:16:00;4;com vítima;32,3;BR-116/RJ;Sul;Derrapagem;1;;;;;;;;;;4;1;;;
23/07/2011;13:28:00;20;com vítima;32,3;BR-116/RJ;Sul;Abalroamento transversal;1;;1;;;;;;;;;1;1;;
23/07/2011;07:10:00;6;com vítima;35,05;BR-116/RJ;Sul;Derrapagem;1;;;;;;;;;;2;1;;;
23/07/2011;07:28:00;8;sem vítima;49,8;BR-116/RJ;Norte;Choque em barreira New Jersey ;1;;;;;;;;;;1;;;;
23/07/2011;08:30:00;11;sem vítima;109,1;BR-116/RJ;Norte;Derrapagem;1;;;;;;;;;;1;;;;
23/07/2011;18:48:00;36;sem vítima;137,8;BR-116/RJ;Sul;Abalroamento longitudinal;2;;;;;;;;;;2;;;;
23/07/2011;19:03:00;37;com vítima;137,85;BR-116/RJ;Sul;Colisão traseira;2;;;;;;;;;;1;3;;;
23/07/2011;10:34:00;12;com vítima;143,5;BR-116/RJ;Norte;Choque em veículo parado na pista;;;2;;;;;;;;;;3;1;
23/07/2011;13:23:00;19;sem vítima;143,85;BR-116/RJ;Sul;Colisão traseira;1;;;;1;;;;;;22;;;;
24/07/2011;01:15:00;2;com vítima;77,8;BR-116/RJ;Sul;Derrapagem;1;;;;;;;;;;;1;;;
24/07/2011;08:00:00;9;sem vítima;90,3;BR-116/RJ;Norte;Derrapagem;1;;;;;;;;;;1;;;;
24/07/2011;13:43:00;18;sem vítima;102,2;BR-116/RJ;Sul;Abalroamento longitudinal;2;;;;;;;;;;4;;;;
24/07/2011;18:50:00;31;com vítima;131,5;BR-116/RJ;Sul;Atropel. de pedestre atravessando;1;;;;;;;;;;2;;;;1
24/07/2011;01:48:00;3;com vítima;140,025;BR-116/RJ;Norte;Queda de moto;;;;1;;;;;;;;;1;;
24/07/2011;22:27:00;44;com vítima;142,5;BR-116/RJ;Norte;Colisão traseira;2;;;;1;;;;;;3;1;1;;
25/07/2011;07:27:00;7;com vítima;19,05;BR-116/RJ;Norte;Derrapagem;;;1;;;;;;;;;1;;;
25/07/2011;23:37:00;50;sem vítima;56,5;BR-116/RJ;Norte;Derrapagem;1;;;;;;;;;;3;;;;
25/07/2011;00:20:00;2;sem vítima;72,4;BR-116/RJ;Norte;Choque em barreira New Jersey ;1;;;;;;;;;;2;;;;
25/07/2011;11:45:00;20;sem vítima;107,5;BR-116/RJ;Sul;Queda de carga;;;1;;;;;;;;1;;;;
27/07/2011;06:45:00;6;com vítima;26,4;BR-116/RJ;Norte;Choque em objeto fixo;1;;;;;;;;;;;1;;;
27/07/2011;15:24:00;36;com vítima;103,7;BR-116/RJ;Sul;Queda de moto;;;;1;;;;;;;;;1;;
28/07/2011;08:56:00;11;sem vítima;143,7;BR-116/RJ;Sul;Colisão traseira;2;;;;;;;;;;2;;;;
29/07/2011;08:49:00;15;sem vítima;35;BR-116/RJ;Norte;Choque em objeto fixo;1;;;;;;;;;;2;;;;
29/07/2011;15:18:00;41;com vítima;66,8;BR-116/RJ;Norte;Colisão frontal;2;;;;;;;;;;;;2;2;
29/07/2011;09:27:00;18;sem vítima;76,3;BR-116/RJ;Norte;Colisão traseira;2;;;;;;;;;;2;;;;
29/07/2011;14:04:00;36;com vítima;140,1;BR-116/RJ;Norte;Choque em defensa;1;;;;;;;;;;;2;;;
29/07/2011;18:55:00;66;com vítima;143,5;BR-116/RJ;Sul;Abalroamento longitudinal;1;;;;1;;;;;;1;1;;;
30/07/2011;11:05:00;27;sem vítima;3,1;BR-116/RJ;Norte;Choque em objeto fixo;1;;;;;;;;;;3;;;;
30/07/2011;04:48:00;9;com vítima;35,3;BR-116/RJ;Sul;Derrapagem;1;;;;;;;;;;;3;;;
30/07/2011;18:27:00;64;sem vítima;40,1;BR-116/RJ;Sul;Choque em objeto fixo;1;;;;;;;;;;1;;;;
30/07/2011;19:48:00;70;com vítima;104,2;BR-116/RJ;Norte;Abalroamento transversal;1;;;1;;;;;;;1;1;;;
30/07/2011;01:50:00;5;sem vítima;122,5;BR-116/RJ;Norte;Choque em objeto fixo;1;;;;;;;;;;1;;;;
31/07/2011;03:16:00;7;sem vítima;91,3;BR-116/RJ;Sul;Derrapagem;1;;;;;;;;;;5;;;;
31/07/2011;12:07:00;25;com vítima;132,2;BR-116/RJ;Sul;Derrapagem;1;;1;;;;;;;;1;2;;;
31/07/2011;18:08:00;45;sem vítima;138,9;BR-116/RJ;Sul;Colisão traseira;2;;;;;;;;;;3;;;;
31/07/2011;18:21:00;47;sem vítima;139,4;BR-116/RJ;Sul;Colisão traseira;4;;;;;;;;;;8;;;;
31/07/2011;19:40:00;53;sem vítima;139,4;BR-116/RJ;Sul;Colisão traseira;2;;;;;;;;;;2;;;;
31/07/2011;17:35:00;41;sem vítima;142;BR-116/RJ;Sul;Colisão traseira;2;;;;;;;;;;6;;;;
31/07/2011;10:50:00;14;com vítima;143,95;BR-116/RJ;Sul;Queda de moto;;;;1;;;;;;;;2;;;
01/08/2011;19:58:00;51;com vítima;35,8;BR-116/RJ;Norte;Abalroamento transversal;2;;;;;;;;;;2;;2;;
01/08/2011;13:32:00;29;com vítima;80,3;BR-116/RJ;Sul;Derrapagem;1;;;;;;;;;;;;2;;
01/08/2011;20:38:00;53;com vítima;92,9;BR-116/RJ;Sul;Colisão frontal;2;;;;;;;;;;3;;2;;
01/08/2011;08:07:00;11;sem vítima;97,1;BR-116/RJ;Sul;Colisão traseira;1;;;1;;;;;;;2;;;;
01/08/2011;11:38:00;25;com vítima;99;BR-116/RJ;Sul;Colisão traseira;3;;1;;;;;;;;2;2;;;
02/08/2011;09:45:00;15;com vítima;67,1;BR-116/RJ;Norte;Abalroamento transversal;1;;;1;;;;;;;;2;;;
02/08/2011;10:55:00;20;sem vítima;101,8;BR-116/RJ;Sul;Colisão traseira;2;;;;;;;;;;2;;;;
02/08/2011;10:56:00;21;sem vítima;137,9;BR-116/RJ;Sul;Abalroamento longitudinal;1;;;;1;;;;;;3;;;;
03/08/2011;23:37:00;47;com vítima;29,4;BR-116/RJ;Norte;Choque em barreira New Jersey ;;;1;;;;;;;;;1;;;
03/08/2011;01:15:00;3;com vítima;53,4;BR-116/RJ;Sul;Capotamento;1;;;;;;;;;;;;1;;
04/08/2011;06:52:00;6;com vítima;84,1;BR-116/RJ;Sul;Colisão traseira;2;;;;;;;;;;5;;3;;
04/08/2011;11:45:00;13;sem vítima;133,5;BR-116/RJ;Sul;Abalroamento longitudinal;1;;1;;;;;;;;3;;;;
04/08/2011;17:35:00;28;com vítima;136,55;BR-116/RJ;Sul;Atropel. de pedestre atravessando;;;1;;;;;;;;;1;;;1
04/08/2011;12:11:00;15;sem vítima;138,3;BR-116/RJ;Norte;Abalroamento longitudinal;1;;1;;;;;;;;3;;;;
04/08/2011;00:23:00;25;sem vítima;143,9;BR-116/RJ;Sul;Choque em defensa;;;1;;;;;;;;2;;;;
05/08/2011;13:05:00;26;com vítima;55,55;BR-116/RJ;Sul;Abalroamento longitudinal;1;;1;;;;;;;;1;;4;;
05/08/2011;23:06:00;51;com vítima;85,7;BR-116/RJ;Sul;Choque em objeto fixo;1;;;;;;;;;;;2;;;
05/08/2011;13:05:00;27;sem vítima;98,95;BR-116/RJ;Sul;Colisão traseira;1;;1;;;;;;;;5;;;;
06/08/2011;16:45:00;45;com vítima;73,4;BR-116/RJ;Norte;Derrapagem;1;;;;;;;;;;;;2;;
06/08/2011;10:55:00;28;sem vítima;91;BR-116/RJ;Norte;Colisão traseira;2;;;;;;;;;;3;;;;
06/08/2011;16:30:00;44;sem vítima;99;BR-116/RJ;Norte;Colisão traseira;3;;;;;;;;;;3;;;;
06/08/2011;23:30:00;61;sem vítima;114,3;BR-116/RJ;Norte;Atropelamento de animal;1;;;;;;;;;;1;;;;
06/08/2011;21:24:00;59;sem vítima;135,9;BR-116/RJ;Norte;Abalroamento longitudinal;;;2;;;;;;;;2;;;;
06/08/2011;12:47:00;35;sem vítima;143,5;BR-116/RJ;Norte;Choque em defensa;1;;;;;;;;;;1;;;;
07/08/2011;16:20:00;38;sem vítima;29,01;BR-116/RJ;Norte;Colisão traseira;2;;;;;;;;;;6;;;;
07/08/2011;22:41:00;65;com vítima;107,9;BR-116/RJ;Norte;Abalroamento transversal;1;;;1;;;;;;;2;;1;;
07/08/2011;19:40:00;53;com vítima;139,7;BR-116/RJ;Sul;Colisão traseira;1;;;1;;;;;;;1;1;1;;
07/08/2011;16:55:00;46;sem vítima;143,7;BR-116/RJ;Sul;Colisão traseira;3;;;;;;;;;;11;;;;
08/08/2011;13:06:00;23;sem vítima;98,3;BR-116/RJ;Sul;Colisão traseira;1;;1;;;;;;;;2;;;;
08/08/2011;15:05:00;31;sem vítima;107;BR-116/RJ;Sul;Derrapagem;1;;;;;;;;;;1;;;;
09/08/2011;04:46:00;4;com vítima;29,3;BR-116/RJ;Sul;Derrapagem;1;;;;;;;;;;;1;;;
09/08/2011;10:46:00;23;com vítima;93,3;BR-116/RJ;Norte;Queda de moto;;;;1;;;;;;;;1;;;
09/08/2011;09:02:00;14;com vítima;142,222;BR-116/RJ;Sul;Derrapagem;1;;;;;;;;;;;4;;;
10/08/2011;17:00:00;32;com vítima;;BR-116/RJ;Sul;Colisão traseira;2;;;;;;;;;;1;3;;;
10/08/2011;15:10:00;28;com vítima;103,3;BR-116/RJ;Sul;Queda de moto;;;;1;;;;;;;;1;;;
10/08/2011;16:45:00;30;sem vítima;122,1;BR-116/RJ;Sul;Choque em barreira New Jersey ;;;1;;;;;;;;3;;;;
10/08/2011;19:22:00;42;sem vítima;133,5;BR-116/RJ;Norte;Choque em barreira New Jersey ;1;;;;;;;;;;1;;;;
11/08/2011;08:18:00;12;sem vítima;90,58;BR-116/RJ;Sul;Colisão traseira;3;;;;;;;;;;3;;;;
11/08/2011;08:35:00;14;sem vítima;91,8;BR-116/RJ;Norte;Abalroamento longitudinal;1;;1;;;;;;;;2;;;;
11/08/2011;00:45:00;2;sem vítima;143,8;BR-116/RJ;Sul;Choque em barreira New Jersey ;1;;;;;;;;;;1;;;;
12/08/2011;09:16:00;15;com vítima;5,5;BR-116/RJ;Norte;Derrapagem;1;;;;;;;;;;;1;;;
12/08/2011;23:20:00;72;com vítima;86,9;BR-116/RJ;Sul;Capotamento;1;;1;;;;;;;;;1;;1;2
12/08/2011;14:31:00;31;com vítima;132;BR-116/RJ;Sul;Queda de moto;;;;1;;;;;;;;1;;;
12/08/2011;16:51:00;40;sem vítima;133,5;BR-116/RJ;Sul;Colisão traseira;1;;1;;;;;;;;2;;;;
12/08/2011;14:26:00;30;com vítima;137;BR-116/RJ;Sul;Queda de moto;;;;1;;;;;;;;1;;;
12/08/2011;12:39:00;23;sem vítima;143,7;BR-116/RJ;Sul;Colisão traseira;1;;1;;;;;;;;2;;;;
13/08/2011;21:48:00;62;com vítima;61,7;BR-116/RJ;Sul;Abalroamento longitudinal;1;;1;;;;;;;;;2;;;
13/08/2011;16:21:00;38;com vítima;67,1;BR-116/RJ;Norte;Atropel. de pedestre atravessando;;;1;;;;;;;;1;;;;1
13/08/2011;18:12:00;43;com vítima;132,5;BR-116/RJ;Norte;Colisão traseira;1;;;1;;;;;;;1;1;1;;
14/08/2011;21:20:00;65;com vítima;43,3;BR-116/RJ;Norte;Abalroamento longitudinal;;;1;1;;;;;;;;1;;;1
14/08/2011;18:45:00;46;com vítima;143,9;BR-116/RJ;Sul;Queda de moto;;;;1;;;;;;;;1;;;
15/08/2011;10:34:00;20;com vítima;27;BR-116/RJ;Sul;Capotamento;;;1;;;;;;;;;1;;;
15/08/2011;05:30:00;8;com vítima;67,7;BR-116/RJ;Sul;Derrapagem;1;;;;;;;;;;;1;;;
15/08/2011;04:45:00;5;com vítima;82,95;BR-116/RJ;Sul;Atropelamento de animal;1;;1;;;;;;;;;2;;;
15/08/2011;22:04:00;43;com vítima;83,7;BR-116/RJ;Norte;Queda de moto;;;;1;;;;;;;;;;1;
15/08/2011;08:46:00;16;sem vítima;93,95;BR-116/RJ;Sul;Colisão traseira;2;;;;;;;;;;0;;;;
15/08/2011;07:07:00;12;sem vítima;98,9;BR-116/RJ;Sul;Choque em objeto fixo;1;;;;;;;;;;1;;;;
15/08/2011;06:43:00;10;sem vítima;101;BR-116/RJ;Sul;Atropelamento de animal;1;;;;;;;;;;1;;;;
15/08/2011;11:07:00;22;sem vítima;107;BR-116/RJ;Sul;Derrapagem;1;;;;;;;;;;1;;;;
15/08/2011;07:20:00;13;com vítima;140,1;BR-116/RJ;Sul;Queda de moto;;;;1;;;;;;;;1;;;
15/08/2011;06:45:00;11;sem vítima;140,4;BR-116/RJ;Sul;Queda de moto;1;;;;;;;;;;56;;;;
16/08/2011;21:26:00;46;com vítima;75,7;BR-116/RJ;Norte;Derrapagem;;;1;;;;;;;;;1;1;;
17/08/2011;05:20:00;2;sem vítima;75,7;BR-116/RJ;Sul;Abalroamento longitudinal;;;1;1;;;;;;;2;;;;
18/08/2011;17:31:00;43;com vítima;72;BR-116/RJ;Sul;Queda de moto;;;;1;;;;;;;;;1;;
18/08/2011;16:49:00;39;com vítima;123,1;BR-116/RJ;Sul;Colisão traseira;1;;1;;;;;;;;1;1;;;
18/08/2011;08:30:00;14;sem vítima;143,7;BR-116/RJ;Sul;Colisão traseira;1;;1;;;;;;;;2;;;;
18/08/2011;16:08:00;37;sem vítima;143,7;BR-116/RJ;Sul;Colisão traseira;2;;;;;;;;;;2;;;;
19/08/2011;15:13:00;23;sem vítima;62,05;BR-116/RJ;Norte;Abalroamento longitudinal;1;;;1;;;;;;;2;;;;
19/08/2011;07:15:00;6;com vítima;76,6;BR-116/RJ;Sul;Colisão frontal;1;;;1;;;;;;;1;;2;;
19/08/2011;06:52:00;5;sem vítima;94,7;BR-116/RJ;Norte;Queda de moto;;;;1;;;;;;;1;;;;
19/08/2011;02:00:00;2;sem vítima;144;BR-116/RJ;Norte;Derrapagem;1;;;;;;;;;;1;;;;
20/08/2011;15:40:00;31;com vítima;73,1;BR-116/RJ;Sul;Queda de moto;;;;1;;;;;;;;;;1;
20/08/2011;18:01:00;42;com vítima;77,9;BR-116/RJ;Norte;Atropel. de pedestre atravessando;1;;;;;;;;;;1;;;1;
20/08/2011;21:56:00;50;sem vítima;125,5;BR-116/RJ;Norte;Choque em objeto fixo;1;;;;;;;;;;4;;;;
20/08/2011;19:27:00;44;sem vítima;137,3;BR-116/RJ;Sul;Choque em defensa;2;;;;;;;;;;4;;;;
20/08/2011;20:31:00;47;com vítima;137,3;BR-116/RJ;Sul;Colisão traseira;1;;;;1;;;;;;2;1;;;
20/08/2011;23:10:00;56;com vítima;141,4;BR-116/RJ;Norte;Choque em defensa;1;;;;;;;;;;2;1;;;
21/08/2011;00:11:00;2;com vítima;2,65;BR-116/RJ;Norte;Atropel. de pedestre atravessando;1;;;;;;;;;;1;2;;;1
21/08/2011;19:05:00;41;sem vítima;58,6;BR-116/RJ;Sul;Choque em objeto fixo;1;;;;;;;;;;1;;;;
21/08/2011;18:06:00;36;com vítima;65,8;BR-116/RJ;Sul;Abalroamento transversal;2;;;;;;;;;;1;5;;;
21/08/2011;14:49:00;27;com vítima;69,9;BR-116/RJ;Sul;Atropel. de pedestre atravessando;1;;;;;;;;;;1;;;1;
21/08/2011;12:08:00;17;sem vítima;89,5;BR-116/RJ;Sul;Derrapagem;1;;;;;;;;;;4;;;;
21/08/2011;23:55:00;48;sem vítima;90,5;BR-116/RJ;Sul;Choque em barreira New Jersey ;1;;;;;;;;;;3;;;;
21/08/2011;12:52:00;19;com vítima;90,7;BR-116/RJ;Norte;Choque em veículo parado na pista;3;;;;;;;;;;8;;1;;
21/08/2011;15:03:00;28;sem vítima;104,5;BR-116/RJ;Sul;Colisão traseira;2;;;;;;;;;;2;;;;
21/08/2011;09:10:00;11;sem vítima;118,7;BR-116/RJ;Norte;Choque em barreira New Jersey ;1;;;;;;;;;;1;;;;
21/08/2011;06:47:00;9;com vítima;139,7;BR-116/RJ;Norte;Choque em barreira New Jersey ;1;;;;;;;;;;;1;1;;
21/08/2011;19:59:00;42;sem vítima;142,85;BR-116/RJ;Sul;Choque em barreira New Jersey ;1;;;;;;;;;;1;;;;
22/08/2011;11:40:00;21;com vítima;78,5;BR-116/RJ;Sul;Abalroamento longitudinal;1;;;1;;;;;;;2;1;;;
22/08/2011;13:47:00;33;sem vítima;104,2;BR-116/RJ;Norte;Colisão traseira;1;;1;;;;;;;;3;;;;
22/08/2011;13:29:00;31;com vítima;106,3;BR-116/RJ;Norte;Choque em veículo parado na pista;1;;;1;;;;;;;1;1;;;
23/08/2011;19:14:00;32;com vítima;6,4;BR-116/RJ;Sul;Abalroamento longitudinal;1;;1;;;;;;;;1;;1;;
23/08/2011;06:20:00;4;com vítima;35,026;BR-116/RJ;Norte;Derrapagem;1;;;;;;;;;;1;;5;;
23/08/2011;07:34:00;8;sem vítima;96,9;BR-116/RJ;Norte;Colisão traseira;2;;;;;;;;;;2;;;;
23/08/2011;19:10:00;30;sem vítima;114,3;BR-116/RJ;Sul;Colisão traseira;1;;;1;;;;;;;2;;;;
24/08/2011;02:26:00;6;com vítima;91,2;BR-116/RJ;Sul;Derrapagem;;;1;;;;;;;;1;1;;;
24/08/2011;07:28:00;13;com vítima;107,6;BR-116/RJ;Norte;Atropel. de pedestre atravessando;1;;;;;;;;;;;1;;;2
25/08/2011;09:53:00;16;com vítima;85;BR-116/RJ;Sul;Abalroamento longitudinal;2;;;;;;;;;;;2;;;
25/08/2011;13:10:00;24;sem vítima;85,8;BR-116/RJ;Sul;Choque em veículo parado na pista;2;;;;;;;;;;2;;;;
26/08/2011;06:12:00;4;com vítima;49;BR-116/RJ;Norte;Choque em objeto fixo;1;;;;;;;;;;;1;;;
26/08/2011;08:24:00;9;sem vítima;80;BR-116/RJ;Sul;Abalroamento transversal;2;;;;;;;;;;3;;;;
26/08/2011;19:58:00;52;com vítima;122;BR-116/RJ;Sul;Capotamento;;;1;;;;;;;;1;;1;;
27/08/2011;08:39:00;6;sem vítima;94,8;BR-116/RJ;Sul;Colisão traseira;2;;;;;;;;;;2;;;;
27/08/2011;15:06:00;31;sem vítima;98;BR-116/RJ;Sul;Colisão traseira;2;;;;;;;;;;2;;;;
27/08/2011;11:06:00;15;sem vítima;99,9;BR-116/RJ;Norte;Abalroamento longitudinal;1;;1;;;;;;;;2;;;;
27/08/2011;17:40:00;40;com vítima;108,9;BR-116/RJ;Norte;Abalroamento transversal;1;;;1;;;;;;;;;2;2;
27/08/2011;19:05:00;42;sem vítima;108,9;BR-116/RJ;Norte;Derrapagem;2;;;;;;;;;;2;;;;
28/08/2011;12:20:00;31;com vítima;24,1;BR-116/RJ;Norte;Queda de moto;;;;1;;;;;;;;;1;;
28/08/2011;01:35:00;7;com vítima;133,5;BR-116/RJ;Sul;Choque em objeto fixo;;;;1;;;;;;;;1;;;
28/08/2011;01:48:00;8;sem vítima;135,3;BR-116/RJ;Norte;Choque em defensa;1;;;;;;;;;;1;;;;
28/08/2011;18:47:00;58;com vítima;143,8;BR-116/RJ;Sul;Colisão traseira;4;;;;;;;;;;15;1;;;
29/08/2011;01:40:00;4;com vítima;129,25;BR-116/RJ;Norte;Derrapagem;1;;;;;;;;;;;;1;;
30/08/2011;23:23:00;74;sem vítima;80,2;BR-116/RJ;Sul;Colisão traseira;1;;;;1;;;;;;2;;;;
30/08/2011;07:09:00;7;com vítima;90,5;BR-116/RJ;Norte;Colisão traseira;2;;;;;;;;;;1;3;;;
30/08/2011;05:46:00;3;sem vítima;96,25;BR-116/RJ;Sul;Derrapagem;1;;;;;;;;;;1;;;;
30/08/2011;18:14:00;61;sem vítima;133,6;BR-116/RJ;Norte;Abalroamento longitudinal;;;1;;1;;;;;;2;;;;
31/08/2011;12:24:00;14;com vítima;40,3;BR-116/RJ;Norte;Abalroamento transversal;1;;;1;;;;;;;1;;;1;
31/08/2011;19:40:00;39;com vítima;72;BR-116/RJ;Sul;Derrapagem;1;;;;;;;;;;;;1;;
31/08/2011;15:28:00;28;sem vítima;122,5;BR-116/RJ;Norte;Choque em defensa;1;;;;;;;;;;1;;;;
01/09/2011;21:05:00;39;com vítima;11,5;BR-116/RJ;Norte;Atropelamento de animal;;;1;;;;;;;;;1;;;
01/09/2011;19:55:00;38;com vítima;23,3;BR-116/RJ;Norte;Choque em barreira New Jersey ;;;1;;;;;;;;1;1;;;
01/09/2011;11:09:00;16;sem vítima;97,8;BR-116/RJ;Norte;Colisão traseira;2;;1;;;;;;;;5;;;;
01/09/2011;04:53:00;7;sem vítima;100,5;BR-116/RJ;Sul;Queda de moto;;;;1;;;;;;;1;;;;
01/09/2011;02:59:00;4;sem vítima;143,8;BR-116/RJ;Norte;Choque em barreira New Jersey ;1;;;;;;;;;;1;;;;
02/09/2011;20:23:00;42;com vítima;38,5;BR-116/RJ;Norte;Abalroamento transversal;1;;;1;;;;;;;1;;;2;
02/09/2011;14:30:00;21;com vítima;56;BR-116/RJ;Norte;Derrapagem;1;;;;;;;;;;;1;;;
02/09/2011;00:55:00;4;com vítima;74,9;BR-116/RJ;Norte;Queda de moto;;;;1;;;;;;;;1;;;
02/09/2011;19:36:00;39;sem vítima;102,4;BR-116/RJ;Norte;Choque em veículo parado na pista;1;;1;;;;;;;;3;;;;
03/09/2011;21:33:00;45;sem vítima;114,5;BR-116/RJ;Norte;Choque em veículo parado na pista;2;;;;;;;;;;2;;;;
03/09/2011;20:41:00;44;com vítima;127,4;BR-116/RJ;Norte;Queda de moto;;;;1;;;;;;;;1;;;
03/09/2011;14:28:00;28;com vítima;141,1;BR-116/RJ;Sul;Choque em barreira New Jersey ;1;;;;;;;;;;;;2;;
03/09/2011;22:32:00;50;sem vítima;144;BR-116/RJ;Norte;Derrapagem;1;;;;;;;;;;2;;;;
04/09/2011;07:16:00;16;com vítima;35;BR-116/RJ;Sul;Derrapagem;1;;;;;;;;;;;3;1;;
04/09/2011;11:04:00;24;com vítima;95,3;BR-116/RJ;Norte;Queda de moto;;;;1;;;;;;;;1;;;
04/09/2011;12:47:00;28;com vítima;133,5;BR-116/RJ;Sul;Choque em objeto fixo;1;;;;;;;;;;;2;;;
04/09/2011;15:03:00;35;sem vítima;143,85;BR-116/RJ;Sul;Abalroamento longitudinal;1;;1;;;;;;;;2;;;;
05/09/2011;19:45:00;53;com vítima;60,6;BR-116/RJ;Sul;Abalroamento longitudinal;;;1;1;;;;;;;1;;1;;
05/09/2011;09:38:00;13;sem vítima;133,5;BR-116/RJ;Sul;Colisão traseira;1;;1;;;;;;;;0;;;;
05/09/2011;22:38:00;61;sem vítima;134,8;BR-116/RJ;Norte;Atropelamento de animal;1;;;;;;;;;;3;;;;
06/09/2011;09:02:00;9;com vítima;106,2;BR-116/RJ;Sul;Abalroamento longitudinal;1;;;1;;;;;;;1;;1;;
06/09/2011;22:26:00;48;com vítima;124,3;BR-116/RJ;Sul;Colisão traseira;1;;;1;;;;;;;1;;;2;
06/09/2011;22:45:00;50;com vítima;132,5;BR-116/RJ;Sul;Queda de moto;;;;1;;;;;;;;;;2;
07/09/2011;18:40:00;41;sem vítima;12,5;BR-116/RJ;Sul;Atropelamento de animal;1;;;;;;;;;;1;;;;
07/09/2011;19:05:00;45;com vítima;63,7;BR-116/RJ;Sul;Choque em objeto fixo;1;;;;;;;;;;1;1;;;
07/09/2011;20:14:00;49;com vítima;89;BR-116/RJ;Norte;Colisão frontal;2;;;1;;;;;;;;2;2;;
07/09/2011;13:46:00;26;com vítima;103,7;BR-116/RJ;Norte;Colisão traseira;1;;;1;;;;;;;1;1;;;
07/09/2011;14:06:00;27;com vítima;104,4;BR-116/RJ;Norte;Abalroamento transversal;2;;;;;;;;;;1;1;2;;
07/09/2011;18:21:00;40;com vítima;105;BR-116/RJ;Norte;Choque em defensa;1;;;;;;;;;;;2;2;;
07/09/2011;18:53:00;43;com vítima;108,3;BR-116/RJ;Norte;Derrapagem;1;;;;;;;;;;;;1;;
07/09/2011;23:19:00;53;com vítima;137;BR-116/RJ;Norte;Abalroamento transversal;1;;;1;;;;;;;1;;1;;1
07/09/2011;11:55:00;21;sem vítima;139,4;BR-116/RJ;Norte;Choque em objeto fixo;1;;;;;;;;;;3;;;;
07/09/2011;05:20:00;5;sem vítima;143,85;BR-116/RJ;Norte;Derrapagem;1;;;;;;;;;;4;;;;
08/09/2011;03:27:00;5;sem vítima;44,6;BR-116/RJ;Sul;Atropelamento de animal;1;;;;;;;;;;1;;;;
08/09/2011;02:42:00;3;com vítima;86,3;BR-116/RJ;Sul;Capotamento;;;1;;;;;;;;;1;;;
08/09/2011;05:32:00;8;com vítima;143,9;BR-116/RJ;Sul;Colisão traseira;1;;1;;;;;;;;;2;;;
09/09/2011;20:33:00;57;com vítima;71,5;BR-116/RJ;Norte;Abalroamento transversal;2;;;;;;;;;;3;;1;;
09/09/2011;23:24:00;70;sem vítima;123,7;BR-116/RJ;Norte;Abalroamento longitudinal;1;;1;;;;;;;;1;;;;
09/09/2011;21:50:00;64;com vítima;123,9;BR-116/RJ;Sul;Abalroamento longitudinal;1;;1;;;;;;;;1;1;;;
10/09/2011;18:36:00;46;com vítima;67,2;BR-116/RJ;Norte;Atropelamento de animal;;;;1;;;;;;;;;1;;
10/09/2011;22:15:00;64;sem vítima;125,2;BR-116/RJ;Norte;Queda de carga;;;1;;;;;;;;1;;;;
10/09/2011;03:49:00;9;com vítima;129,2;BR-116/RJ;Norte;Derrapagem;1;;;;;;;;;;;;1;;
10/09/2011;08:55:00;18;sem vítima;132;BR-116/RJ;Norte;Abalroamento longitudinal;1;;1;;;;;;;;2;;;;