data;horario;n_da_ocorrencia;tipo_de_ocorrencia;km;trecho;sentido;tipo_de_acidente;automovel;bicicleta;caminhao;moto;onibus;outros;tracao_animal;transporte_de_cargas_especiais;trator_maquinas;utilitarios;ilesos;levemente_feridos;moderadamente_feridos;gravemente_feridos;mortos
10/09/2011;20:12:00;55;sem vítima;138;BR-116/RJ;Norte;Colisão traseira;2;;;;;;;;;;2;;;;
11/09/2011;03:41:00;10;com vítima;13,1;BR-116/RJ;Norte;Choque em objeto fixo;1;;;;;;;;;;;1;;;
11/09/2011;15:40:00;46;com vítima;39;BR-116/RJ;Sul;Abalroamento longitudinal;2;;;;;;;;;;;4;;;
11/09/2011;22:35:00;78;com vítima;80;BR-116/RJ;Norte;Abalroamento longitudinal;2;;;;;;;;;;2;;1;;
11/09/2011;07:19:00;20;sem vítima;95,015;BR-116/RJ;Sul;Choque em objeto fixo;1;;;;;;;;;;5;;;;
11/09/2011;15:53:00;51;com vítima;118,8;BR-116/RJ;Sul;Choque em defensa;1;;;;;;;;;;1;1;;;
11/09/2011;22:28:00;77;sem vítima;123,3;BR-116/RJ;Sul;Choque em objeto fixo;1;;;;;;;;;;2;;;;
11/09/2011;02:05:00;8;com vítima;125,6;BR-116/RJ;Sul;Queda de moto;;;;1;;;;;;;;;1;;
11/09/2011;06:48:00;16;com vítima;125,7;BR-116/RJ;Sul;Choque em objeto fixo;1;;;;;;;;;;;;1;;
11/09/2011;12:13:00;37;com vítima;130,7;BR-116/RJ;Sul;Derrapagem;1;;;;;;;;;;1;1;;;
11/09/2011;19:09:00;61;sem vítima;136,9;BR-116/RJ;Norte;Abalroamento longitudinal;1;;1;;;;;;;;2;;;;
11/09/2011;06:15:00;15;sem vítima;137,7;BR-116/RJ;Norte;Choque em objeto na pista;1;;;;;;;;;;2;;;;
12/09/2011;18:44:00;45;com vítima;72,15;BR-116/RJ;Norte;Colisão frontal;1;;1;;;;;;;;;1;1;;
12/09/2011;15:36:00;37;sem vítima;84,3;BR-116/RJ;Sul;Abalroamento longitudinal;;;2;;;;;;;;2;;;;
12/09/2011;00:42:00;1;sem vítima;89,5;BR-116/RJ;Norte;Derrapagem;1;;;;;;;;;;1;;;;
12/09/2011;04:26:00;4;sem vítima;95,4;BR-116/RJ;Norte;Choque em objeto fixo;1;;;;;;;;;;1;;;;
12/09/2011;02:20:00;2;sem vítima;97,4;BR-116/RJ;Norte;Derrapagem;1;;;;;;;;;;4;;;;
12/09/2011;10:43:00;16;sem vítima;99,3;BR-116/RJ;Norte;Colisão traseira;1;;;;1;;;;;;45;;;;
12/09/2011;17:53:00;44;sem vítima;123,3;BR-116/RJ;Norte;Colisão traseira;1;;1;;;;;;;;2;;;;
12/09/2011;06:05:00;6;sem vítima;137,5;BR-116/RJ;Sul;Choque em objeto fixo;1;;;;;;;;;;1;;;;
12/09/2011;05:20:00;5;sem vítima;138,8;BR-116/RJ;Sul;Choque em objeto fixo;1;;;;;;;;;;1;;;;
13/09/2011;07:14:00;6;sem vítima;105,95;BR-116/RJ;Sul;Colisão traseira;;;1;;1;;;;;;19;;;;
13/09/2011;06:38:00;5;sem vítima;131,01;BR-116/RJ;Sul;Abalroamento longitudinal;;;1;;1;;;;;;22;;;;
14/09/2011;01:58:00;1;com vítima;29,2;BR-116/RJ;Sul;Colisão traseira;1;;;;1;;;;;;1;3;;;
14/09/2011;06:26:00;7;sem vítima;120,15;BR-116/RJ;Sul;Choque em objeto fixo;1;;;;;;;;;;1;;;;
14/09/2011;05:04:00;5;sem vítima;129,3;BR-116/RJ;Sul;Queda de carga;;;1;;;;;;;;1;;;;
14/09/2011;18:13:00;38;sem vítima;143,5;BR-116/RJ;Sul;Colisão traseira;2;;1;;;;;;;;6;;;;
14/09/2011;16:53:00;33;com vítima;143,8;BR-116/RJ;Norte;Derrapagem;;;1;;;;;;;;2;1;;;
15/09/2011;16:15:00;38;com vítima;53,1;BR-116/RJ;Norte;Choque em objeto fixo;1;;;;;;;;;;;1;;;
15/09/2011;12:02:00;21;sem vítima;89,1;BR-116/RJ;Sul;Colisão traseira;2;;;;;;;;;;2;;;;
15/09/2011;10:33:00;17;sem vítima;89,7;BR-116/RJ;Sul;Choque em objeto na pista;2;;;;;;;;;;2;;;;
15/09/2011;09:08:00;11;sem vítima;95,415;BR-116/RJ;Sul;Abalroamento longitudinal;1;;;;;;;;;;1;;;;
15/09/2011;20:34:00;46;com vítima;99,2;BR-116/RJ;Sul;Colisão traseira;1;;1;;;;;;;;1;1;;;
15/09/2011;14:05:00;32;sem vítima;142,7;BR-116/RJ;Norte;Abalroamento longitudinal;2;;;;1;;;;;;3;;;;
16/09/2011;22:50:00;49;com vítima;53,8;BR-116/RJ;Sul;Capotamento;;;1;;;;;;;;;;1;;
16/09/2011;07:19:00;5;com vítima;138,2;BR-116/RJ;Sul;Abalroamento longitudinal;;1;;1;;;;;;;;1;;1;
17/09/2011;11:34:00;17;sem vítima;36;BR-116/RJ;Sul;Choque em objeto fixo;1;;;;;;;;;;1;;;;
17/09/2011;01:22:00;3;com vítima;64,95;BR-116/RJ;Sul;Capotamento;;;1;;;;;;;;;;;1;
17/09/2011;08:38:00;10;com vítima;143,6;BR-116/RJ;Sul;Colisão traseira;2;;1;;;;;;;;1;2;;;
18/09/2011;09:24:00;10;com vítima;91,7;BR-116/RJ;Sul;Abalroamento longitudinal;;;;2;;;;;;;;;3;;
18/09/2011;19:00:00;51;com vítima;111,3;BR-116/RJ;Norte;Abalroamento transversal;;1;1;;;;;;;;1;;;;1
18/09/2011;10:48:00;52;com vítima;114,45;BR-116/RJ;Sul;Colisão traseira;2;;;;;;;;;;;;5;;
18/09/2011;19:30:00;55;sem vítima;126,5;BR-116/RJ;Norte;Abalroamento longitudinal;1;;1;;;;;;;;2;;;;
18/09/2011;16:16:00;32;sem vítima;143,7;BR-116/RJ;Sul;Colisão traseira;2;;;;;;;;;;2;;;;
19/09/2011;03:35:00;2;sem vítima;26,2;BR-116/RJ;Sul;Choque em objeto fixo;1;;;;;;;;;;2;;;;
19/09/2011;05:30:00;3;sem vítima;26,2;BR-116/RJ;Sul;Choque em objeto fixo;1;;;;;;;;;;1;;;;
19/09/2011;05:44:00;4;sem vítima;26,3;BR-116/RJ;Norte;Derrapagem;1;;;;;;;;;;1;;;;
19/09/2011;08:00:00;12;com vítima;51,2;BR-116/RJ;Sul;Capotamento;1;;;;;;;;;;;1;;;
19/09/2011;06:19:00;6;com vítima;53,1;BR-116/RJ;Sul;Choque em objeto fixo;1;;;;;;;;;;;1;;;
19/09/2011;17:05:00;45;sem vítima;138,5;BR-116/RJ;Sul;Choque em defensa;1;;;;;;;;;;1;;;;
20/09/2011;06:43:00;6;sem vítima;122;BR-116/RJ;Sul;Colisão traseira;2;;;;;;;;;;2;;;;
20/09/2011;11:45:00;17;sem vítima;137,6;BR-116/RJ;Norte;Colisão traseira;1;;1;;;;;;;;2;;;;
20/09/2011;07:10:00;8;sem vítima;143,2;BR-116/RJ;Sul;Colisão traseira;2;;;;;;;;;;2;;;;
21/09/2011;16:20:00;28;sem vítima;99,9;BR-116/RJ;Norte;Derrapagem;;;2;;;;;;;;2;;;;
21/09/2011;07:45:00;7;com vítima;132,65;BR-116/RJ;Sul;Queda de moto;;;;1;;;;;;;;1;;;
22/09/2011;12:25:00;17;sem vítima;100,1;BR-116/RJ;Norte;Colisão traseira;2;;;;;;;;;;2;;;;
22/09/2011;07:30:00;8;sem vítima;107,1;BR-116/RJ;Norte;Colisão frontal;2;;;;;;;;;;2;;;;
23/09/2011;22:55:00;67;sem vítima;29;BR-116/RJ;Norte;Colisão traseira;2;;;;;;;;;;2;;;;
23/09/2011;15:50:00;47;com vítima;104,35;BR-116/RJ;Norte;Abalroamento transversal;2;;;;;;;;;;5;1;;;
23/09/2011;04:40:00;4;sem vítima;115,4;BR-116/RJ;Sul;Choque em barreira New Jersey ;1;;;;;;;;;;1;;;;
23/09/2011;10:07:00;15;com vítima;141,7;BR-116/RJ;Sul;Colisão traseira;;;2;;;;;;;;3;3;;;
23/09/2011;11:02:00;20;sem vítima;141,7;BR-116/RJ;Sul;Abalroamento longitudinal;1;;1;;;;;;;;2;;;;
23/09/2011;21:18:00;64;com vítima;143,8;BR-116/RJ;Norte;Abalroamento longitudinal;;;1;1;;;;;;;1;1;;;
23/09/2011;21:22:00;65;com vítima;143,9;BR-116/RJ;Sul;Colisão traseira;2;;;;;;;;;;1;1;;;
24/09/2011;13:41:00;28;com vítima;33,95;BR-116/RJ;Norte;Derrapagem;1;;;;;;;;;;;1;;;
24/09/2011;11:05:00;18;sem vítima;80,3;BR-116/RJ;Sul;Abalroamento transversal;2;;;;;;;;;;3;;;;
24/09/2011;06:02:00;8;com vítima;106;BR-116/RJ;Norte;Choque em barreira New Jersey ;1;;;;;;;;;;;;;2;2
24/09/2011;12:00:00;20;sem vítima;122,3;BR-116/RJ;Norte;Choque em defensa;2;;;;;;;;;;2;;;;
24/09/2011;17:18:00;39;sem vítima;125,5;BR-116/RJ;Norte;Choque em barreira New Jersey ;1;;;;;;;;;;1;;;;
25/09/2011;21:50:00;47;com vítima;53,3;BR-116/RJ;Sul;Capotamento;1;;;;;;;;;;;2;;;
25/09/2011;12:53:00;18;com vítima;73,8;BR-116/RJ;Norte;Abalroamento transversal;2;;;;;;;;;;1;1;;;
25/09/2011;18:52:00;40;sem vítima;90,8;BR-116/RJ;Norte;Colisão traseira;3;;;;;;;;;;7;;;;
25/09/2011;04:44:00;5;com vítima;104,7;BR-116/RJ;Norte;Choque em objeto fixo;1;;;;;;;;;;1;2;;;
25/09/2011;13:47:00;21;com vítima;126,4;BR-116/RJ;Norte;Choque em defensa;1;;;;;;;;;;1;1;;;
25/09/2011;00:01:00;1;sem vítima;127,3;BR-116/RJ;Sul;Derrapagem;1;;;;;;;;;;2;;;;
25/09/2011;22:15:00;48;sem vítima;138,7;BR-116/RJ;Sul;Derrapagem;1;;;;;;;;;;2;;;;
26/09/2011;13:50:00;33;sem vítima;51,9;BR-116/RJ;Sul;Choque em objeto fixo;1;;;;;;;;;;1;;;;
26/09/2011;19:55:00;43;com vítima;137,4;BR-116/RJ;Sul;Colisão frontal;2;;;;;;;;;;1;1;1;;
27/09/2011;00:20:00;1;sem vítima;12,05;BR-116/RJ;Norte;Choque em objeto fixo;;;1;;;;;;;;2;;;;
27/09/2011;08:35:00;15;com vítima;59,9;BR-116/RJ;Sul;Colisão frontal;2;;;;;;;;;;;;5;;
27/09/2011;23:53:00;65;sem vítima;61,5;BR-116/RJ;Norte;Atropelamento de animal;1;;;;;;;;;;1;;;;
27/09/2011;12:28:00;30;sem vítima;143,8;BR-116/RJ;Sul;Colisão traseira;;;2;;;;;;;;2;;;;
29/09/2011;18:48:00;55;sem vítima;102,5;BR-116/RJ;Sul;Queda de moto;;;;1;;;;;;;1;;;;
29/09/2011;15:15:00;33;sem vítima;135,1;BR-116/RJ;Norte;Colisão traseira;1;;1;;;;;;;;2;;;;
29/09/2011;16:03:00;41;sem vítima;139,8;BR-116/RJ;Sul;Abalroamento longitudinal;1;;;1;;;;;;;2;;;;
30/09/2011;14:42:00;35;sem vítima;65;BR-116/RJ;Norte;Queda de carga;;;1;;;;;;;;1;;;;
30/09/2011;16:48:00;45;com vítima;75,98;BR-116/RJ;Sul;Abalroamento transversal;1;;;1;;;;;;;2;;2;;
30/09/2011;17:09:00;48;sem vítima;89,5;BR-116/RJ;Norte;Colisão traseira;2;;;;;;;;;;9;;;;
30/09/2011;16:34:00;43;sem vítima;116,3;BR-116/RJ;Norte;Derrapagem;1;;;;;;;;;;1;;;;
30/09/2011;13:20:00;30;com vítima;133,5;BR-116/RJ;Norte;Colisão traseira;1;;1;;;;;;;;1;1;;;
30/09/2011;07:23:00;17;com vítima;140;BR-116/RJ;Sul;Colisão traseira;2;;2;;;;;;;;3;1;;;
30/09/2011;06:48:00;12;com vítima;142,45;BR-116/RJ;Sul;Abalroamento longitudinal;;;2;;1;;;;;;47;3;;;
30/09/2011;05:18:00;8;sem vítima;143,7;BR-116/RJ;Sul;Colisão traseira;1;;1;;1;;;;;;19;;;;
30/09/2011;05:00:00;6;sem vítima;144;BR-116/RJ;Sul;Colisão traseira;1;;1;;;;;;;;2;;;;
01/10/2011;03:08:00;9;sem vítima;29;BR-116/RJ;Norte;Choque em objeto fixo;;;1;;;;;;;;1;;;;
01/10/2011;09:54:00;23;sem vítima;94,7;BR-116/RJ;Norte;Colisão traseira;2;;1;;;;;;;;3;;;;
01/10/2011;06:30:00;14;com vítima;125,85;BR-116/RJ;Norte;Choque em barreira New Jersey ;1;;;;;;;;;;;1;;;
01/10/2011;06:43:00;15;com vítima;125,85;BR-116/RJ;Norte;Derrapagem;;;1;;;;;;;;;1;;;
01/10/2011;08:30:00;18;sem vítima;125,85;BR-116/RJ;Norte;Choque em barreira New Jersey ;1;;;;;;;;;;1;;;;
01/10/2011;13:35:00;32;com vítima;127,8;BR-116/RJ;Sul;Derrapagem;1;;;;;;;;;;;1;;;
01/10/2011;06:20:00;13;sem vítima;138,7;BR-116/RJ;Sul;Choque em objeto fixo;1;;;;;;;;;;1;;;;
02/10/2011;17:53:00;43;com vítima;17,6;BR-116/RJ;Sul;Derrapagem;1;;;;;;;;;;;2;;;
02/10/2011;19:32:00;48;com vítima;101,5;BR-116/RJ;Norte;Queda de moto;;;;1;;;;;;;;1;;;
02/10/2011;08:44:00;9;com vítima;135,3;BR-116/RJ;Sul;Queda de moto;;;;1;;;;;;;;;1;;
03/10/2011;11:41:00;34;sem vítima;5,5;BR-116/RJ;Norte;Choque em objeto fixo;1;;;;;;;;;;0;;;;
03/10/2011;12:23:00;36;com vítima;22,5;BR-116/RJ;Sul;Choque em objeto fixo;1;;;;;;;;;;;;1;;
03/10/2011;11:00:00;30;sem vítima;26,5;BR-116/RJ;Sul;Derrapagem;1;;;;;;;;;;0;;;;
03/10/2011;10:36:00;29;com vítima;35,1;BR-116/RJ;Sul;Choque em objeto fixo;1;;;;;;;;;;1;3;;;
03/10/2011;07:27:00;11;com vítima;57;BR-116/RJ;Sul;Colisão traseira;2;;;;;;;;;;;3;;;
03/10/2011;15:18:00;46;com vítima;122;BR-116/RJ;Norte;Colisão traseira;2;;;;;;;;;;1;;2;;
03/10/2011;19:20:00;68;sem vítima;125,2;BR-116/RJ;Norte;Derrapagem;1;;;;;;;;;;1;;;;
03/10/2011;08:00:00;13;sem vítima;142,9;BR-116/RJ;Sul;Abalroamento longitudinal;1;;1;;;;;;;;0;;;;
03/10/2011;05:59:00;8;com vítima;143,3;BR-116/RJ;Sul;Colisão traseira;1;;1;;;;;;;;;4;;;
04/10/2011;18:34:00;37;com vítima;44,2;BR-116/RJ;Sul;Atropel. de pedestre atravessando;1;;;;;;;;;;1;;;;1
04/10/2011;13:08:00;23;sem vítima;71,3;BR-116/RJ;Norte;Abalroamento longitudinal;;;2;;;;;;;;2;;;;
04/10/2011;21:35:00;42;sem vítima;91,2;BR-116/RJ;Sul;Choque em objeto fixo;;;1;;;;;;;;2;;;;
04/10/2011;10:52:00;19;sem vítima;101,7;BR-116/RJ;Sul;Colisão traseira;3;;;;;;;;;;3;;;;
04/10/2011;17:45:00;34;sem vítima;114,45;BR-116/RJ;Sul;Choque em defensa;1;;;;;;;;;;1;;;;
04/10/2011;06:00:00;5;sem vítima;143,8;BR-116/RJ;Sul;Colisão traseira;;;1;;1;;;;;;2;;;;
05/10/2011;10:56:00;15;com vítima;110,7;BR-116/RJ;Sul;Abalroamento longitudinal;1;;;1;;;;;;;1;1;;;
05/10/2011;19:39:00;41;sem vítima;121,8;BR-116/RJ;Norte;Queda de carga;;;1;;;;;;;;1;;;;
05/10/2011;19:22:00;39;com vítima;131,6;BR-116/RJ;Norte;Colisão frontal;;2;;;;;;;;;1;;1;;
06/10/2011;15:33:00;37;sem vítima;44,1;BR-116/RJ;Sul;Abalroamento longitudinal;1;;;;;;;;;;1;;;;
06/10/2011;16:31:00;42;com vítima;95,9;BR-116/RJ;Norte;Derrapagem;;;1;;;;;;;;;1;;;
06/10/2011;19:32:00;50;sem vítima;114,5;BR-116/RJ;Norte;Atropelamento de animal;1;;;;;;;;;;1;;;;
06/10/2011;18:38:00;48;com vítima;140,7;BR-116/RJ;Norte;Atropel. de pedestre atravessando;;;1;;;;;;;;1;;;;1
07/10/2011;22:18:00;51;com vítima;10,8;BR-116/RJ;Norte;Atropelamento de animal;1;;;;;;;;;;;4;;;
07/10/2011;23:14:00;55;com vítima;30,3;BR-116/RJ;Norte;Queda de moto;;;;1;;;;;;;;;;1;
07/10/2011;21:05:00;47;sem vítima;99;BR-116/RJ;Norte;Colisão traseira;1;;1;;;;;;;;2;;;;
07/10/2011;08:14:00;10;sem vítima;99,5;BR-116/RJ;Sul;Choque em objeto fixo;1;;;;;;;;;;1;;;;
07/10/2011;10:26:00;16;sem vítima;107;BR-116/RJ;Norte;Abalroamento longitudinal;2;;;;;;;;;;2;;;;
08/10/2011;14:25:00;28;com vítima;19;BR-116/RJ;Sul;Colisão traseira;;;2;;;;;;;;;3;;;
08/10/2011;20:18:00;60;sem vítima;133,5;BR-116/RJ;Sul;Choque em objeto fixo;;;1;;;;;;;;1;;;;
09/10/2011;01:27:00;4;sem vítima;11,5;BR-116/RJ;Sul;Atropelamento de animal;;;1;;;;;;;;1;;;;
09/10/2011;02:29:00;6;sem vítima;137,4;BR-116/RJ;Norte;Derrapagem;1;;;;;;;;;;2;;;;
09/10/2011;18:54:00;64;sem vítima;138,8;BR-116/RJ;Sul;Queda de moto;;;;1;;;;;;;2;;;;
10/10/2011;19:52:00;47;sem vítima;12,8;BR-116/RJ;Norte;Atropelamento de animal;;;1;;;;;;;;1;;;;
10/10/2011;16:15:00;33;sem vítima;57,8;BR-116/RJ;Sul;Colisão traseira;;;2;;;;;;;;2;;;;
10/10/2011;17:25:00;42;com vítima;122,5;BR-116/RJ;Norte;Queda de moto;;;;1;;;;;;;;;1;;
10/10/2011;18:44:00;45;com vítima;131,6;BR-116/RJ;Sul;Abalroamento transversal;1;;;1;;;;;;;1;;;1;
11/10/2011;12:25:00;29;sem vítima;5,8;BR-116/RJ;Sul;Choque em objeto fixo;1;;;;;;;;;;2;;;;
11/10/2011;08:15:00;13;com vítima;26,5;BR-116/RJ;Sul;Choque em objeto fixo;1;;;;;;;;;;;1;;;
11/10/2011;23:05:00;72;com vítima;27,9;BR-116/RJ;Norte;Atropelamento de animal;1;;;;;;;;;;1;1;;;
11/10/2011;08:51:00;16;com vítima;35,1;BR-116/RJ;Sul;Choque em objeto fixo;1;;;;;;;;;;;2;;;
11/10/2011;22:10:00;68;sem vítima;95,1;BR-116/RJ;Sul;Abalroamento longitudinal;;;2;;;;;;;;2;;;;
11/10/2011;16:48:00;46;com vítima;102,6;BR-116/RJ;Norte;Queda de moto;1;;;1;;;;;;;1;1;;;
11/10/2011;12:00:00;28;com vítima;126,5;BR-116/RJ;Sul;Choque em objeto fixo;1;;;;;;;;;;;1;;;
11/10/2011;00:10:00;2;sem vítima;131,05;BR-116/RJ;Norte;Atropelamento de animal;1;;;;;;;;;;4;;;;
11/10/2011;18:45:00;55;sem vítima;141,05;BR-116/RJ;Sul;Abalroamento longitudinal;1;;1;;;;;;;;2;;;;
11/10/2011;13:29:00;35;sem vítima;143;BR-116/RJ;Sul;Abalroamento longitudinal;1;;1;;;;;;;;2;;;;
11/10/2011;15:20:00;40;com vítima;143,5;BR-116/RJ;Norte;Capotamento;;;1;;;;;;;;;1;;;
11/10/2011;15:55:00;42;sem vítima;143,59;BR-116/RJ;Norte;Abalroamento longitudinal;1;;1;;;;;;;;2;;;;
11/10/2011;05:28:00;9;sem vítima;143,7;BR-116/RJ;Sul;Colisão traseira;3;;;;;;;;;;3;;;;
12/10/2011;19:08:00;39;sem vítima;5,3;BR-116/RJ;Sul;Derrapagem;1;;;;;;;;;;1;;;;
12/10/2011;02:13:00;3;com vítima;80;BR-116/RJ;Sul;Derrapagem;;;1;;;;;;;;;1;;;
12/10/2011;19:28:00;41;sem vítima;117;BR-116/RJ;Sul;Atropelamento de animal;1;;;;;;;;;;3;;;;
12/10/2011;05:54:00;6;com vítima;143,4;BR-116/RJ;Sul;Queda de moto;;;;1;;;;;;;;;;;1
13/10/2011;15:29:00;51;com vítima;5,6;BR-116/RJ;Sul;Capotamento;1;;;;;;;;;;;1;;;
13/10/2011;15:07:00;50;com vítima;6;BR-116/RJ;Sul;Choque em Objeto Fixo;1;;;;;;;;;;;1;;;
13/10/2011;14:50:00;49;sem vítima;89;BR-116/RJ;Sul;Derrapagem;1;;;;;;;;;;1;;;;
13/10/2011;09:27:00;21;sem vítima;98,6;BR-116/RJ;Norte;Colisão traseira;3;;;;;;;;;;3;;;;
13/10/2011;13:16:00;42;com vítima;112,3;BR-116/RJ;Sul;Choque em Objeto Fixo;1;;;;;;;;;;3;1;;;
14/10/2011;13:26:00;33;com vítima;31,15;BR-116/RJ;Sul;Colisão frontal;;;1;;1;;;;;;;3;;2;
14/10/2011;07:38:00;10;com vítima;35;BR-116/RJ;Norte;Derrapagem;1;;;;;;;;;;2;;1;;
14/10/2011;21:43:00;54;sem vítima;53,95;BR-116/RJ;Sul;Capotamento;;;1;;;;;;;;0;;;;
14/10/2011;19:47:00;49;com vítima;135,5;BR-116/RJ;Sul;Choque em defensa;1;;;;;;;;;;1;1;;;
14/10/2011;18:29:00;45;com vítima;143,8;BR-116/RJ;Sul;Colisão traseira;1;;;1;;;;;;;2;1;;;
15/10/2011;16:07:00;34;sem vítima;2,1;BR-116/RJ;Sul;Choque em objeto fixo;1;;;;;;;;;;1;;;;
15/10/2011;16:28:00;36;com vítima;5,7;BR-116/RJ;Norte;Abalroamento longitudinal;1;;1;;;;;;;;;1;;1;
15/10/2011;08:22:00;20;com vítima;6,8;BR-116/RJ;Norte;Choque em Objeto Fixo;1;;;;;;;;;;;;2;;
15/10/2011;20:57:00;55;com vítima;17,95;BR-116/RJ;Sul;Choque em objeto fixo;1;;;;;;;;;;;3;;;
15/10/2011;05:18:00;9;sem vítima;72,1;BR-116/RJ;Sul;Choque em Objeto Fixo;1;;;;;;;;;;1;;;;
15/10/2011;21:09:00;56;sem vítima;102,3;BR-116/RJ;Sul;Colisão traseira;2;;;;;;;;;;4;;;;
15/10/2011;06:13:00;11;com vítima;134,6;BR-116/RJ;Norte;Choque em veículo parado na pista;1;;1;;;;;;;;3;2;;;
15/10/2011;22:15:00;57;com vítima;137,8;BR-116/RJ;Norte;Abalroamento longitudinal;1;;1;;;;;;;;1;1;;;
15/10/2011;20:13:00;52;com vítima;143,7;BR-116/RJ;Sul;Colisão traseira;4;;;;;;;;;;3;1;;;
16/10/2011;09:48:00;9;com vítima;35;BR-116/RJ;Norte;Derrapagem;1;;;;;;;;;;1;;2;;
16/10/2011;23:00:00;38;com vítima;107,5;BR-116/RJ;Norte;Colisão traseira;1;;;1;;;;;;;;;2;;
16/10/2011;19:31:00;31;com vítima;108;BR-116/RJ;Norte;Derrapagem;1;;;;;;;;;;;1;;;
16/10/2011;19:03:00;28;com vítima;108,5;BR-116/RJ;Norte;Atropel. de pedestre atravessando;1;;;;;;;;;;;1;;;1
16/10/2011;01:40:00;2;sem vítima;140,5;BR-116/RJ;Sul;Choque em objeto fixo;1;;;;;;;;;;1;;;;
17/10/2011;17:55:00;31;com vítima;5,6;BR-116/RJ;Norte;Abalroamento longitudinal;1;;1;;;;;;;;1;2;;;
17/10/2011;12:30:00;20;com vítima;17,1;BR-116/RJ;Norte;Derrapagem;1;;;;;;;;;;;3;;;
17/10/2011;18:45:00;32;sem vítima;98;BR-116/RJ;Sul;Colisão traseira;2;;;;;;;;;;2;;;;
17/10/2011;21:17:00;40;sem vítima;100,2;BR-116/RJ;Norte;Derrapagem;1;;;;;;;;;;2;;;;
17/10/2011;14:39:00;23;sem vítima;102;BR-116/RJ;Sul;Colisão traseira;2;;;;;;;;;;5;;;;
18/10/2011;16:45:00;30;sem vítima;89,9;BR-116/RJ;Norte;Colisão traseira;2;;;;;;;;;;2;;;;
18/10/2011;16:39:00;32;sem vítima;126,2;BR-116/RJ;Sul;Abalroamento longitudinal;1;;1;;;;;;;;2;;;;
18/10/2011;12:40:00;25;sem vítima;142;BR-116/RJ;Norte;Atropelamento de animal;;;1;;;;;;;;1;;;;
19/10/2011;17:49:00;43;sem vítima;100,4;BR-116/RJ;Norte;Abalroamento longitudinal;1;;;;1;;;;;;2;;;;
19/10/2011;11:27:00;22;sem vítima;143,8;BR-116/RJ;Sul;Abalroamento longitudinal;1;;1;;;;;;;;4;;;;
19/10/2011;11:57:00;24;sem vítima;144;BR-116/RJ;Sul;Colisão traseira;;;2;;;;;;;;2;;;;
20/10/2011;08:02:00;9;sem vítima;126,5;BR-116/RJ;Norte;Colisão traseira;2;;1;;;;;;;;3;;;;
20/10/2011;17:57:00;15;com vítima;126,5;BR-116/RJ;Sul;Queda de moto;;;;1;;;;;;;;2;;;
20/10/2011;08:47:00;11;sem vítima;133,5;BR-116/RJ;Norte;Colisão frontal;2;;;;;;;;;;3;;;;
21/10/2011;22:25:00;72;com vítima;94,9;BR-116/RJ;Sul;Choque em objeto fixo;1;;;;;;;;;;;1;;;
21/10/2011;10:21:00;18;sem vítima;95,99;BR-116/RJ;Sul;Derrapagem;;;1;;;;;;;;1;;;;
21/10/2011;12:05:00;29;com vítima;95,99;BR-116/RJ;Norte;Colisão traseira;;;1;;;;;;;;2;1;;;
21/10/2011;12:15:00;30;sem vítima;123,1;BR-116/RJ;Sul;Colisão traseira;2;;;;;;;;;;6;;;;
21/10/2011;11:43:00;28;sem vítima;123,6;BR-116/RJ;Sul;Capotamento;;;1;;;;;;;;1;;;;
21/10/2011;07:40:00;7;com vítima;132;BR-116/RJ;Sul;Abalroamento longitudinal;2;;1;;;;;;;;6;1;;;
21/10/2011;08:44:00;11;com vítima;142,8;BR-116/RJ;Sul;Colisão traseira;2;;;;;;;;;;3;1;;;
21/10/2011;07:19:00;6;com vítima;143,4;BR-116/RJ;Sul;Colisão traseira;1;;;1;;;;;;;4;;;1;
22/10/2011;14:48:00;34;sem vítima;26,5;BR-116/RJ;Sul;Abalroamento longitudinal;;;2;;;;;;;;2;;;;
22/10/2011;16:11:00;37;sem vítima;26,9;BR-116/RJ;Sul;Choque em objeto fixo;1;;;;;;;;;;3;;;;
22/10/2011;11:16:00;21;sem vítima;33,7;BR-116/RJ;Sul;Derrapagem;1;;;;;;;;;;1;;;;
22/10/2011;05:00:00;5;com vítima;34,3;BR-116/RJ;Sul;Derrapagem;1;;;;;;;;;;;1;;;
22/10/2011;14:00:00;31;sem vítima;35,35;BR-116/RJ;Norte;Derrapagem;1;;;;;;;;;;3;;;;
22/10/2011;12:46:00;25;sem vítima;89,4;BR-116/RJ;Sul;Derrapagem;1;;;;;;;;;;2;;;;
22/10/2011;20:30:00;44;sem vítima;91,15;BR-116/RJ;Sul;Derrapagem;1;;;;;;;;;;2;;;;
22/10/2011;05:27:00;6;sem vítima;109;BR-116/RJ;Sul;Queda de moto;;;;1;;;;;;;1;;;;
22/10/2011;13:26:00;29;com vítima;133,5;BR-116/RJ;Sul;Colisão traseira;1;;1;;;;;;;;2;;1;;
23/10/2011;18:38:00;56;sem vítima;33,9;BR-116/RJ;Sul;Choque em objeto fixo;1;;;;;;;;;;1;;;;
23/10/2011;22:50:00;72;com vítima;70,7;BR-116/RJ;Sul;Queda de moto;;;;1;;;;;;;;1;;;
23/10/2011;20:58:00;65;sem vítima;104,3;BR-116/RJ;Norte;Abalroamento longitudinal;2;;;;;;;;;;3;;;;
23/10/2011;16:16:00;42;sem vítima;131,3;BR-116/RJ;Sul;Colisão traseira;;;;1;1;;;;;;2;;;;