data;horario;n_da_ocorrencia;tipo_de_ocorrencia;km;trecho;sentido;tipo_de_acidente;automovel;bicicleta;caminhao;moto;onibus;outros;tracao_animal;transporte_de_cargas_especiais;trator_maquinas;utilitarios;ilesos;levemente_feridos;moderadamente_feridos;gravemente_feridos;mortos
24/10/2011;22:39:00;42;com vítima;47,8;BR-116/RJ;Norte;Queda de moto;;;;1;;;;;;;;;;1;
24/10/2011;17:35:00;29;com vítima;102,5;BR-116/RJ;Norte;Abalroamento longitudinal;2;;;;;;;;;;6;3;;;
24/10/2011;12:51:00;19;com vítima;130,4;BR-116/RJ;Norte;Colisão traseira;;;3;;;;;;;;2;;1;;
24/10/2011;08:50:00;10;com vítima;142,5;BR-116/RJ;Sul;Colisão traseira;3;;1;;;;;;;;7;1;;;
24/10/2011;07:53:00;9;sem vítima;143,8;BR-116/RJ;Sul;Abalroamento longitudinal;1;;1;;;;;;;;2;;;;
25/10/2011;01:18:00;2;com vítima;116,5;BR-116/RJ;Norte;Derrapagem;1;;;;;;;;;;;1;;;
26/10/2011;16:08:00;41;com vítima;71,2;BR-116/RJ;Sul;Abalroamento longitudinal;;;1;1;;;;;;;1;;1;;
27/10/2011;22:50:00;72;sem vítima;23;BR-116/RJ;Sul;Atropelamento de animal;1;;;;;;;;;;1;;;;
27/10/2011;23:25:00;78;com vítima;37,7;BR-116/RJ;Sul;Colisão frontal;1;;1;;;;;;;;;;1;;1
27/10/2011;21:26:00;68;sem vítima;97,6;BR-116/RJ;Norte;Colisão traseira;3;;;;;;;;;;3;;;;
27/10/2011;14:42:00;46;com vítima;129,8;BR-116/RJ;Sul;Choque em objeto fixo;;;;;1;;;;;;1;1;;;
27/10/2011;08:14:00;21;com vítima;142;BR-116/RJ;Norte;Colisão frontal;1;;;1;;;;;;;1;1;;;
27/10/2011;21:40:00;71;sem vítima;142;BR-116/RJ;Norte;Choque em objeto fixo;;;1;;;;;;;;1;;;;
28/10/2011;15:33:00;37;com vítima;5,3;BR-116/RJ;Norte;Derrapagem;1;;;;;;;;;;;1;;;
28/10/2011;15:02:00;35;sem vítima;18,95;BR-116/RJ;Norte;Derrapagem;1;;;;;;;;;;1;;;;
28/10/2011;10:26:00;21;sem vítima;96,9;BR-116/RJ;Norte;Colisão traseira;1;;1;;;;;;;;3;;;;
28/10/2011;20:27:00;60;sem vítima;107,4;BR-116/RJ;Norte;Derrapagem;1;;;;;;;;;;3;;;;
29/10/2011;15:11:00;42;com vítima;98,8;BR-116/RJ;Norte;Colisão traseira;3;;;;;;;;;;5;;2;;
29/10/2011;17:42:00;45;com vítima;99,8;BR-116/RJ;Sul;Abalroamento longitudinal;;;;2;;;;;;;1;2;;;
29/10/2011;13:49:00;36;com vítima;104,2;BR-116/RJ;Norte;Capotamento;1;;;;;;;;;;;2;;;
29/10/2011;11:15:00;24;sem vítima;132,6;BR-116/RJ;Norte;Abalroamento longitudinal;1;;1;;;;;;;;2;;;;
29/10/2011;11:18:00;23;sem vítima;137,35;BR-116/RJ;Norte;Colisão frontal;1;;1;;;;;;;;2;;;;
29/10/2011;21:42:00;55;sem vítima;141,25;BR-116/RJ;Norte;Abalroamento transversal;2;;;;;;;;;;2;;;;
30/10/2011;20:10:00;53;com vítima;5,6;BR-116/RJ;Sul;Choque em barreira New Jersey ;1;;;;;;;;;;4;1;;;
30/10/2011;20:10:00;54;com vítima;5,6;BR-116/RJ;Norte;Choque em barreira New Jersey ;1;;;;;;;;;;1;1;;;
30/10/2011;21:28:00;62;com vítima;92,1;BR-116/RJ;Sul;Abalroamento longitudinal;3;;;;;;;;;;1;6;1;;
30/10/2011;17:57:00;39;sem vítima;101,8;BR-116/RJ;Sul;Colisão traseira;2;;;;;;;;;;2;;;;
30/10/2011;14:55:00;26;com vítima;117,6;BR-116/RJ;Norte;Queda de moto;;;;1;;;;;;;1;;1;;
30/10/2011;11:52:00;15;sem vítima;137,1;BR-116/RJ;Sul;Colisão traseira;2;;;;;;;;;;2;;;;
31/10/2011;12:30:00;28;com vítima;17,8;BR-116/RJ;Sul;Choque em objeto fixo;1;;;;;;;;;;;1;;;
31/10/2011;17:15:00;39;com vítima;17,8;BR-116/RJ;Norte;Choque em objeto fixo;;;1;;;;;;;;;1;;;
31/10/2011;17:15:00;58;com vítima;17,8;BR-116/RJ;Sul;Derrapagem;1;;;;;;;;;;;2;;;
31/10/2011;08:30:00;11;com vítima;25,1;BR-116/RJ;Sul;Choque em objeto fixo;1;;;;;;;;;;;1;;;
31/10/2011;13:17:00;30;com vítima;90,2;BR-116/RJ;Norte;Colisão frontal;2;;;;;;;;;;;2;;;
31/10/2011;11:24:00;25;sem vítima;96,7;BR-116/RJ;Norte;Colisão traseira;2;;;;;;;;;;2;;;;
31/10/2011;10:35:00;23;com vítima;103,7;BR-116/RJ;Sul;Colisão frontal;1;;1;;;;;;;;3;5;;;
31/10/2011;15:06:00;37;com vítima;137,75;BR-116/RJ;Sul;Abalroamento longitudinal;1;;;1;;;;;;;1;;1;;
31/10/2011;06:34:00;7;com vítima;143,15;BR-116/RJ;Sul;Colisão traseira;;;2;;;;;;;;4;;1;;
31/10/2011;05:19:00;3;com vítima;143,2;BR-116/RJ;Sul;Colisão traseira;2;;;;;;;;;;8;1;;;
31/10/2011;19:51:00;48;sem vítima;144;BR-116/RJ;Sul;Abalroamento longitudinal;1;;1;;;;;;;;2;;;;
01/11/2011;07:27:00;10;sem vítima;133,5;BR-116/RJ;Norte;Colisão traseira;1;;1;;;;;;;;2;;;;
01/11/2011;09:35:00;15;sem vítima;76,7;BR-116/RJ;Sul;Colisão traseira;;;;;;;;;;;;;;;
01/11/2011;14:02:00;21;com vítima;108;BR-116/RJ;Sul;Atropel. de pedestre atravessando;;;;1;;;;;;;2;1;;;
01/11/2011;14:50:00;24;com vítima;127,3;BR-116/RJ;Sul;Colisão frontal;;;1;1;;;;;;;1;1;;;
01/11/2011;19:54:00;38;com vítima;80,2;BR-116/RJ;Sul;Abalroamento transversal;1;;1;;;;;;;;;3;;2;
01/11/2011;20:09:00;41;com vítima;80,1;BR-116/RJ;Norte;Abalroamento longitudinal;1;;1;;;;;;;;1;;;1;
02/11/2011;13:57:00;27;com vítima;79,3;BR-116/RJ;Norte;Colisão traseira;2;;;;;;;;;;2;1;;;
02/11/2011;17:29:00;39;com vítima;143,85;BR-116/RJ;Sul;Queda de moto;;;;1;;;;;;;;1;;;
03/11/2011;04:11:00;6;sem vítima;96,4;BR-116/RJ;Sul;Derrapagem;1;;;;;;;;;;2;;;;
03/11/2011;05:42:00;2;sem vítima;143,8;BR-116/RJ;Sul;Abalroamento longitudinal;1;;1;;;;;;;;2;;;;
03/11/2011;15:53:00;26;sem vítima;127,01;BR-116/RJ;Sul;Derrapagem;1;;;;;;;;;;1;;;;
04/11/2011;15:10:00;22;com vítima;96,95;BR-116/RJ;Norte;Abalroamento longitudinal;1;;;1;;;;;;;1;;1;;
05/11/2011;16:08:00;36;com vítima;17,8;BR-116/RJ;Norte;Capotamento;;;1;;;;;;;;;1;;;
06/11/2011;06:56:00;8;sem vítima;114,5;BR-116/RJ;Sul;Choque em objeto fixo;1;;;;;;;;;;3;;;;
06/11/2011;10:52:00;25;com vítima;48,05;BR-116/RJ;Sul;Abalroamento longitudinal;2;;;;;;;;;;3;2;;;
06/11/2011;11:05:00;26;com vítima;143,75;BR-116/RJ;Norte;Queda de moto;;;;1;;;;;;;;2;;;
06/11/2011;14:19:00;35;com vítima;53,8;BR-116/RJ;Norte;Colisão frontal;1;;;1;;;;;;;;7;;;
06/11/2011;16:30:00;42;com vítima;103,6;BR-116/RJ;Norte;colisão frontal;1;;;1;;;;;;;;3;;;
06/11/2011;16:56:00;43;sem vítima;98,8;BR-116/RJ;Norte;Colisão traseira;5;;;;;;;;;;5;;;;
06/11/2011;03:33:00;5;sem vítima;122,3;BR-116/RJ;Sul;Choque em objeto fixo;1;;;;;;;;;;1;;;;
07/11/2011;01:39:00;4;com vítima;139,4;BR-116/RJ;Sul;Colisão traseira;3;;;;;;;;;;1;1;2;;
07/11/2011;05:43:00;9;sem vítima;143,35;BR-116/RJ;Sul;Colisão traseira;1;;1;;;;;;;;2;;;;
07/11/2011;05:44:00;10;sem vítima;62,9;BR-116/RJ;Sul;Colisão traseira;2;;;;;;;;;;6;;;;
07/11/2011;06:47:00;13;sem vítima;116,675;BR-116/RJ;Norte;Derrapagem;1;;;;;;;;;;1;;;;
07/11/2011;07:35:00;19;com vítima;84;BR-116/RJ;Sul;Capotamento;1;;;;;;;;;;;1;;;
07/11/2011;12:50:00;33;com vítima;135,026;BR-116/RJ;Sul;Choque em objeto fixo;1;;;;;;;;;;1;1;;;
07/11/2011;13:50:00;34;sem vítima;105,1;BR-116/RJ;Sul;Abalroamento longitudinal;1;;1;;;;;;;;5;;;;
08/11/2011;02:45:00;3;sem vítima;137,3;BR-116/RJ;Sul;Queda de carga;;;1;;;;;;;;1;;;;
08/11/2011;06:30:00;8;sem vítima;98,35;BR-116/RJ;Sul;Colisão traseira;1;;;;1;;;;;;29;;;;
08/11/2011;21:30:00;56;com vítima;29;BR-116/RJ;Norte;Derrapagem;;;1;;;;;;;;;1;;;
08/11/2011;22:30:00;57;com vítima;72,75;BR-116/RJ;Sul;Colisão frontal;2;;;;;;;;;;;;2;;
09/11/2011;11:36:00;11;com vítima;65,8;BR-116/RJ;Sul;Colisão traseira;1;;1;;;;;;;;;4;;;
09/11/2011;16:10:00;21;sem vítima;100,6;BR-116/RJ;Sul;Abalroamento longitudinal;1;;1;;;;;;;;2;;;;
09/11/2011;20:54:00;41;sem vítima;60,6;BR-116/RJ;Norte;Atropelamento de animal;;;1;;;;;;;;1;;;;
09/11/2011;23:20:00;46;com vítima;63,6;BR-116/RJ;Sul;Queda de moto;;;;1;;;;;;;;;1;;
10/11/2011;00:03:00;1;sem vítima;122,5;BR-116/RJ;Sul;Colisão traseira;2;;;;;;;;;;5;;;;
10/11/2011;06:48:00;5;sem vítima;143,8;BR-116/RJ;Sul;Colisão traseira;3;;;;;;;;;;4;;;;
10/11/2011;07:10:00;6;sem vítima;29,5;BR-116/RJ;Norte;Colisão traseira;;;2;;;;;;;;3;;;;
10/11/2011;08:13:00;7;sem vítima;143,8;BR-116/RJ;Sul;Colisão traseira;2;;;;;;;;;;4;;;;
10/11/2011;13:29:00;21;com vítima;126,8;BR-116/RJ;Sul;Colisão traseira;1;;1;;;;;;;;1;1;;;
11/11/2011;02:32:00;1;sem vítima;91,7;BR-116/RJ;Sul;Choque em objeto fixo;;;1;;;;;;;;2;;;;
11/11/2011;05:18:00;2;sem vítima;143,8;BR-116/RJ;Sul;Colisão traseira;;;1;;1;;;;;;63;;;;
11/11/2011;08:40:00;10;sem vítima;98,3;BR-116/RJ;Norte;Capotamento;;;1;;;;;;;;3;;;;
11/11/2011;14:09:00;32;com vítima;127;BR-116/RJ;Sul;Colisão traseira;1;;1;;;;;;;;1;1;;;
11/11/2011;18:30:00;54;sem vítima;1,8;BR-116/RJ;Sul;Abalroamento longitudinal;1;;1;;;;;;;;4;;;;
11/11/2011;18:33:00;62;com vítima;60,6;BR-116/RJ;Sul;Abalroamento transversal;;;1;1;;;;;;;1;;;1;
11/11/2011;20:25:00;133,8;com vítima;133,8;BR-116/RJ;Norte;Atropel. de pedestre atravessando;1;;;;;;;;;;4;;;1;
12/11/2011;09:50:00;17;com vítima;131,9;BR-116/RJ;Norte;Abalroamento longitudinal;;1;1;;;;;;;;1;;1;;
12/11/2011;14:03:00;32;com vítima;79,05;BR-116/RJ;Sul;Abalroamento transversal;1;;;1;;;;;;;1;;1;;
12/11/2011;16:28:00;52;sem vítima;29,4;BR-116/RJ;Norte;Choque em objeto fixo;1;;;;;;;;;;2;;;;
12/11/2011;18:46:00;62;com vítima;106,8;BR-116/RJ;Norte;Queda de moto;;;;1;;;;;;;;;;1;
12/11/2011;20:23:00;66;com vítima;132,65;BR-116/RJ;Norte;Choque em defensa;1;;;;;;;;;;;1;;;
12/11/2011;23:13:00;70;com vítima;139,6;BR-116/RJ;Norte;Atropel. de pedestre atravessando;1;;;;;;;;;;1;1;;;1
13/11/2011;10:03:00;16;com vítima;40,5;BR-116/RJ;Sul;Colisão traseira;1;;;1;;;;;;;1;;1;;
13/11/2011;15:32:00;32;sem vítima;95,05;BR-116/RJ;Sul;Abalroamento longitudinal;1;;1;;;;;;;;2;;;;
13/11/2011;17:18:00;47;com vítima;40,6;BR-116/RJ;Sul;Queda de moto;;;;1;;;;;;;;;;1;
13/11/2011;19:22:00;55;sem vítima;21,2;BR-116/RJ;Sul;Atropelamento de animal;1;;;;;;;;;;4;;;;
13/11/2011;22:29:00;62;com vítima;118,4;BR-116/RJ;Norte;Derrapagem;1;;;;;;;;;;;2;2;;
14/11/2011;02:40:00;4;sem vítima;95,1;BR-116/RJ;Norte;Abalroamento longitudinal;2;;;;;;;;;;16;;;;
14/11/2011;11:51:00;24;sem vítima;141,3;BR-116/RJ;Sul;Abalroamento longitudinal;1;;1;;;;;;;;2;;;;
14/11/2011;13:31:00;27;com vítima;142,8;BR-116/RJ;Norte;Colisão frontal;;;1;1;;;;;;;1;;1;1;
14/11/2011;15:04:00;29;com vítima;77,9;BR-116/RJ;Sul;Atropel. de pedestre caminhando;1;;;;;;;;;;1;1;;;
14/11/2011;23:58:00;56;com vítima;118,8;BR-116/RJ;Sul;Colisão traseira;1;;1;;;;;;;;1;2;1;;
15/11/2011;06:09:00;7;com vítima;125,6;BR-116/RJ;Norte;Choque em objeto fixo;1;;;;;;;;;;;1;;;
15/11/2011;07:09:00;10;com vítima;35;BR-116/RJ;Norte;Choque em objeto fixo;1;;;;;;;;;;;1;;;
15/11/2011;10:13:00;17;sem vítima;101,8;BR-116/RJ;Sul;Colisão traseira;2;;;;;;;;;;2;;;;
15/11/2011;10:20:00;18;com vítima;124,7;BR-116/RJ;Sul;Choque em defensa;1;;;;;;;;;;;2;;;
15/11/2011;13:48:00;29;com vítima;122;BR-116/RJ;Sul;Colisão traseira;2;;;;;;;;;;3;;2;;
15/11/2011;18:33:00;50;com vítima;29,4;BR-116/RJ;Norte;Derrapagem;1;;;;;;;;;;2;1;;;
16/11/2011;06:28:00;5;sem vítima;102;BR-116/RJ;Sul;Colisão traseira;2;;;;;;;;;;16;;;;
16/11/2011;09:05:00;20;sem vítima;136,85;BR-116/RJ;Sul;Choque em objeto fixo;1;;;;;;;;;;1;;;;
16/11/2011;09:15:00;23;com vítima;134,2;BR-116/RJ;Norte;Colisão traseira;2;;;;;;;;;;6;2;;;
16/11/2011;14:44:00;36;sem vítima;143,6;BR-116/RJ;Sul;Colisão traseira;4;;;;;;;;;;10;;;;
16/11/2011;20:14:00;53;sem vítima;133,5;BR-116/RJ;Norte;Choque em barreira New Jersey ;1;;;;;;;;;;1;;;;
16/11/2011;21:00:00;56;com vítima;60,9;BR-116/RJ;Norte;Capotamento;;;1;;;;;;;;;;1;;
17/11/2011;11:35:00;16;sem vítima;143,4;BR-116/RJ;Sul;Colisão traseira;3;;;;;;;;;;3;;;;
17/11/2011;14:35:00;24;com vítima;106,38;BR-116/RJ;Norte;Colisão traseira;1;;;;1;;;;;;19;1;;;
18/11/2011;15:23:00;21;sem vítima;143,8;BR-116/RJ;Sul;Abalroamento longitudinal;1;;1;;;;;;;;2;;;;
18/11/2011;18:20:00;41;sem vítima;92;BR-116/RJ;Sul;Abalroamento longitudinal;1;;1;;;;;;;;2;;;;
18/11/2011;20:28:00;49;sem vítima;100,5;BR-116/RJ;Norte;Abalroamento longitudinal;1;;1;;;;;;;;4;;;;
19/11/2011;04:50:00;5;sem vítima;21,6;BR-116/RJ;Norte;Derrapagem;1;;;;;;;;;;1;;;;
19/11/2011;08:18:00;7;sem vítima;90,6;BR-116/RJ;Sul;Choque em objeto fixo;1;;;;;;;;;;1;;;;
19/11/2011;08:41:00;9;sem vítima;94,85;BR-116/RJ;Sul;Choque em objeto fixo;1;;;;;;;;;;1;;;;
19/11/2011;09:32:00;12;sem vítima;133,5;BR-116/RJ;Sul;Colisão traseira;2;;;;;;;;;;8;;;;
19/11/2011;10:17:00;13;sem vítima;53,2;BR-116/RJ;Sul;Choque em objeto fixo;1;;;;;;;;;;2;;;;
19/11/2011;10:22:00;14;sem vítima;76,5;BR-116/RJ;Norte;Choque em veículo parado na pista;1;;1;;;;;;;;2;;;;
19/11/2011;13:36:00;24;com vítima;35,05;BR-116/RJ;Norte;Choque em objeto fixo;1;;;;;;;;;;;1;;;
19/11/2011;15:55:00;28;com vítima;21,8;BR-116/RJ;Norte;Abalroamento longitudinal;;;1;1;;;;;;;1;;1;;
19/11/2011;22:43:00;47;com vítima;99,8;BR-116/RJ;Norte;Colisão traseira;1;;;1;;;;;;;2;;1;;
19/11/2011;23:35:00;51;sem vítima;136;BR-116/RJ;Norte;Atropelamento de animal;1;;;;;;;;;;1;;;;
20/11/2011;09:40:00;13;sem vítima;95,8;BR-116/RJ;Norte;Colisão traseira;1;;1;;;;;;;;7;;;;
20/11/2011;17:08:00;28;com vítima;114,35;BR-116/RJ;Norte;Abalroamento longitudinal;2;;;;;;;;;;;2;;;
20/11/2011;17:27:00;30;com vítima;56,9;BR-116/RJ;Sul;Colisão traseira;2;;;1;;;;;;;7;;2;;
20/11/2011;17:38:00;31;sem vítima;141,4;BR-116/RJ;Norte;Colisão traseira;1;;1;;;;;;;;2;;;;
20/11/2011;17:49:00;32;sem vítima;143,7;BR-116/RJ;Sul;Colisão traseira;2;;;;;;;;;;2;;;;
21/11/2011;10:15:00;9;com vítima;120;BR-116/RJ;Sul;Derrapagem;1;;;;;;;;;;1;;2;;
21/11/2011;10:40:00;11;sem vítima;75,3;BR-116/RJ;Sul;Colisão traseira;1;;1;;;;;;;;2;;;;
21/11/2011;14:18:00;21;com vítima;104,2;BR-116/RJ;Norte;Abalroamento transversal;1;;;1;;;;;;;2;;1;;
21/11/2011;21:10:00;51;com vítima;138,1;BR-116/RJ;Sul;Colisão frontal;;1;1;;1;;;;;;11;;;1;
22/11/2011;11:00:00;17;sem vítima;143,4;BR-116/RJ;Sul;Colisão traseira;2;;;;;;;;;;2;;;;
22/11/2011;14:49:00;36;sem vítima;140,1;BR-116/RJ;Norte;Choque em objeto fixo;1;;;;;;;;;;1;;;;
22/11/2011;17:42:00;50;com vítima;33,5;BR-116/RJ;Sul;Colisão frontal;1;;;1;;;;;;;;1;;;1
22/11/2011;21:48:00;65;com vítima;143,9;BR-116/RJ;Sul;Colisão traseira;2;;;;;;;;;;1;1;;;
23/11/2011;07:59:00;11;com vítima;35,05;BR-116/RJ;Sul;Derrapagem;1;;;;;;;;;;;1;;;
23/11/2011;09:45:00;15;sem vítima;137,3;BR-116/RJ;Sul;Choque em objeto fixo;1;;;;;;;;;;1;;;;
23/11/2011;12:07:00;22;sem vítima;2,6;BR-116/RJ;Norte;Choque em objeto fixo;1;;;;;;;;;;5;;;;
23/11/2011;19:24:00;37;com vítima;101,8;BR-116/RJ;Sul;Colisão traseira;1;;;1;;;;;;;1;1;1;;
24/11/2011;12:03:00;23;sem vítima;103,4;BR-116/RJ;Norte;Derrapagem;1;;;;;;;;;;1;;;;
24/11/2011;16:55:00;35;sem vítima;143,6;BR-116/RJ;Sul;Colisão traseira;2;;;;;;;;;;3;;;;
25/11/2011;10:20:00;14;com vítima;60,6;BR-116/RJ;Sul;Abalroamento longitudinal;1;;1;;;;;;;;1;2;;;
25/11/2011;13:34:00;22;sem vítima;67;BR-116/RJ;Norte;Colisão traseira;2;;;;;;;;;;2;;;;
25/11/2011;16:50:00;33;sem vítima;99,6;BR-116/RJ;Sul;Colisão traseira;1;;1;;;;;;;;3;;;;
25/11/2011;19:55:00;44;sem vítima;106,9;BR-116/RJ;Norte;Abalroamento longitudinal;1;;1;;;;;;;;2;;;;
26/11/2011;09:25:00;9;com vítima;25,1;BR-116/RJ;Norte;Choque em objeto fixo;1;;;;;;;;;;;;4;;
26/11/2011;10:27:00;14;com vítima;17,8;BR-116/RJ;Norte;Derrapagem;1;;;;;;;;;;;2;;;
26/11/2011;12:19:00;22;sem vítima;105,1;BR-116/RJ;Norte;Derrapagem;1;;;;;;;;;;1;;;;
26/11/2011;13:45:00;28;sem vítima;91,2;BR-116/RJ;Norte;Derrapagem;1;;;;;;;;;;1;;;;
26/11/2011;17:58:00;34;com vítima;27,6;BR-116/RJ;Norte;Derrapagem;1;;;;;;;;;;;4;;;
26/11/2011;18:36:00;36;com vítima;136,4;BR-116/RJ;Sul;Colisão traseira;1;;1;;;;;;;;1;;;1;
26/11/2011;19:56:00;41;com vítima;83,5;BR-116/RJ;Sul;Atropel. de pedestre caminhando;1;;;;;;;;;;;1;1;;
26/11/2011;20:30:00;42;com vítima;141,9;BR-116/RJ;Sul;Atropel. de pedestre atravessando;1;;;;;;;;;;1;;;;1
27/11/2011;00:17:00;2;sem vítima;100,3;BR-116/RJ;Norte;Choque em objeto fixo;1;;;;;;;;;;1;;;;
27/11/2011;02:23:00;8;com vítima;53,1;BR-116/RJ;Norte;Choque em objeto fixo;1;;;;;;;;;;;1;;;
27/11/2011;03:14:00;14;com vítima;125,5;BR-116/RJ;Sul;Choque em defensa;2;;;;;;;;;;2;1;;;
27/11/2011;03:43:00;16;sem vítima;144;BR-116/RJ;Sul;Choque em barreira New Jersey ;1;;;;;;;;;;1;;;;
27/11/2011;04:30:00;20;com vítima;86,3;BR-116/RJ;Norte;Choque em barreira New Jersey ;1;;;;;;;;;;1;;2;;
27/11/2011;07:50:00;25;com vítima;113;BR-116/RJ;Sul;Derrapagem;1;;;;;;;;;;;1;;;
27/11/2011;08:53:00;26;com vítima;110,6;BR-116/RJ;Sul;Derrapagem;1;;;;;;;;;;;1;;;
27/11/2011;12:30:00;35;sem vítima;122,3;BR-116/RJ;Sul;Colisão traseira;2;;;;;;;;;;2;;;;
27/11/2011;14:30:00;38;com vítima;72,05;BR-116/RJ;Sul;Choque em objeto fixo;1;;;;;;;;;;;3;;;
27/11/2011;16:22:00;43;sem vítima;98,7;BR-116/RJ;Norte;Abalroamento longitudinal;1;;;;1;;;;;;28;;;;
27/11/2011;17:30:00;45;sem vítima;125,8;BR-116/RJ;Sul;Choque em barreira New Jersey ;1;;;;;;;;;;1;;;;
27/11/2011;18:37:00;50;com vítima;26,1;BR-116/RJ;Norte;Choque em objeto fixo;1;;;;;;;;;;1;1;;;
27/11/2011;20:50:00;57;sem vítima;131,9;BR-116/RJ;Sul;Choque em objeto fixo;2;;;;;;;;;;7;;;;
27/11/2011;22:30:00;62;com vítima;135,2;BR-116/RJ;Sul;Queda de moto;1;;;1;;;;;;;1;;;1;
27/11/2011;22:41:00;63;sem vítima;135,1;BR-116/RJ;Norte;Choque em defensa;1;;;;;;;;;;3;;;;
28/11/2011;05:14:00;5;sem vítima;135,2;BR-116/RJ;Sul;Abalroamento longitudinal;2;;;;;;;;;;2;;;;
28/11/2011;11:05:00;17;sem vítima;53,35;BR-116/RJ;Sul;Choque em objeto fixo;1;;;;;;;;;;2;;;;
28/11/2011;12:54:00;19;sem vítima;143,2;BR-116/RJ;Sul;Derrapagem;1;;;;;;;;;;1;;;;
28/11/2011;15:33:00;26;com vítima;135,3;BR-116/RJ;Sul;Choque em veículo parado na pista;1;;;;;;;;;;2;2;;;
28/11/2011;17:01:00;31;com vítima;29,5;BR-116/RJ;Norte;Choque em objeto fixo;;;1;;;;;;;;;1;;;
28/11/2011;17:49:00;42;sem vítima;34;BR-116/RJ;Sul;Choque em objeto fixo;;;1;;;;;;;;1;;;;
28/11/2011;18:29:00;38;com vítima;139,05;BR-116/RJ;Sul;Colisão traseira;;;1;1;;;;;;;33;;2;;
28/11/2011;18:34:00;39;sem vítima;32,6;BR-116/RJ;Sul;Choque em objeto fixo;1;;;;;;;;;;4;;;;
28/11/2011;17:49:00;42;sem vítima;34;BR-116/RJ;Sul;Choque em objeto fixo;;;1;;;;;;;;1;;;;
29/11/2011;05:40:00;6;sem vítima;127,9;BR-116/RJ;Sul;Atropelamento de animal;1;;;;;;;;;;1;;;;
29/11/2011;06:23:00;7;com vítima;49,8;BR-116/RJ;Norte;Choque em objeto fixo;1;;;;;;;;;;;1;;;
29/11/2011;12:02:00;27;com vítima;35,02;BR-116/RJ;Norte;Choque em objeto fixo;1;;;;;;;;;;;1;;;
29/11/2011;12:30:00;28;com vítima;123,7;BR-116/RJ;Sul;Abalroamento longitudinal;;;1;;;;;;;;;3;;;
29/11/2011;17:50:00;41;com vítima;125,5;BR-116/RJ;Norte;Choque em objeto fixo;1;;;;;;;;;;1;2;;;
29/11/2011;18:32:00;43;sem vítima;98,1;BR-116/RJ;Norte;Colisão traseira;2;;;;;;;;;;2;;;;
30/11/2011;01:46:00;1;sem vítima;107,5;BR-116/RJ;Norte;Atropelamento de animal;1;;;;;;;;;;1;;;;
30/11/2011;10:37:00;17;com vítima;62,1;BR-116/RJ;Norte;Choque em objeto fixo;;;;;1;;;;;;21;4;;;
30/11/2011;10:55:00;20;com vítima;95;BR-116/RJ;Norte;Choque em objeto fixo;1;;;;;;;;;;;1;;;
30/11/2011;12:50:00;24;sem vítima;143,8;BR-116/RJ;Sul;Abalroamento longitudinal;1;;;;1;;;;;;31;;;;
30/11/2011;13:17:00;27;sem vítima;142,8;BR-116/RJ;Norte;Abalroamento longitudinal;1;;1;;;;;;;;2;;;;
30/11/2011;18:09:00;47;sem vítima;139,95;BR-116/RJ;Norte;Colisão traseira;2;;;;;;;;;;2;;;;
30/11/2011;19:07:00;54;sem vítima;67;BR-116/RJ;Sul;Derrapagem;1;;;;;;;;;;1;;;;
30/11/2011;19:15:00;55;sem vítima;128,1;BR-116/RJ;Sul;Derrapagem;1;;;;;;;;;;1;;;;
01/12/2011;02:55:00;2;sem vítima;2,4;BR-116/RJ;Norte;Choque em defensa;;;1;;;;;;;;1;;;;
01/12/2011;08:49:00;14;com vítima;80;BR-116/RJ;Norte;Colisão traseira;1;2;;;;;;;;;;3;;;
02/12/2011;04:45:00;4;com vítima;137,5;BR-116/RJ;Norte;Abalroamento longitudinal;;;1;;2;;;;;;1;1;2;;
02/12/2011;07:53:00;8;com vítima;113,7;BR-116/RJ;Norte;Colisão traseira;2;;;;;;;;;;1;3;;;
02/12/2011;10:09:00;13;com vítima;78,8;BR-116/RJ;Norte;Abalroamento transversal;2;;;;;;;;;;;3;;;
02/12/2011;10:50:00;15;sem vítima;102,8;BR-116/RJ;Norte;Colisão traseira;2;;;;;;;;;;4;;;;
02/12/2011;10:59:00;16;com vítima;67;BR-116/RJ;Sul;Derrapagem;;;1;;;;;;;;;1;;;
02/12/2011;18:45:00;41;com vítima;90,5;BR-116/RJ;Norte;Colisão frontal;3;;;;;;;;;;3;2;3;;
02/12/2011;20:35:00;51;com vítima;69,7;BR-116/RJ;Norte;Abalroamento transversal;1;;;1;;;;;;;1;;;1;
02/12/2011;20:44:00;56;com vítima;25,75;BR-116/RJ;Norte;Capotamento;;;1;;;;;;;;;;1;;
02/12/2011;21:45:00;61;com vítima;143,8;BR-116/RJ;Sul;Colisão traseira;2;;;;;;;;;;1;1;;;
02/12/2011;22:39:00;65;sem vítima;97,7;BR-116/RJ;Sul;Choque em objeto fixo;;;1;;;;;;;;1;;;;
03/12/2011;04:01:00;3;sem vítima;107,7;BR-116/RJ;Norte;Choque em objeto fixo;1;;;;;;;;;;1;;;;
03/12/2011;04:45:00;4;com vítima;13,05;BR-116/RJ;Norte;Capotamento;;;1;;;;;;;;;1;;;
03/12/2011;05:02:00;5;sem vítima;91;BR-116/RJ;Norte;Colisão traseira;;;2;;;;;;;;2;;;;
03/12/2011;05:07:00;6;com vítima;127,3;BR-116/RJ;Sul;Choque em objeto fixo;1;;;;;;;;;;;1;;;