data;horario;n_da_ocorrencia;tipo_de_ocorrencia;km;trecho;sentido;tipo_de_acidente;automovel;bicicleta;caminhao;moto;onibus;outros;tracao_animal;transporte_de_cargas_especiais;trator_maquinas;utilitarios;ilesos;levemente_feridos;moderadamente_feridos;gravemente_feridos;mortos
03/12/2011;05:24:00;8;com vítima;133,6;BR-116/RJ;Sul;Abalroamento transversal;1;;;;1;;;;;;5;;6;;
03/12/2011;05:52:00;9;com vítima;85,3;BR-116/RJ;Sul;Derrapagem;1;;;;;;;;;;;2;;;
03/12/2011;10:28:00;16;com vítima;98,2;BR-116/RJ;Sul;Colisão traseira;4;;1;;;;;;;;5;3;;;
03/12/2011;12:40:00;22;com vítima;140,9;BR-116/RJ;Sul;Abalroamento longitudinal;;2;;;;;;;;;;1;1;;
03/12/2011;17:10:00;39;com vítima;47;BR-116/RJ;Sul;Choque em barreira New Jersey ;;;1;;;;;;;;;;1;;
03/12/2011;19:35:00;44;sem vítima;90;BR-116/RJ;Norte;Colisão traseira;2;;;;;;;;;;2;;;;
03/12/2011;20:17:00;47;sem vítima;73,4;BR-116/RJ;Norte;Queda de carga;;;1;;;;;;;;1;;;;
04/12/2011;01:24:00;5;sem vítima;80,5;BR-116/RJ;Sul;Derrapagem;1;;;;;;;;;;2;;;;
04/12/2011;01:48:00;6;com vítima;39;BR-116/RJ;Sul;Abalroamento longitudinal;1;;;1;;;;;;;2;;1;;
04/12/2011;06:35:00;10;com vítima;86,6;BR-116/RJ;Norte;Capotamento;;;1;;;;;;;;;;;;1
04/12/2011;11:07:00;16;sem vítima;138,1;BR-116/RJ;Sul;Colisão traseira;2;;;;;;;;;;2;;;;
04/12/2011;12:06:00;19;com vítima;60;BR-116/RJ;Sul;Capotamento;1;;;;;;;;;;;;1;;
04/12/2011;17:30:00;32;com vítima;143,98;BR-116/RJ;Sul;Queda de moto;;;;1;;;;;;;;2;;;
05/12/2011;10:00:00;18;com vítima;127,2;BR-116/RJ;Norte;Abalroamento longitudinal;1;1;;;;;;;;;1;;1;;
05/12/2011;12:24:00;24;com vítima;143,7;BR-116/RJ;Sul;Colisão traseira;;;1;;1;;;;;;73;;1;;
05/12/2011;16:30:00;36;sem vítima;88,5;BR-116/RJ;Sul;Colisão traseira;2;;;;;;;;;;5;;;;
06/12/2011;01:20:00;2;com vítima;85,95;BR-116/RJ;Norte;Choque em objeto fixo;1;;;;;;;;;;;1;;;
06/12/2011;07:05:00;7;sem vítima;133,5;BR-116/RJ;Norte;Colisão traseira;1;;1;;;;;;;;2;;;;
06/12/2011;07:20:00;8;com vítima;68,3;BR-116/RJ;Sul;Queda de moto;;;;1;;;;;;;;;1;;
06/12/2011;11:13:00;24;sem vítima;136,9;BR-116/RJ;Norte;Abalroamento longitudinal;1;;1;;;;;;;;2;;;;
06/12/2011;15:33:00;36;com vítima;78,5;BR-116/RJ;Norte;Abalroamento transversal;;1;;1;;;;;;;;2;1;;
06/12/2011;19:09:00;48;com vítima;72,5;BR-116/RJ;Norte;Atropelamento de animal;;;;1;;;;;;;;2;;;
07/12/2011;05:47:00;4;sem vítima;92,95;BR-116/RJ;Sul;Choque em defensa;;;1;;;;;;;;1;;;;
08/12/2011;16:28:00;40;sem vítima;125,5;BR-116/RJ;Norte;Choque em objeto fixo;1;;;;;;;;;;1;;;;
08/12/2011;17:53:00;47;com vítima;86,8;BR-116/RJ;Sul;Choque em barreira New Jersey ;;;1;;;;;;;;;1;;;
08/12/2011;18:22:00;49;com vítima;24,2;BR-116/RJ;Norte;Derrapagem;1;;;;;;;;;;;2;;;
08/12/2011;22:33:00;67;sem vítima;23,4;BR-116/RJ;Norte;Choque em objeto fixo;1;;;;;;;;;;2;;;;
09/12/2011;04:46:00;5;com vítima;95,1;BR-116/RJ;Norte;Choque em objeto fixo;1;;;;;;;;;;;1;1;;
09/12/2011;09:07:00;17;com vítima;130,9;BR-116/RJ;Norte;Abalroamento longitudinal;1;;1;;;;;;;;1;2;;;
09/12/2011;11:28:00;23;com vítima;67;BR-116/RJ;Sul;Atropel. de pedestre caminhando;;;1;;;;;;;;1;;1;;
09/12/2011;11:52:00;24;com vítima;33,8;BR-116/RJ;Sul;Choque em defensa;1;;;;;;;;;;;1;;;
09/12/2011;11:50:00;25;sem vítima;133,5;BR-116/RJ;Norte;Abalroamento longitudinal;1;;1;;;;;;;;3;;;;
09/12/2011;16:03:00;40;sem vítima;92,5;BR-116/RJ;Norte;Colisão traseira;;;2;;;;;;;;3;;;;
10/12/2011;07:15:00;6;sem vítima;26,4;BR-116/RJ;Sul;Derrapagem;1;;;;;;;;;;2;;;;
10/12/2011;11:40:00;21;com vítima;143,7;BR-116/RJ;Sul;Colisão traseira;2;;;;1;;;;;;32;1;;;
10/12/2011;11:40:00;22;sem vítima;100,2;BR-116/RJ;Norte;Abalroamento longitudinal;1;;1;;;;;;;;3;;;;
10/12/2011;18:04:00;46;com vítima;93,4;BR-116/RJ;Norte;Colisão frontal;2;;;;;;;;;;2;2;1;;
10/12/2011;18:23:00;49;sem vítima;143,8;BR-116/RJ;Sul;Colisão traseira;2;;;;;;;;;;4;;;;
10/12/2011;23:47:00;63;com vítima;132,5;BR-116/RJ;Sul;Capotamento;2;;;;;;;;;;1;2;;;
11/12/2011;05:16:00;7;sem vítima;122,5;BR-116/RJ;Sul;Choque em objeto fixo;1;;;;;;;;;;1;;;;
11/12/2011;08:08:00;15;sem vítima;143,75;BR-116/RJ;Sul;Colisão traseira;2;;;;;;;;;;2;;;;
11/12/2011;08:45:00;16;sem vítima;143,1;BR-116/RJ;Norte;Choque em defensa;1;;;;;;;;;;1;;;;
11/12/2011;16:27:00;37;sem vítima;143,1;BR-116/RJ;Sul;Colisão traseira;2;;;;;;;;;;2;;;;
11/12/2011;16:27:00;38;sem vítima;143,1;BR-116/RJ;Sul;Colisão traseira;2;;;;;;;;;;6;;;;
11/12/2011;17:17:00;40;com vítima;124,2;BR-116/RJ;Sul;Queda de moto;;;;1;;;;;;;;;;2;
11/12/2011;19:56:00;46;com vítima;118,15;BR-116/RJ;Sul;Capotamento;1;;;;;;;;;;;1;1;;
12/12/2011;07:04:00;9;com vítima;66,1;BR-116/RJ;Norte;Colisão frontal;1;;;1;;;;;;;;1;;2;
12/12/2011;15:37:00;35;sem vítima;139,3;BR-116/RJ;Sul;Colisão traseira;2;;;;;;;;;;4;;;;
12/12/2011;17:25:00;43;com vítima;94,3;BR-116/RJ;Sul;Queda de moto;1;;;1;;;;;;;1;1;;;
13/12/2011;05:17:00;6;sem vítima;114,4;BR-116/RJ;Norte;Derrapagem;1;;;;;;;;;;1;;;;
13/12/2011;06:14:00;10;sem vítima;143,7;BR-116/RJ;Sul;Abalroamento longitudinal;1;;1;;;;;;;;2;;;;
13/12/2011;07:44:00;12;sem vítima;141,5;BR-116/RJ;Sul;Colisão traseira;1;;1;;;;;;;;2;;;;
13/12/2011;09:19:00;18;sem vítima;143,7;BR-116/RJ;Sul;Abalroamento longitudinal;1;;1;;;;;;;;2;;;;
13/12/2011;10:25:00;20;sem vítima;143,7;BR-116/RJ;Sul;Abalroamento longitudinal;1;;1;;;;;;;;2;;;;
13/12/2011;13:47:00;32;sem vítima;143,7;BR-116/RJ;Sul;Abalroamento longitudinal;2;;;;;;;;;;2;;;;
13/12/2011;18:40:00;46;sem vítima;137,1;BR-116/RJ;Sul;Atropelamento de animal;1;;;;;;;;;;1;;;;
14/12/2011;15:15:00;29;sem vítima;125,2;BR-116/RJ;Norte;Colisão traseira;2;;;;;;;;;;2;;;;
14/12/2011;22:04:00;56;sem vítima;35,2;BR-116/RJ;Sul;Derrapagem;1;;;;;;;;;;4;;;;
14/12/2011;23:55:00;57;com vítima;128,1;BR-116/RJ;Norte;Abalroamento longitudinal;1;;1;;;;;;;;1;2;;;
15/12/2011;09:52:00;19;sem vítima;133,5;BR-116/RJ;Norte;Colisão traseira;1;;1;;;;;;;;2;;;;
15/12/2011;11:11:00;26;sem vítima;129,4;BR-116/RJ;Sul;Colisão traseira;2;;;;;;;;;;2;;;;
15/12/2011;11:11:00;27;com vítima;129,35;BR-116/RJ;Sul;Capotamento;1;;;;;;;;;;;;2;;
15/12/2011;11:55:00;29;com vítima;29,1;BR-116/RJ;Norte;Choque em veículo parado na pista;;;2;;;;;;;;1;1;;;
15/12/2011;13:40:00;33;com vítima;35,07;BR-116/RJ;Sul;Colisão frontal;1;;1;;;;;;;;;;2;;
15/12/2011;16:14:00;40;com vítima;123,25;BR-116/RJ;Norte;Derrapagem;;;1;;;;;;;;;;;1;
15/12/2011;18:42:00;45;sem vítima;143,8;BR-116/RJ;Sul;Colisão traseira;1;;1;;;;;;;;2;;;;
16/12/2011;08:15:00;7;sem vítima;143,8;BR-116/RJ;Sul;Abalroamento longitudinal;1;;;;;;;;;;2;;;;
16/12/2011;08:58:00;9;sem vítima;116,6;BR-116/RJ;Norte;Choque em objeto fixo;1;;;;;;;;;;1;;;;
16/12/2011;10:00:00;14;sem vítima;144;BR-116/RJ;Sul;Capotamento;;;1;;;;;;;;2;;;;
16/12/2011;15:40:00;26;sem vítima;143,9;BR-116/RJ;Sul;Abalroamento longitudinal;1;;1;;;;;;;;2;;;;
16/12/2011;16:30:00;29;com vítima;91,5;BR-116/RJ;Sul;Capotamento;;;1;;;;;;;;;1;;;
16/12/2011;16:36:00;33;com vítima;137,7;BR-116/RJ;Norte;Colisão traseira;;;1;1;;;;;;;1;1;;;
16/12/2011;20:48:00;45;sem vítima;124,3;BR-116/RJ;Norte;Choque em defensa;1;;;;;;;;;;2;;;;
16/12/2011;21:56:00;84;sem vítima;84;BR-116/RJ;Norte;Colisão traseira;;;2;;;;;;;;2;;;;
17/12/2011;08:48:00;19;sem vítima;125,48;BR-116/RJ;Sul;Choque em objeto fixo;;;1;;;;;;;;1;;;;
17/12/2011;09:08:00;22;com vítima;126;BR-116/RJ;Norte;Queda de moto;;;;1;;;;;;;;1;;;
17/12/2011;09:43:00;24;com vítima;92,2;BR-116/RJ;Sul;Colisão traseira;2;;;;;;;;;;;2;;;
17/12/2011;14:05:00;37;com vítima;126,8;BR-116/RJ;Sul;Colisão traseira;2;;;;;;;;;;;5;;;
17/12/2011;22:58:00;74;sem vítima;126,6;BR-116/RJ;Sul;Choque em defensa;;;1;;;;;;;;2;;;;
17/12/2011;23:36:00;76;com vítima;125,4;BR-116/RJ;Sul;Abalroamento longitudinal;1;;;;;;;;;;;1;;;
18/12/2011;04:15:00;6;com vítima;143,5;BR-116/RJ;Sul;Colisão traseira;1;;;;;;;;;;2;;;1;
18/12/2011;05:15:00;7;sem vítima;128,45;BR-116/RJ;Norte;Choque em objeto fixo;1;;;;;;;;;;1;;;;
18/12/2011;07:36:00;10;sem vítima;143,1;BR-116/RJ;Sul;Abalroamento longitudinal;1;;1;;;;;;;;2;;;;
18/12/2011;08:55:00;15;sem vítima;35,05;BR-116/RJ;Sul;Derrapagem;1;;;;;;;;;;1;;;;
18/12/2011;14:45:00;30;com vítima;76,4;BR-116/RJ;Norte;Atropel. de pedestre caminhando;;;1;;;;;;;;1;;1;;
18/12/2011;15:25:00;34;com vítima;132,5;BR-116/RJ;Sul;Queda de moto;;;;1;;;;;;;;;1;;
18/12/2011;16:13:00;36;sem vítima;114,05;BR-116/RJ;Sul;Derrapagem;1;;;;;;;;;;2;;;;
18/12/2011;21:05:00;53;sem vítima;143,9;BR-116/RJ;Sul;Abalroamento longitudinal;1;;;;1;;;;;;43;;;;
18/12/2011;23:05:00;64;com vítima;143,9;BR-116/RJ;Sul;Abalroamento transversal;1;;;;1;;;;;;10;2;;;
19/12/2011;04:48:00;5;sem vítima;96,4;BR-116/RJ;Sul;Choque em objeto fixo;1;;;;;;;;;;2;;;;
20/12/2011;07:07:00;9;sem vítima;143,8;BR-116/RJ;Norte;Abalroamento longitudinal;2;;;;;;;;;;2;;;;
20/12/2011;11:33:00;21;com vítima;112,5;BR-116/RJ;Norte;Choque em objeto fixo;1;;;;;;;;;;;3;;;
20/12/2011;13:00:00;26;com vítima;100,9;BR-116/RJ;Norte;Colisão frontal;1;;2;;;;;;;;3;6;;;
20/12/2011;14:58:00;33;sem vítima;143,7;BR-116/RJ;Sul;Colisão traseira;2;;;;;;;;;;2;;;;
20/12/2011;17:21:00;37;com vítima;137,35;BR-116/RJ;Norte;Abalroamento longitudinal;1;;;1;;;;;;;;;3;;
20/12/2011;17:25:00;38;com vítima;80,3;BR-116/RJ;Norte;Colisão traseira;1;;1;;;;;;;;;2;;;
20/12/2011;21:43:00;50;com vítima;83,5;BR-116/RJ;Sul;Colisão traseira;1;;;1;;;;;;;1;;1;;
21/12/2011;01:27:00;4;sem vítima;83;BR-116/RJ;Sul;Atropelamento de animal;;;1;;;;;;;;2;;;;
21/12/2011;07:40:00;12;com vítima;98,5;BR-116/RJ;Sul;Derrapagem;1;;;;;;;;;;1;1;;;
21/12/2011;18:21:00;54;sem vítima;78,2;BR-116/RJ;Sul;Abalroamento transversal;2;;;;;;;;;;2;;;;
22/12/2011;03:59:00;5;sem vítima;143,8;BR-116/RJ;Sul;Derrapagem;1;;;;;;;;;;1;;;;
22/12/2011;05:04:00;7;com vítima;103,4;BR-116/RJ;Norte;Derrapagem;1;;;;;;;;;;1;;1;;
22/12/2011;09:50:00;17;sem vítima;97,75;BR-116/RJ;Norte;Colisão traseira;3;;;;;;;;;;3;;;;
22/12/2011;11:25:00;24;sem vítima;97,1;BR-116/RJ;Sul;Derrapagem;1;;;;;;;;;;1;;;;
22/12/2011;15:00:00;38;sem vítima;73,5;BR-116/RJ;Sul;Derrapagem;1;;;;;;;;;;1;;;;
22/12/2011;20:08:00;67;com vítima;138,85;BR-116/RJ;Norte;Colisão traseira;3;;;;;;;;;;1;2;;;
22/12/2011;20:35:00;69;com vítima;75,2;BR-116/RJ;Sul;Queda de moto;;;;1;;;;;;;;2;;;
23/12/2011;06:20:00;12;sem vítima;135,3;BR-116/RJ;Sul;Colisão traseira;1;;1;;;;;;;;2;;;;
23/12/2011;07:15:00;14;com vítima;125,8;BR-116/RJ;Norte;Capotamento;;;1;;;;;;;;;;1;;
23/12/2011;08:05:00;16;sem vítima;125,8;BR-116/RJ;Sul;Choque em objeto fixo;1;;;;;;;;;;1;;;;
23/12/2011;15:27:00;56;com vítima;103,95;BR-116/RJ;Sul;Choque em objeto fixo;1;;;;;;;;;;;2;1;;
23/12/2011;16:10:00;60;com vítima;79,2;BR-116/RJ;Sul;Atropel. de pedestre atravessando;1;;;;;;;;;;1;;1;;
23/12/2011;20:53:00;91;com vítima;106,5;BR-116/RJ;Sul;Queda de moto;;;;1;;;;;;;;;1;1;
23/12/2011;22:49:00;94;com vítima;35,7;BR-116/RJ;Sul;Colisão traseira;;;2;;;;;;;;;2;;;
23/12/2011;23:00:00;96;com vítima;61,1;BR-116/RJ;Norte;Abalroamento longitudinal;2;;;;;;;;;;1;2;;;
24/12/2011;00:20:00;1;com vítima;144;BR-116/RJ;Norte;Choque em objeto fixo;1;;;;;;;;;;;;2;;
24/12/2011;00:22:00;2;com vítima;114,1;BR-116/RJ;Sul;Queda de moto;;;;1;;;;;;;1;;1;;
24/12/2011;01:30:00;5;com vítima;76,9;BR-116/RJ;Sul;Queda de moto;;;;1;;;;;;;;;2;;
24/12/2011;07:46:00;12;sem vítima;128,9;BR-116/RJ;Sul;Derrapagem;1;;;;;;;;;;1;;;;
24/12/2011;07:51:00;13;com vítima;133,5;BR-116/RJ;Norte;Colisão traseira;1;;1;;;;;;;;1;1;;;
24/12/2011;17:10:00;52;com vítima;105,4;BR-116/RJ;Sul;Choque em objeto fixo;1;;;;;;;;;;1;1;;;
24/12/2011;17:40:00;59;com vítima;105,3;BR-116/RJ;Sul;Derrapagem;1;;;;;;;;;;2;1;;;
24/12/2011;18:16:00;60;com vítima;135,5;BR-116/RJ;Sul;Colisão traseira;2;;;;;;;;;;;4;;;
24/12/2011;18:27:00;61;sem vítima;105,2;BR-116/RJ;Norte;Derrapagem;1;;;;;;;;;;1;;;;
24/12/2011;19:08:00;63;com vítima;80,95;BR-116/RJ;Norte;Derrapagem;1;;;;;;;;;;;1;;;
24/12/2011;23:59:00;77;com vítima;19,3;BR-116/RJ;Norte;Queda de moto;;;;1;;;;;;;;1;;;
25/12/2011;06:50:00;6;sem vítima;106;BR-116/RJ;Norte;Abalroamento transversal;1;;;;1;;;;;;7;;;;
25/12/2011;13:00:00;17;com vítima;143,1;BR-116/RJ;Sul;Colisão traseira;1;;;;1;;;;;;33;3;;;
25/12/2011;15:55:00;20;sem vítima;129;BR-116/RJ;Sul;Atropelamento de animal;1;;;;;;;;;;1;;;;
25/12/2011;16:13:00;21;sem vítima;52,35;BR-116/RJ;Sul;Atropelamento de animal;1;;;;;;;;;;1;;;;
25/12/2011;16:59:00;22;sem vítima;53,15;BR-116/RJ;Sul;Choque em objeto fixo;1;;;;;;;;;;1;;;;
25/12/2011;16:26:00;23;com vítima;114,9;BR-116/RJ;Norte;Queda de moto;;;;1;;;;;;;;;;1;1
25/12/2011;19:44:00;41;sem vítima;102;BR-116/RJ;Sul;Colisão traseira;4;;;;;;;;;;4;;;;
25/12/2011;21:15:00;47;sem vítima;132,5;BR-116/RJ;Sul;Derrapagem;1;;;;;;;;;;1;;;;
25/12/2011;21:36:00;49;sem vítima;125,5;BR-116/RJ;Norte;Choque em objeto fixo;1;;;;;;;;;;3;;;;
25/12/2011;22:16:00;51;sem vítima;136,6;BR-116/RJ;Norte;Atropelamento de animal;1;;;;;;;;;;2;;;;
25/12/2011;22:59:00;54;sem vítima;124;BR-116/RJ;Norte;Derrapagem;1;;;;;;;;;;1;;;;
26/12/2011;12:04:00;13;sem vítima;122;BR-116/RJ;Norte;Colisão traseira;1;;1;;;;;;;;7;;;;
26/12/2011;15:51:00;22;com vítima;137,4;BR-116/RJ;Sul;Colisão traseira;1;;1;;;;;;;;1;1;;;
26/12/2011;16:45:00;24;com vítima;6,7;BR-116/RJ;Sul;Abalroamento longitudinal;2;;;;;;;;;;1;3;;;
26/12/2011;17:58:00;28;com vítima;80,5;BR-116/RJ;Sul;Colisão frontal;2;;;;;;;;;;;4;;;
27/12/2011;08:25:00;18;sem vítima;29,5;BR-116/RJ;Norte;Colisão traseira;2;;;;;;;;;;2;;;;
27/12/2011;09:10:00;19;sem vítima;111,8;BR-116/RJ;Sul;Colisão traseira;;;1;;1;;;;;;3;;;;
28/12/2011;02:25:00;2;com vítima;124,9;BR-116/RJ;Norte;Choque em objeto fixo;1;;;;;;;;;;;1;;;
28/12/2011;03:10:00;3;sem vítima;5,05;BR-116/RJ;Sul;Choque em objeto fixo;1;;;;;;;;;;3;;;;
28/12/2011;18:36:00;42;com vítima;138,2;BR-116/RJ;Norte;Colisão traseira;;1;1;;;;;;;;1;;;;1
28/12/2011;20:15:00;47;sem vítima;141;BR-116/RJ;Sul;Atropelamento de animal;1;;;;;;;;;;1;;;;
28/12/2011;22:01:00;51;com vítima;29,3;BR-116/RJ;Norte;Colisão traseira;1;;2;;;;;;;;1;4;;;
28/12/2011;22:15:00;52;sem vítima;140,2;BR-116/RJ;Sul;Choque em defensa;1;;;;;;;;;;2;;;;
29/12/2011;00:14:00;1;com vítima;70,9;BR-116/RJ;Sul;Queda de moto;;;;1;;;;;;;;1;;;
29/12/2011;11:45:00;19;sem vítima;98,9;BR-116/RJ;Sul;Colisão traseira;2;;;;;;;;;;4;;;;
29/12/2011;22:39:00;42;com vítima;57;BR-116/RJ;Norte;Choque em defensa;1;;;;;;;;;;;1;2;;
30/12/2011;05:38:00;5;com vítima;95,1;BR-116/RJ;Sul;Choque em objeto fixo;1;;;;;;;;;;;2;;;
30/12/2011;11:31:00;15;com vítima;76,7;BR-116/RJ;Sul;Abalroamento longitudinal;2;;;;;;;;;;1;2;;;
30/12/2011;14:12:00;22;com vítima;103,99;BR-116/RJ;Sul;Derrapagem;;1;;;;;;;;;;1;;;
30/12/2011;15:20:00;24;sem vítima;13,9;BR-116/RJ;Norte;Choque em objeto fixo;1;;;;;;;;;;1;;;;
30/12/2011;16:14:00;28;com vítima;32,4;BR-116/RJ;Norte;Capotamento;;;1;;;;;;;;;1;;;
30/12/2011;20:20:00;39;com vítima;108,5;BR-116/RJ;Norte;Abalroamento longitudinal;1;;;1;;;;;;;1;;;1;
30/12/2011;21:10:00;43;com vítima;39;BR-116/RJ;Sul;Queda de moto;;;;1;;;;;;;;1;1;;
30/12/2011;21:40:00;46;com vítima;94,6;BR-116/RJ;Sul;Choque em objeto fixo;;;;;1;;;;;;46;1;;;
31/12/2011;13:15:00;30;sem vítima;142,7;BR-116/RJ;Sul;Abalroamento longitudinal;1;;1;;;;;;;;2;;;;
31/12/2011;18:30:00;48;sem vítima;137,4;BR-116/RJ;Sul;Colisão traseira;2;;;;;;;;;;4;;;;
31/12/2011;19:35:00;51;com vítima;144;BR-116/RJ;Sul;Queda de moto;;;;1;;;;;;;;1;1;;
31/12/2011;22:03:00;58;com vítima;104,2;BR-116/RJ;Sul;Abalroamento transversal;1;;1;;;;;;;;1;1;1;;
01/01/2012;01:35:00;1;sem vítima;127,3;BR-116/RJ;Norte;Derrapagem;1;;;;;;;;;;1;;;;
01/01/2012;04:38:00;11;com vítima;134,8;BR-116/RJ;Norte;Colisão traseira;1;1;;;;;;;;;1;1;;;
01/01/2012;05:10:00;12;sem vítima;127,3;BR-116/RJ;Sul;Choque em objeto fixo;1;;;;;;;;;;1;;;;
01/01/2012;07:15:00;13;com vítima;133,5;BR-116/RJ;Norte;Choque em objeto fixo;1;;;;;;;;;;1;1;;;
01/01/2012;12:22:00;18;sem vítima;122;BR-116/RJ;Sul;Colisão traseira;2;;;;;;;;;;9;;;;
02/01/2012;07:21:00;3;com vítima;35;BR-116/RJ;Sul;Abalroamento longitudinal;1;;;;;;;;;;;1;;;
02/01/2012;10:31:00;10;com vítima;137,4;BR-116/RJ;Sul;Choque em defensa;1;;;;;;;;;;;5;;;
02/01/2012;13:50:00;20;com vítima;122;BR-116/RJ;Sul;Colisão traseira;1;;1;;;;;;;;5;1;;;
02/01/2012;18:05:00;32;com vítima;133,65;BR-116/RJ;Norte;Choque em barreira New Jersey ;1;;;;;;;;;;;;5;;
02/01/2012;21:57:00;40;com vítima;141,1;BR-116/RJ;Norte;Queda de moto;;;;1;;;;;;;1;1;;;
03/01/2012;13:44:00;23;sem vítima;144;BR-116/RJ;Sul;Queda de moto;;;;1;;;;;;;1;;;;
03/01/2012;14:17:00;24;com vítima;143;BR-116/RJ;Sul;Colisão traseira;;;3;;;;;;;;2;3;;;
03/01/2012;14:24:00;25;sem vítima;98,6;BR-116/RJ;Sul;Colisão traseira;1;;;;;;;;;;2;;;;
04/01/2012;00:32:00;1;sem vítima;103,8;BR-116/RJ;Norte;Abalroamento longitudinal;1;;;;;;;;;;1;;;;
04/01/2012;10:17:00;14;com vítima;29,4;BR-116/RJ;Norte;Capotamento;;;1;;;;;;;;;1;;;
04/01/2012;13:45:00;18;com vítima;144;BR-116/RJ;Sul;Abalroamento longitudinal;1;;;1;;;;;;;1;1;;;
04/01/2012;22:39:00;43;com vítima;40,2;BR-116/RJ;Sul;Abalroamento transversal;1;1;;;;;;;;;1;;1;;
06/01/2012;10:58:00;20;com vítima;126,65;BR-116/RJ;Norte;Colisão traseira;1;;1;;;;;;;;1;2;;;
06/01/2012;17:05:00;36;com vítima;46,8;BR-116/RJ;Norte;Derrapagem;1;;;;;;;;;;;1;;;
06/01/2012;18:40:00;42;sem vítima;138,8;BR-116/RJ;Sul;Choque em objeto fixo;1;;;;;;;;;;1;;;;
06/01/2012;19:59:00;46;com vítima;29,5;BR-116/RJ;Norte;Queda de carga;;;1;;;;;;;;;1;;;
06/01/2012;23:25:00;57;sem vítima;69,5;BR-116/RJ;Sul;Atropelamento de animal;;;1;;;;;;;;1;;;;
07/01/2012;06:04:00;5;sem vítima;107,7;BR-116/RJ;Norte;Abalroamento longitudinal;2;;;;;;;;;;6;;;;
07/01/2012;07:57:00;11;com vítima;34;BR-116/RJ;Sul;Queda de moto;;;;1;;;;;;;;2;;;
07/01/2012;17:05:00;33;com vítima;94,3;BR-116/RJ;Norte;Colisão frontal;2;;;;;;;;;;;1;1;;
07/01/2012;17:16:00;34;com vítima;136,7;BR-116/RJ;Sul;Colisão traseira;1;;1;;;;;;;;1;2;1;;
07/01/2012;18:53:00;40;sem vítima;92,5;BR-116/RJ;Norte;Colisão traseira;2;;;;;;;;;;2;;;;
07/01/2012;22:55:00;48;com vítima;78,5;BR-116/RJ;Norte;Abalroamento transversal;;;;2;;;;;;;1;;1;;
08/01/2012;12:05:00;14;sem vítima;143,79;BR-116/RJ;Sul;Colisão traseira;2;;;;;;;;;;2;;;;
08/01/2012;15:35:00;20;sem vítima;142,01;BR-116/RJ;Sul;Choque em objeto fixo;1;;;;;;;;;;1;;;;
08/01/2012;17:30:00;25;sem vítima;116;BR-116/RJ;Sul;Atropelamento de animal;1;;;;;;;;;;1;;;;
08/01/2012;22:23:00;44;sem vítima;94,7;BR-116/RJ;Norte;Atropelamento de animal;1;;;;;;;;;;2;;;;
09/01/2012;05:10:00;4;sem vítima;143,6;BR-116/RJ;Sul;Abalroamento longitudinal;;;1;;1;;;;;;2;;;;
09/01/2012;07:40:00;8;sem vítima;108,4;BR-116/RJ;Norte;Colisão traseira;1;;1;;;;;;;;6;;;;
09/01/2012;14:15:00;28;sem vítima;49,7;BR-116/RJ;Sul;Choque em defensa;1;;;;;;;;;;5;;;;
09/01/2013;20:35:00;44;com vítima;127;BR-116/RJ;Norte;Colisão traseira;1;;;1;;;;;;;1;;2;;
10/01/2012;13:20:00;14;com vítima;138,6;BR-116/RJ;Sul;Derrapagem;1;;;;;;;;;;;1;;;
10/01/2012;20:20:00;42;sem vítima;5,45;BR-116/RJ;Sul;Capotamento;;;1;;;;;;;;1;;;;
10/01/2012;22:01:00;46;com vítima;82,4;BR-116/RJ;Norte;Abalroamento longitudinal;2;;;;;;;;;;;2;;;
11/01/2012;05:19:00;4;sem vítima;112;BR-116/RJ;Sul;Atropelamento de animal;1;;;;;;;;;;4;;;;
11/01/2012;08:40:00;9;com vítima;125,9;BR-116/RJ;Norte;Derrapagem;1;;;;;;;;;; ;1;;;
11/01/2012;10:00:00;13;sem vítima;90,4;BR-116/RJ;Norte;Derrapagem;1;;;;;;;;;;1;;;;
11/01/2012;21:00:00;53;com vítima;64,7;BR-116/RJ;Sul;Colisão traseira;1;;2;;;;;;;;1;2;;;
12/01/2012;10:23:00;15;sem vítima;142,7;BR-116/RJ;Sul;Choque em objeto fixo;1;;;;;;;;;;1;;;;
12/01/2012;10:51:00;17;sem vítima;30,03;BR-116/RJ;Sul;Derrapagem;;;1;;;;;;;;1;;;;
12/01/2012;11:00:00;20;com vítima;127;BR-116/RJ;Sul;Choque em objeto fixo;1;;;;;;;;;;;1;;;
13/01/2012;10:00:00;13;com vítima;57,1;BR-116/RJ;Sul;Abalroamento longitudinal;1;;1;;;;;;;;;2;;;
13/01/2012;12:09:00;25;com vítima;38,7;BR-116/RJ;Norte;Abalroamento longitudinal;1;;1;;;;;;;;;2;;;
14/01/2012;02:46:00;3;sem vítima;103,6;BR-116/RJ;Sul;Abalroamento longitudinal;;;2;;;;;;;;2;;;;
14/01/2012;07:25:00;7;sem vítima;100,9;BR-116/RJ;Sul;Colisão traseira;2;;;;;;;;;;4;;;;
14/01/2012;20:13:00;67;com vítima;49,6;BR-116/RJ;Norte;Derrapagem;1;;;;;;;;;;;3;;;
14/01/2012;22:27:00;74;com vítima;72,5;BR-116/RJ;Norte;Derrapagem;1;;;;;;;;;;;1;;;