data;horario;n_da_ocorrencia;tipo_de_ocorrencia;km;trecho;sentido;tipo_de_acidente;automovel;bicicleta;caminhao;moto;onibus;outros;tracao_animal;transporte_de_cargas_especiais;trator_maquinas;utilitarios;ilesos;levemente_feridos;moderadamente_feridos;gravemente_feridos;mortos
21/11/2012;19:09:00;39;sem vítima;102,4;BR-116/RJ;Norte;Abalroamento longitudinal;2;;;;;;;;;;3;;;;
22/11/2012;08:03:00;10;sem vítima;92;BR-116/RJ;Sul;Colisão traseira;3;;;;;;;;;;3;;;;
23/11/2012;14:59:00;29;sem vítima;70,6;BR-116/RJ;Norte;Colisão traseira;1;;;1;;;;;;;2;;;;
23/11/2012;15:57:00;36;sem vítima;120,15;BR-116/RJ;Norte;Colisão traseira;1;;2;;;;;;;;4;;;;
23/11/2012;17:10:00;40;sem vítima;94,4;BR-116/RJ;Sul;Colisão traseira;3;;;;;;;;;;3;;;;
23/11/2012;23:45:00;60;com vítima;81,9;BR-116/RJ;Norte;Queda de moto;;;;1;;;;;;;;;2;;
24/11/2012;09:46:00;19;com vítima;104,2;BR-116/RJ;Norte;Abalroamento transversal;1;1;;;;;;;;;3;;1;;
24/11/2012;20:25:00;72;sem vítima;133,55;BR-116/RJ;Norte;Colisão traseira;3;;;;;;;;;;3;;;;
24/11/2012;20:27:00;73;com vítima;74,6;BR-116/RJ;Norte;Abalroamento longitudinal;3;;;;;;;;;;1;3;;;
24/11/2012;20:38:00;74;com vítima;132,5;BR-116/RJ;Sul;Abalroamento longitudinal;1;1;;;;;;;;;1;1;;;
25/11/2012;12:50:00;15;com vítima;143,8;BR-116/RJ;Sul;Colisão traseira;2;;;;;;;;;;4;2;;;
25/11/2012;14:08:00;18;com vítima;26,5;BR-116/RJ;Norte;Capotamento;1;;;;;;;;;;1;1;;;
25/11/2012;14:14:00;21;com vítima;59,95;BR-116/RJ;Sul;Derrapagem;1;;;;;;;;;;;3;;;
25/11/2012;15:39:00;25;com vítima;27,5;BR-116/RJ;Norte;Derrapagem;;;1;;;;;;;;;1;;;
25/11/2012;17:20:00;26;sem vítima;89,5;BR-116/RJ;Sul;Choque em objeto fixo;1;;;;;;;;;;4;;;;
25/11/2012;17:07:00;27;com vítima;26,2;BR-116/RJ;Norte;Derrapagem;1;;;;;;;;;;;1;;;
25/11/2012;18:12:00;33;com vítima;59,95;BR-116/RJ;Sul;Capotamento;1;;;;;;;;;;;;1;1;
25/11/2012;19:00:00;35;com vítima;25,1;BR-116/RJ;Norte;Choque em objeto fixo;1;;;;;;;;;;;1;;;
26/11/2012;05:08:00;6;com vítima;139,3;BR-116/RJ;Sul;Colisão traseira;1;;1;;;;;;;;2;;1;;
26/11/2012;15:12:00;36;sem vítima;97,5;BR-116/RJ;Norte;Abalroamento longitudinal;2;;;;;;;;;;2;;;;
26/11/2012;19:10:00;55;com vítima;95,7;BR-116/RJ;Norte;Abalroamento longitudinal;6;;2;;;;;;;;2;;;6;1
27/11/2012;07:22:00;10;sem vítima;95,8;BR-116/RJ;Sul;Derrapagem;1;;;;;;;;;;1;;;;
27/11/2012;10:03:00;15;sem vítima;26,5;BR-116/RJ;Norte;Derrapagem;1;;;;;;;;;;2;;;;
27/11/2012;13:10:00;20;sem vítima;126;BR-116/RJ;Sul;Choque em objeto fixo;1;;;;;;;;;;1;;;;
27/11/2012;13:54:00;26;sem vítima;143,7;BR-116/RJ;Norte;Choque em objeto fixo;1;;;;;;;;;;1;;;;
28/11/2012;04:34:00;4;sem vítima;38,3;BR-116/RJ;Sul;Atropelamento de animal;;;1;;;;;;;;1;;;;
28/11/2012;06:56:00;8;sem vítima;95,7;BR-116/RJ;Sul;Derrapagem;1;;;;;;;;;;1;;;;
28/11/2012;07:32:00;10;com vítima;53,3;BR-116/RJ;Norte;Derrapagem;1;;;;;;;;;;;1;;;
28/11/2012;07:48:00;11;sem vítima;123,1;BR-116/RJ;Norte;Colisão traseira;2;;;;;;;;;;85;;;;
28/11/2012;09:20:00;18;sem vítima;143,25;BR-116/RJ;Norte;Colisão traseira;2;;;;;;;;;;2;;;;
28/11/2012;11:05:00;24;sem vítima;91,9;BR-116/RJ;Sul;Colisão traseira;1;;;;;;;;;;1;;;;
28/11/2012;18:02:00;49;com vítima;128,65;BR-116/RJ;Sul;Choque em objeto fixo;1;;;;;;;;;;;;2;;
29/11/2012;08:52:00;10;com vítima;143,8;BR-116/RJ;Sul;Queda de moto;;;;1;;;;;;;;;1;;
29/11/2012;07:57:00;11;com vítima;93,3;BR-116/RJ;Sul;Colisão traseira;1;;2;;;;;;;;2;1;;;
29/11/2012;22:11:00;43;com vítima;67,9;BR-116/RJ;Sul;Derrapagem;;;;1;;;;;;;;1;;;
30/11/2012;06:45:00;5;sem vítima;135,95;BR-116/RJ;Sul;Colisão traseira;2;;;;;;;;;;2;;;;
30/11/2012;07:52:00;7;sem vítima;126,7;BR-116/RJ;Norte;Choque em objeto fixo;1;;;;;;;;;;1;;;;
30/11/2012;18:25:00;35;sem vítima;56,2;BR-116/RJ;Norte;Atropelamento de animal;1;;;;;;;;;;1;;;;
30/11/2012;22:15:00;56;sem vítima;95,4;BR-116/RJ;Norte;Choque em veículo parado na pista;2;;;;;;;;;;5;;;;
01/12/2012;01:08:00;1;com vítima;65,2;BR-116/RJ;Sul;Derrapagem;1;;;;;;;;;;;2;;;
01/12/2012;13:53:00;47;com vítima;78,4;BR-116/RJ;Norte;Abalroamento transversal;2;;;;;;;;;;;;2;;
01/12/2012;22:54:00;71;sem vítima;2,4;BR-116/RJ;Norte;Choque em objeto fixo;1;;;;;;;;;;1;;;;
02/12/2012;05:12:00;9;com vítima;116,6;BR-116/RJ;Norte;Choque em objeto fixo;2;;;;;;;;;;;1;2;;
02/12/2012;09:43:00;18;sem vítima;133,7;BR-116/RJ;Sul;colisão traseira;3;;;;;;;;;;4;;;;
02/12/2012;11:43:00;27;com vítima;54,935;BR-116/RJ;Sul;Abalroamento transversal;2;;;;;;;;;;;5;;;
02/12/2012;16:13:00;37;com vítima;102,2;BR-116/RJ;Sul;Abalroamento transversal;2;;;;;;;;;;6;1;;;
02/12/2012;17:03:00;43;com vítima;109,9;BR-116/RJ;Sul;colisão traseira;1;;;1;;;;;;;1;2;;;
02/12/2012;18:17:00;48;sem vítima;100,2;BR-116/RJ;Sul;Choque em objeto fixo;1;;;;;;;;;;1;;;;
02/12/2012;19:25:00;55;com vítima;75;BR-116/RJ;Norte;Derrapagem;1;;;;;;;;;;;1;;;
02/12/2012;21:42:00;63;com vítima;37,8;BR-116/RJ;Sul;Capotamento;;;1;;;;;;;;;;1;;
03/12/2012;18:04:00;48;sem vítima;104,7;BR-116/RJ;Norte;Choque em objeto fixo;1;;;;;;;;;;1;;;;
03/12/2012;21:24:00;63;com vítima;135,7;BR-116/RJ;Norte;Abalroamento transversal;1;1;;;;;;;;;1;;1;;
04/12/2012;09:51:00;13;sem vítima;127,94;BR-116/RJ;Sul;Abalroamento longitudinal;1;;1;;;;;;;;2;;;;
04/12/2012;11:57:00;24;sem vítima;124,8;BR-116/RJ;Sul;Abalroamento longitudinal;2;;;;;;;;;;2;;;;
04/12/2012;17:10:00;44;com vítima;67,7;BR-116/RJ;Norte;Colisão frontal;;;1;1;;;;;;;1;;1;;
04/12/2012;17:37:00;46;com vítima;142,3;BR-116/RJ;Norte;colisão traseira;1;;1;;;;;;;;1;1;1;;
04/12/2012;17:43:00;48;com vítima;108,9;BR-116/RJ;Sul;Choque em objeto fixo;1;;;;;;;;;;;1;;;
05/12/2012;11:33:00;26;sem vítima;122;BR-116/RJ;Norte;colisão traseira;1;;1;;;;;;;;2;;;;
05/12/2012;15:12:00;41;sem vítima;143,7;BR-116/RJ;Sul;Abalroamento longitudinal;1;;1;;;;;;;;2;;;;
05/12/2012;11:56:00;27;sem vítima;82;BR-116/RJ;Sul;Abalroamento longitudinal;1;;1;;;;;;;;2;;;;
06/12/2012;09:05:00;13;sem vítima;101;BR-116/RJ;Sul;Derrapagem;;;1;;;;;;;;1;;;;
07/12/2012;07:27:00;14;sem vítima;141,1;BR-116/RJ;Sul;colisão traseira;1;;1;;2;;;;;;131;;;;
07/12/2012;07:35:00;15;sem vítima;143,1;BR-116/RJ;Sul;colisão traseira;2;;;;;;;;;;2;;;;
07/12/2012;12:30:00;42;com vítima;144;BR-116/RJ;Sul;Abalroamento longitudinal;1;;;;1;;;;;;28;1;2;;
07/12/2012;16:44:00;65;com vítima;91,5;BR-116/RJ;Norte;colisão traseira;2;;1;;;;;;;;1;1;1;;
08/12/2012;04:00:00;5;com vítima;77,6;BR-116/RJ;Sul;Atropel. de pedestre caminhando;1;;;;;;;;;;;1;1;;
08/12/2012;05:59:00;10;com vítima;107,8;BR-116/RJ;Norte;Abalroamento longitudinal;;1;;1;;;;;;;;;2;;
08/12/2012;08:28:00;16;com vítima;130,5;BR-116/RJ;Norte;Abalroamento longitudinal;1;;1;;;;;;;;1;1;;;
08/12/2012;12:43:00;29;sem vítima;126,04;BR-116/RJ;Norte;Choque em barreira New Jersey ;2;;;;;;;;;;2;;;;
08/12/2012;14:00:00;35;com vítima;59,5;BR-116/RJ;Sul;;1;;;;;;;;;;;2;2;;
08/12/2012;18:20:00;52;com vítima;133,5;BR-116/RJ;Sul;Colisão traseira;1;;;1;;;;;;;2;1;;;
08/12/2012;22:00:00;70;com vítima;141,95;BR-116/RJ;Sul;Queda de moto;2;;;1;;;;;;;2;;;1;
09/12/2012;16:05:00;41;sem vítima;83,4;BR-116/RJ;Sul;Colisão traseira;3;;;;;;;;;;3;;;;
09/12/2012;18:49:00;55;sem vítima;142,5;BR-116/RJ;Norte;Colisão traseira;3;;;;;;;;;;2;;;;
10/12/2012;04:59:00;5;com vítima;94,1;BR-116/RJ;Sul;colisão traseira;2;;1;;;;;;;;2;1;;;
10/12/2012;05:24:00;7;com vítima;86;BR-116/RJ;Norte;Capotamento;;;1;;;;;;;;;;2;;
10/12/2012;13:33:00;23;sem vítima;110,05;BR-116/RJ;Norte;Abalroamento longitudinal;1;;;;;;;;;;1;;;;
10/12/2012;16:49:00;29;com vítima;123,2;BR-116/RJ;Norte;colisão traseira;3;;;;;;;;;;2;1;;;
10/12/2012;18:15:00;31;com vítima;143,95;BR-116/RJ;Sul;Abalroamento longitudinal;1;;;1;;;;;;;1;1;;;
10/12/2012;18:27:00;32;sem vítima;142,7;BR-116/RJ;Sul;Colisão traseira;1;;;;1;;;;;;12;;;;
10/12/2012;19:00:00;36;sem vítima;95,5;BR-116/RJ;Norte;Colisão traseira;2;;;;;;;;;;2;;;;
11/12/2012;08:29:00;9;com vítima;141,85;BR-116/RJ;Norte;Colisão traseira;2;;;;;;;;;;1;1;;;
11/12/2012;15:05:00;44;sem vítima;143,85;BR-116/RJ;Sul;Abalroamento longitudinal;1;;1;;;;;;;;2;;;;
12/12/2012;06:10:00;5;sem vítima;28;BR-116/RJ;Norte;Choque em objeto fixo;;;1;;;;;;;;1;;;;
12/12/2012;18:08:00;32;sem vítima;143,9;BR-116/RJ;Sul;Colisão traseira;1;;1;;;;;;;;2;;;;
12/12/2012;19:22:00;36;sem vítima;122,2;BR-116/RJ;Sul;Choque em defensa;1;;;;;;;;;;1;;;;
13/12/2012;19:20:00;43;sem vítima;86,8;BR-116/RJ;Sul;Derrapagem;1;;;;;;;;;;1;;;;
13/12/2012;21:23:00;50;com vítima;143,75;BR-116/RJ;Norte;Abalroamento longitudinal;1;;;1;;;;;;;1;;1;;
14/12/2012;07:29:00;10;sem vítima;143,9;BR-116/RJ;Sul;Colisão traseira;2;;;;;;;;;;2;;;;
14/12/2012;12:10:00;25;com vítima;104,9;BR-116/RJ;Norte;Choque em objeto fixo;1;;;;;;;;;;2;;1;;
14/12/2012;14:20:00;35;sem vítima;140,6;BR-116/RJ;Sul;Choque em objeto fixo;;;2;;;;;;;;2;;;;
14/12/2012;16:02:00;42;sem vítima;143,75;BR-116/RJ;Sul;Colisão traseira;;;2;;;;;;;;2;;;;
14/12/2012;17:16:00;46;sem vítima;134,2;BR-116/RJ;Sul;Choque em objeto fixo;1;;;;;;;;;;1;;;;
14/12/2012;18:53:00;53;sem vítima;94,05;BR-116/RJ;Sul;Derrapagem;;;1;;;;;;;;1;;;;
14/12/2012;22:00:00;62;com vítima;106;BR-116/RJ;Norte;Abalroamento longitudinal;1;;;1;;;;;;;;;2;;
14/12/2012;22:45:00;65;com vítima;135,2;BR-116/RJ;Sul;Choque em objeto fixo;;;1;;;;;;;;;2;;;
15/12/2012;11:15:00;23;sem vítima;5,6;BR-116/RJ;Norte;Capotamento;2;;;;;;;;;;2;;;;
15/12/2012;15:08:00;40;com vítima;26,2;BR-116/RJ;Sul;Derrapagem;1;;;;;;;;;;;2;4;;
15/12/2012;16:49:00;49;com vítima;125,4;BR-116/RJ;Norte;Derrapagem;1;;;;;;;;;;;;1;;
15/12/2012;21:19:00;73;sem vítima;105,8;BR-116/RJ;Norte;Abalroamento longitudinal;2;;;;;;;;;;5;;;;
15/12/2012;23:10:00;78;sem vítima;3,2;BR-116/RJ;Norte;Choque em objeto fixo;1;;;;;;;;;;5;;;;
16/12/2012;08:19:00;11;sem vítima;143,7;BR-116/RJ;Norte;Abalroamento longitudinal;1;;1;;;;;;;;3;;;;
16/12/2012;08:45:00;12;com vítima;69,85;BR-116/RJ;Norte;Abalroamento longitudinal;1;;1;;;;;;;;1;2;;;
16/12/2012;13:19:00;35;com vítima;135,3;BR-116/RJ;Norte;Choque em defensa;1;;;;;;;;;;1;3;;;
16/12/2012;18:22:00;53;com vítima;77,3;BR-116/RJ;Norte;Derrapagem;1;;;;;;;;;;;2;;;
16/12/2012;18:47:00;54;sem vítima;2,5;BR-116/RJ;Norte;Choque em objeto fixo;1;;;;;;;;;;3;;;;
16/12/2012;22:05:00;64;sem vítima;32,3;BR-116/RJ;Norte;Derrapagem;1;;;;;;;;;;1;;;;
16/12/2012;22:06:00;71;com vítima;56,8;BR-116/RJ;Norte;Derrapagem;1;;;;;;;;;;1;2;1;;
16/12/2012;22:07:00;72;sem vítima;122,4;BR-116/RJ;Norte;Derrapagem;1;;;;;;;;;;1;;;;
16/12/2012;22:19:00;74;com vítima;137,1;BR-116/RJ;Sul;Capotamento;1;;;;;;;;;;;1;;;
17/12/2012;12:30:00;27;com vítima;80,4;BR-116/RJ;Sul;Abalroamento transversal;1;;;1;;;;;;;1;;1;;
17/12/2012;18:00:00;44;sem vítima;123,6;BR-116/RJ;Norte;Choque em objeto fixo;1;;;;;;;;;;1;;;;
17/12/2012;19:10:00;52;com vítima;5,7;BR-116/RJ;Sul;Choque em barreira New Jersey ;1;;;;;;;;;;;1;;;
18/12/2012;12:20:00;15;sem vítima;103,7;BR-116/RJ;Norte;Abalroamento longitudinal;2;;;;;;;;;;2;;;;
18/12/2012;23:18:00;59;com vítima;75,5;BR-116/RJ;Sul;Colisão frontal;2;;;;;;;;;;;;4;;
19/12/2012;12:44:00;23;com vítima;88,6;BR-116/RJ;Sul;Derrapagem;1;;;;;;;;;;;;4;;
19/12/2012;13:24:00;27;sem vítima;78,4;BR-116/RJ;Sul;Colisão traseira;;;2;;;;;;;;2;;;;
19/12/2012;15:20:00;37;com vítima;78,8;BR-116/RJ;Norte;Atropel. de pedestre caminhando;1;;;;;;;;;;1;;1;;
19/12/2012;18:12:00;47;com vítima;61,9;BR-116/RJ;Sul;Abalroamento longitudinal;1;;1;;;;;;;;;3;;;
19/12/2012;19:55:00;57;com vítima;29,8;BR-116/RJ;Norte;Derrapagem;;;1;;;;;;;;1;2;;;
20/12/2012;05:54:00;7;sem vítima;128,49;BR-116/RJ;Norte;Choque em objeto fixo;;;1;;;;;;;;1;;;;
20/12/2012;11:17:00;24;sem vítima;127;BR-116/RJ;Norte;Atropel. de pedestre atravessando;2;;;;;;;;;;2;;;;
20/12/2012;15:03:00;30;sem vítima;92;BR-116/RJ;Norte;Colisão traseira;1;;1;;;;;;;;2;;;;
21/12/2012;07:55:00;20;com vítima;129,5;BR-116/RJ;Norte;Colisão traseira;;;2;;1;;;;;;35;1;;;
21/12/2012;09:43:00;28;sem vítima;143;BR-116/RJ;Sul;Colisão traseira;3;;;;;;;;;;6;;;;
21/12/2012;10:30:00;36;sem vítima;143,5;BR-116/RJ;Sul;Abalroamento longitudinal;1;;;;1;;;;;;35;;;;
21/12/2012;10:35:00;37;com vítima;95,7;BR-116/RJ;Sul;Queda de moto;;;;1;;;;;;;;;1;;
21/12/2012;10:53:00;40;com vítima;40,2;BR-116/RJ;Sul;Colisão traseira;1;;;1;;;;;;;2;;1;;
21/12/2012;13:58:00;55;com vítima;79,7;BR-116/RJ;Norte;Abalroamento longitudinal;1;;;1;;;;;;;1;;1;;
21/12/2012;23:20:00;87;sem vítima;107;BR-116/RJ;Norte;Atropelamento de animal;1;;;;;;;;;;1;;;;
22/12/2012;01:30:00;3;com vítima;127,9;BR-116/RJ;Norte;Queda de moto;;;;1;;;;;;;;;;;1
22/12/2012;05:44:00;10;sem vítima;126;BR-116/RJ;Sul;Queda de carga;;;1;;;;;;;;1;;;;
22/12/2012;13:12:00;46;sem vítima;92;BR-116/RJ;Sul;Colisão traseira;2;;;;;;;;;;3;;;;
22/12/2012;15:25:00;54;sem vítima;46,4;BR-116/RJ;Sul;Derrapagem;1;;;;;;;;;;1;;;;
22/12/2012;20:53:00;74;com vítima;102,7;BR-116/RJ;Norte;Colisão frontal;2;;;;;;;;;;2;;3;;
23/12/2012;01:15:00;3;sem vítima;138,6;BR-116/RJ;Sul;Derrapagem;;;1;;;;;;;;3;;;;
23/12/2012;09:42:00;14;sem vítima;29,6;BR-116/RJ;Norte;Derrapagem;1;;;;;;;;;;1;;;;
23/12/2012;11:57:00;20;sem vítima;100,3;BR-116/RJ;Sul;Colisão traseira;2;;;;;;;;;;2;;;;
23/12/2012;22:08:00;57;com vítima;80,3;BR-116/RJ;Norte;Abalroamento longitudinal;;;1;1;;;;;;;4;1;;;
24/12/2012;01:47:00;5;com vítima;67,3;BR-116/RJ;Norte;Capotamento;1;;;;;;;;;;;;;2;
24/12/2012;12:10:00;18;sem vítima;143,8;BR-116/RJ;Sul;Abalroamento longitudinal;1;;1;;;;;;;;2;;;;
24/12/2012;14:10:00;29;com vítima;116,01;BR-116/RJ;Norte;Derrapagem;1;;;;;;;;;;;1;;;
24/12/2012;16:27:00;37;com vítima;79,8;BR-116/RJ;Sul;Abalroamento longitudinal;1;;;1;;;;;;;;1;1;;
24/12/2012;23:57:00;69;com vítima;97,1;BR-116/RJ;Norte;Atropel. de pedestre caminhando;2;;;;;;;;;;2;;;1;1
25/12/2012;16:51:00;39;com vítima;75,4;BR-116/RJ;Sul;Colisão traseira;3;;;;;;;;;;4;3;;;
26/12/2012;07:35:00;10;sem vítima;72,7;BR-116/RJ;Sul;Queda de carga;;;1;;;;;;;;1;;;;
26/12/2012;11:53:00;37;sem vítima;102;BR-116/RJ;Sul;Derrapagem;1;;;;;;;;;;2;;;;
26/12/2012;13:06:00;40;sem vítima;76;BR-116/RJ;Sul;colisão traseira;2;;;;;;;;;;2;;;;
26/12/2012;13:07:00;42;sem vítima;4;BR-116/RJ;Sul;;;;1;;;;;;;;1;;;;
26/12/2012;13:08:00;43;sem vítima;143,8;BR-116/RJ;Sul;Abalroamento longitudinal;1;;;;1;;;;;;2;;;;
26/12/2012;14:21:00;52;sem vítima;100;BR-116/RJ;Sul;Derrapagem;1;;;;;;;;;;1;;;;
28/12/2012;06:12:00;7;sem vítima;14,9;BR-116/RJ;Sul;colisão traseira;;;2;;;;;;;;2;;;;
28/12/2012;10:36:00;26;com vítima;78,3;BR-116/RJ;Sul;Abalroamento transversal;2;;;;;;;;;;1;1;;;
28/12/2012;04:39:00;6;com vítima;94,6;BR-116/RJ;Sul;colisão traseira;2;;;;;;;;;;1;1;;;
28/12/2012;20:03:00;60;com vítima;104,2;BR-116/RJ;Sul;Atropelamento de animal;;;;1;;;;;;;;;1;;
28/12/2012;20:31:00;62;sem vítima;133,5;BR-116/RJ;Norte;Colisão traseira;1;;;;;;;;;;2;;;;
29/12/2012;06:45:00;8;com vítima;56,3;BR-116/RJ;Norte;Choque em objeto fixo;1;;;;;;;;;;;1;;;
29/12/2012;14:17:00;43;sem vítima;140;BR-116/RJ;Sul;Abalroamento longitudinal;1;;;;1;;;;;;2;;;;
29/12/2012;21:43:00;79;sem vítima;98,05;BR-116/RJ;Norte;Choque em objeto fixo;1;;;;;;;;;;4;;;;
30/12/2012;07:00:00;16;sem vítima;43;BR-116/RJ;Sul;Derrapagem;1;;;;;;;;;;1;;;;
30/12/2012;18:15:00;54;com vítima;136,03;BR-116/RJ;Sul;Queda de moto;;;;1;;;;;;;;1;1;;
30/12/2012;19:36:00;65;sem vítima;125,4;BR-116/RJ;Norte;Queda de carga;;;1;;;;;;;;1;;;;
30/12/2012;20:15:00;67;com vítima;39,3;BR-116/RJ;Sul;Queda de moto;;;;1;;;;;;;;1;;;
31/12/2012;06:42:00;3;com vítima;121,9;BR-116/RJ;Sul;colisão traseira;1;;1;;;;;;;;2;1;;;
31/12/2012;12:51:00;14;com vítima;132,3;BR-116/RJ;Norte;Choque em objeto fixo;1;;;;;;;;;;;;1;;
01/01/2013;09:15:00;15;com vítima;65,6;BR-116/RJ;Norte;Queda de moto;;;;1;;;;;;;;1;;;
01/01/2013;11:28:00;25;com vítima;144;BR-116/RJ;Sul;Derrapagem;1;;;;;;;;;;2;1;;;
01/01/2013;14:56:00;40;com vítima;56,25;BR-116/RJ;Sul;Derrapagem;1;;;;;;;;;;;2;1;;
01/01/2013;15:00:00;42;com vítima;128,5;BR-116/RJ;Sul;Derrapagem;1;;;;;;;;;;4;1;;;
01/01/2013;20:06:00;76;com vítima;82,7;BR-116/RJ;Norte;Capotamento;1;;;;;;;;;;;;2;;
02/01/2013;07:35:00;5;sem vítima;143,5;BR-116/RJ;Sul;Abalroamento longitudinal;2;;;;;;;;;;2;;;;
02/01/2013;14:40:00;37;sem vítima;36,15;BR-116/RJ;Sul;Choque em objeto fixo;;;1;;;;;;;;1;;;;
02/01/2013;19:14:00;56;com vítima;137,8;BR-116/RJ;Sul;Choque em defensa;;;1;;1;;;;;;4;1;;;
03/01/2013;08:48:00;15;com vítima;49,5;BR-116/RJ;Norte;Choque em objeto fixo;1;;;;;;;;;;;2;;;
03/01/2013;10:35:00;24;sem vítima;57,7;BR-116/RJ;Sul;Choque em objeto fixo;1;;;;;;;;;;1;;;;
03/01/2013;10:42:00;25;sem vítima;85,2;BR-116/RJ;Sul;Choque em objeto fixo;1;;;;;;;;;;1;;;;
03/01/2013;10:58:00;26;com vítima;136,95;BR-116/RJ;Sul;Choque em objeto fixo;;;1;;;;;;;;;1;1;;
03/01/2013;15:26:00;38;sem vítima;93;BR-116/RJ;Sul;Colisão traseira;1;;1;;;;;;;;2;;;;
03/01/2013;17:19:00;49;com vítima;123,4;BR-116/RJ;Norte;Derrapagem;;;1;;;;;;;;;1;;;
03/01/2013;18:25:00;53;com vítima;86,3;BR-116/RJ;Sul;Derrapagem;1;;;;;;;;;;;1;3;;
04/01/2013;06:00:00;10;sem vítima;66,9;BR-116/RJ;Norte;Derrapagem;1;;;;;;;;;;1;;;;
04/01/2013;08:23:00;19;sem vítima;140;BR-116/RJ;Sul;Atropelamento de animal;1;;;;;;;;;;1;;;;
04/01/2013;12:00:00;25;sem vítima;144;BR-116/RJ;Norte;Abalroamento longitudinal;1;;;;;;;;;;1;;;;
04/01/2013;13:12:00;32;com vítima;107,3;BR-116/RJ;Sul;Colisão traseira;1;;;;;;;;;;;;2;;
05/01/2013;05:47:00;4;com vítima;105,85;BR-116/RJ;Norte;Derrapagem;1;;;;;;;;;;;;1;;3
05/01/2013;09:20:00;8;com vítima;72,5;BR-116/RJ;Norte;Abalroamento transversal;1;;;1;;;;;;;1;;1;;
05/01/2013;11:25:00;17;sem vítima;69,9;BR-116/RJ;Sul;Atropelamento de animal;1;;;;;;;;;;1;;;;
05/01/2013;11:50:00;19;sem vítima;143,5;BR-116/RJ;Norte;Abalroamento longitudinal;;;1;;1;;;;;;2;;;;
05/01/2013;19:43:00;39;com vítima;59,8;BR-116/RJ;Sul;Derrapagem;1;;;;;;;;;;;1;;;
05/01/2013;20:19:00;42;com vítima;47,9;BR-116/RJ;Sul;Atropel. de pedestre atravessando;1;;;;;;;;;;1;;1;;
06/01/2013;18:47:00;53;com vítima;80,3;BR-116/RJ;Norte;Abalroamento longitudinal;1;1;;;;;;;;;1;2;;;
07/01/2013;11:35:00;25;sem vítima;35,2;BR-116/RJ;Sul;Choque em objeto fixo;1;;;;;;;;;;2;;;;
07/01/2013;13:52:00;31;com vítima;129,37;BR-116/RJ;Norte;Derrapagem;1;;;;;;;;;;;2;;1;
07/01/2013;17:34:00;42;com vítima;129,2;BR-116/RJ;Sul;Colisão traseira;2;;;;;;;;;;4;;2;;
10/01/2013;09:00:00;9;com vítima;86,2;BR-116/RJ;Norte;Choque em objeto fixo;1;;;;;;;;;;5;;1;;
10/01/2013;09:15:00;11;com vítima;72,8;BR-116/RJ;Norte;Capotamento;1;;;;;;;;;;;;1;;
10/01/2013;11:49:00;17;sem vítima;90;BR-116/RJ;Norte;Colisão traseira;1;;1;;;;;;;;3;;;;
10/01/2013;12:38:00;19;sem vítima;138,2;BR-116/RJ;Sul;Abalroamento longitudinal;2;;;;;;;;;;2;;;;
10/01/2013;10:34:00;14;sem vítima;126,5;BR-116/RJ;Sul;Colisão traseira;2;;;;;;;;;;2;;;;
10/01/2013;15:30:00;32;sem vítima;137,95;BR-116/RJ;Norte;Choque em objeto fixo;;;1;;;;;;;;1;;;;
10/01/2013;15:00:00;34;sem vítima;90;BR-116/RJ;Norte;Colisão traseira;3;;;;;;;;;;3;;;;
10/01/2013;16:55:00;35;com vítima;107;BR-116/RJ;Sul;Queda de moto;;;;1;;;;;;;1;;1;;
10/01/2013;18:45:00;40;sem vítima;77,3;BR-116/RJ;Sul;Colisão traseira;3;;;;;;;;;;3;;;;
11/01/2013;03:26:00;3;sem vítima;136,9;BR-116/RJ;Norte;Atropelamento de animal;;;1;;;;;;;;1;;;;
11/01/2013;07:17:00;6;sem vítima;96,6;BR-116/RJ;Norte;Colisão traseira;1;;1;;;;;;;;2;;;;
11/01/2013;19:26:00;43;sem vítima;135,2;BR-116/RJ;Sul;Choque em defensa;1;;;;;;;;;;5;;;;
11/01/2013;21:05:00;48;com vítima;126,2;BR-116/RJ;Norte;Derrapagem;1;;;;;;;;;;2;;1;;
11/01/2013;21:50:00;52;com vítima;76,4;BR-116/RJ;Sul;Colisão frontal;;;;1;1;;;;;;13;;;2;
13/01/2013;05:43:00;9;com vítima;107,3;BR-116/RJ;Norte;Queda de moto;;;;1;;;;;;;;;1;;
13/01/2013;06:18:00;11;com vítima;3,05;BR-116/RJ;Sul;Derrapagem;1;;;;;;;;;;;;1;;
13/01/2013;14:20:00;29;sem vítima;105,8;BR-116/RJ;Norte;Choque em defensa;1;;;;;;;;;;;;;;
13/01/2013;23:48:00;51;sem vítima;108;BR-116/RJ;Norte;Colisão frontal;1;;;;1;;;;;;2;;;;
14/01/2013;05:59:00;8;com vítima;126,7;BR-116/RJ;Sul;Choque em defensa;1;;;;;;;;;;;1;;;
14/01/2013;07:15:00;11;com vítima;61,4;BR-116/RJ;Norte;Derrapagem;1;;;;;;;;;;1;1;;;
14/01/2013;06:00:00;9;sem vítima;98;BR-116/RJ;Norte;Derrapagem;1;;;;;;;;;;1;;;;
14/01/2013;16:56:00;32;sem vítima;103,4;BR-116/RJ;Norte;Colisão traseira;2;;;;;;;;;;2;;;;
14/01/2013;18:00:00;33;sem vítima;95,9;BR-116/RJ;Norte;Abalroamento longitudinal;1;;1;;;;;;;;2;;;;