data;horario;n_da_ocorrencia;tipo_de_ocorrencia;km;trecho;sentido;tipo_de_acidente;automovel;bicicleta;caminhao;moto;onibus;outros;tracao_animal;transporte_de_cargas_especiais;trator_maquinas;utilitarios;ilesos;levemente_feridos;moderadamente_feridos;gravemente_feridos;mortos
23/06/2013;16:09:00;25;sem vítima;26,3;BR-116/RJ;Sul;Derrapagem;1;;;;;;;;;;1;;;;
23/06/2013;17:42:00;28;sem vítima;143,45;BR-116/RJ;Sul;Colisão traseira;3;;;;;;;;;;11;;;;
23/06/2013;18:30:00;33;com vítima;79,8;BR-116/RJ;Norte;Abalroamento transversal;1;;;1;;;;;;;;2;1;;
23/06/2013;19:50:00;42;com vítima;23,8;BR-116/RJ;Norte;Derrapagem;1;;;;;;;;;;;1;;;
23/06/2013;20:59:00;50;com vítima;60;BR-116/RJ;Norte;Derrapagem;1;;;;;;;;;;2;1;;;
23/06/2013;21:36:00;53;com vítima;27,3;BR-116/RJ;Sul;Derrapagem;1;;;;;;;;;;;1;1;;
24/06/2013;13:25:00;22;com vítima;17,9;BR-116/RJ;Sul;Derrapagem;1;;;;;;;;;;1;2;;;
24/06/2013;16:03:00;32;com vítima;126,95;BR-116/RJ;Sul;Colisão traseira;;;1;1;;;;;;;1;;;1;
25/06/2013;15:10:00;28;com vítima;99,3;BR-116/RJ;Sul;Queda de moto;;;;1;;;;;;;;1;;;
26/06/2013;04:15:00;2;sem vítima;11,8;BR-116/RJ;Norte;Atropelamento de animal;1;;1;;;;;;;;2;;;;
26/06/2013;05:00:00;4;sem vítima;64,95;BR-116/RJ;Sul;Choque em objeto fixo;;;1;;;;;;;;1;;;;
26/06/2013;16:10:00;33;sem vítima;131,2;BR-116/RJ;Norte;Choque em objeto fixo;1;;;;1;;;;;;2;;;;
26/06/2013;17:00:00;34;sem vítima;138;BR-116/RJ;Norte;Abalroamento longitudinal;1;;;;1;;;;;;3;;;;
27/06/2013;00:16:00;1;com vítima;141,1;BR-116/RJ;Norte;Abalroamento longitudinal;1;;;1;;;;;;;2;1;2;;
27/06/2013;07:40:00;5;com vítima;140,85;BR-116/RJ;Sul;Colisão traseira;;;2;;1;;;;;;32;25;;1;
27/06/2013;13:28:00;20;com vítima;114,45;BR-116/RJ;Norte;Abalroamento longitudinal;2;;;;;;;;;;1;1;;;
27/06/2013;19:27:00;37;sem vítima;137,4;BR-116/RJ;Sul;Abalroamento longitudinal;1;;1;;;;;;;;2;;;;
28/06/2013;01:10:00;2;sem vítima;143,9;BR-116/RJ;Sul;Choque em objeto fixo;1;;;;;;;;;;3;;;;
28/06/2013;02:30:00;4;com vítima;139,8;BR-116/RJ;Sul;Colisão traseira;2;;;;;;;;;;2;1;;;
28/06/2013;06:33:00;11;com vítima;63,3;BR-116/RJ;Sul;Derrapagem;1;;;;;;;;;;;1;;;
28/06/2013;07:10:00;12;sem vítima;125,9;BR-116/RJ;Sul;Abalroamento longitudinal;1;;1;;;;;;;;2;;;;
28/06/2013;15:33:00;36;com vítima;89,6;BR-116/RJ;Sul;Choque em objeto fixo;1;;;1;;;;;;;1;1;;;
28/06/2013;15:30:00;37;com vítima;143,1;BR-116/RJ;Sul;Colisão traseira;2;;;;;;;;;;1;;1;;
28/06/2013;17:53:00;48;com vítima;133,5;BR-116/RJ;Sul;Abalroamento transversal;1;;;1;;;;;;;1;1;;;
28/06/2013;22:33:00;56;com vítima;115,2;BR-116/RJ;Norte;Abalroamento transversal;2;;;;;;;;;;1;2;;;
29/06/2013;10:01:00;8;sem vítima;95,95;BR-116/RJ;Sul;Colisão traseira;1;;1;;;;;;;;2;;;;
29/06/2013;10:03:00;9;com vítima;122;BR-116/RJ;Norte;Colisão traseira;2;;;;;;;;;;2;1;;;
29/06/2013;21:34:00;50;com vítima;107,2;BR-116/RJ;Sul;Abalroamento longitudinal;2;;;;;;;;;;1;1;1;;
30/06/2013;04:27:00;5;com vítima;90,6;BR-116/RJ;Norte;Derrapagem;1;;;;;;;;;;;2;;;
30/06/2013;09:15:00;15;sem vítima;123,8;BR-116/RJ;Sul;Choque em objeto fixo;1;;;;;;;;;;2;;;;
30/06/2013;14:40:00;31;com vítima;80,15;BR-116/RJ;Sul;Colisão traseira;1;;;1;;;;;;;1;;2;;
30/06/2013;17:00:00;39;com vítima;106;BR-116/RJ;Sul;Queda de moto;;;;1;;;;;;;;1;1;;
30/06/2013;18:00:00;43;sem vítima;96,5;BR-116/RJ;Sul;Colisão traseira;2;;;;;;;;;;2;;;;
30/06/2013;17:57:00;45;sem vítima;103;BR-116/RJ;Sul;Queda de moto;;;;1;;;;;;;1;;;;
30/06/2013;18:02:00;47;sem vítima;143,1;BR-116/RJ;Sul;Colisão traseira;3;;;;;;;;;;9;;;;
30/06/2013;21:40:00;58;com vítima;75,6;BR-116/RJ;Norte;Derrapagem;1;;;;;;;;;;;1;;;
30/06/2013;22:35:00;60;sem vítima;5,1;BR-116/RJ;Sul;Atropelamento de animal;1;;;;;;;;;;1;;;;
01/07/2013;06:38:00;11;com vítima;126,2;BR-116/RJ;Sul;Abalroamento longitudinal;2;;;;;;;;;;2;;2;;
01/07/2013;08:00:00;14;sem vítima;122;BR-116/RJ;Sul;Colisão traseira;2;;;;;;;;;;5;;;;
01/07/2013;16:22:00;39;sem vítima;71,8;BR-116/RJ;Norte;Derrapagem;1;;;;;;;;;;2;;;;
01/07/2013;23:45:00;53;com vítima;53,2;BR-116/RJ;Norte;Derrapagem;1;;;;;;;;;;;4;;;
02/07/2013;04:06:00;2;sem vítima;138,1;BR-116/RJ;Sul;Atropelamento de animal;1;;1;;;;;;;;1;;;;
02/07/2013;04:31:00;3;com vítima;124,1;BR-116/RJ;Norte;Choque em defensa;1;;;;;;;;;;;;1;;
02/07/2013;06:18:00;6;sem vítima;143,7;BR-116/RJ;Sul;Colisão traseira;1;;;;1;;;;;;3;;;;
02/07/2013;06:50:00;7;sem vítima;142,9;BR-116/RJ;Sul;Colisão traseira;1;;;;;;;;;;1;;;;
02/07/2013;07:04:00;8;sem vítima;142,95;BR-116/RJ;Sul;Colisão traseira;2;;;;;;;;;;4;;;;
02/07/2013;07:42:00;11;sem vítima;132,8;BR-116/RJ;Sul;Colisão traseira;2;;;;;;;;;;5;;;;
02/07/2013;08:30:00;14;com vítima;106,3;BR-116/RJ;Sul;Derrapagem;1;;;;;;;;;;;1;;;
02/07/2013;10:40:00;20;sem vítima;130,2;BR-116/RJ;Norte;Atropelamento de animal;1;;;;;;;;;;1;;;;
02/07/2013;13:21:00;33;com vítima;63,15;BR-116/RJ;Sul;Derrapagem;;;1;;;;;;;;;;1;;
03/07/2013;16:13:00;29;com vítima;80,3;BR-116/RJ;Norte;Abalroamento transversal;;;2;;;;;;;;;;6;;
03/07/2013;21:10:00;41;sem vítima;23,5;BR-116/RJ;Norte;Abalroamento transversal;1;;1;;;;;;;;2;;;;
03/08/2013;05:18:00;10;com vítima;18,1;BR-116/RJ;Sul;Choque em objeto fixo;1;;;;;;;;;;;;4;;
04/07/2013;06:41:00;8;sem vítima;142,5;BR-116/RJ;Norte;Abalroamento longitudinal;2;;;;;;;;;;6;;;;
05/07/2013;01:53:00;1;sem vítima;66;BR-116/RJ;Sul;Atropelamento de animal;;;1;;;;;;;;1;;;;
05/07/2013;18:48:00;37;com vítima;76,5;BR-116/RJ;Sul;Colisão Frontal;1;;;1;;;;;;;1;2;;;
05/07/2013;21:24:00;48;com vítima;137,5;BR-116/RJ;Norte;Colisão traseira;1;;;;1;;;;;;51;2;;;
06/07/2013;03:05:00;3;sem vítima;108,5;BR-116/RJ;Sul;Derrapagem;1;;;;;;;;;;7;;;;
06/07/2013;16:03:00;39;com vítima;133,6;BR-116/RJ;Norte;Abalroamento transversal;1;;1;;;;;;;;1;6;;;
07/07/2013;16:55:00;26;sem vítima;143,2;BR-116/RJ;Sul;Colisão traseira;3;;;;;;;;;;3;;;;
07/07/2013;17:37:00;29;com vítima;77,25;BR-116/RJ;Norte;Atropel. de pedestre caminhando;1;;;;;;;;;;1;;1;;
07/07/2013;20:00:00;33;com vítima;84,8;BR-116/RJ;Norte;Choque em veículo parado na pista;1;;2;;;;;;;;;2;;;
07/07/2013;20:20:00;36;com vítima;137,95;BR-116/RJ;Sul;Colisão traseira;1;;1;;;;;;;;2;1;2;;
07/07/2013;20:41:00;37;sem vítima;137,7;BR-116/RJ;Sul;Abalroamento longitudinal;2;;1;;;;;;;;3;;;;
07/07/2013;21:21:00;40;sem vítima;137,5;BR-116/RJ;Norte;Derrapagem;1;;;;;;;;;;1;;;;
08/07/2013;06:16:00;1;sem vítima;108;BR-116/RJ;Norte;Atropelamento de animal;1;;;;;;;;;;1;;;;
08/07/2013;06:53:00;3;com vítima;35,2;BR-116/RJ;Norte;Choque em objeto fixo;1;;;;;;;;;;;1;;;
08/07/2013;13:02:00;27;com vítima;94,7;BR-116/RJ;Norte;Queda de moto;;;;1;;;;;;;;2;;;
08/07/2013;13:46:00;30;com vítima;104,8;BR-116/RJ;Norte;Abalroamento longitudinal;2;;;;;;;;;;;1;2;;
09/07/2013;08:50:00;10;sem vítima;125,5;BR-116/RJ;Norte;Queda de carga;;;1;;;;;;;;1;;;;
09/07/2013;12:40:00;18;com vítima;87,7;BR-116/RJ;Norte;Colisão frontal;2;;;;;;;;;;;;1;;1
09/07/2013;13:20:00;20;com vítima;29,2;BR-116/RJ;Norte;Capotamento;;;1;;;;;;;;;;;;2
09/07/2013;13:58:00;22;sem vítima;5,8;BR-116/RJ;Sul;Derrapagem;1;;;;;;;;;;1;;;;
09/07/2013;17:30:00;34;com vítima;40,05;BR-116/RJ;Sul;Abalroamento transversal;1;;;1;;;;;;;1;;1;;
09/07/2013;18:11:00;36;sem vítima;143,8;BR-116/RJ;Sul;Abalroamento longitudinal;1;;;;1;;;;;;6;;;;
10/07/2013;07:20:00;6;sem vítima;125,2;BR-116/RJ;Norte;Queda de carga;;;1;;;;;;;;1;;;;
10/07/2013;14:16:00;24;com vítima;122,5;BR-116/RJ;Sul;Abalroamento longitudinal;;;;1;;;;;;;;2;;;
10/07/2013;22:15:00;52;com vítima;78;BR-116/RJ;Sul;Atropel. de pedestre caminhando;;;;1;;;;;;;;;;2;
11/07/2013;01:10:00;2;sem vítima;134;BR-116/RJ;Norte;Atropelamento de animal;1;;;;;;;;;;1;;;;
11/07/2013;08:40:00;9;com vítima;143,65;BR-116/RJ;Sul;Colisão traseira;1;;;1;;;;;;;1;1;;;
11/07/2013;15:15:00;33;com vítima;99,2;BR-116/RJ;Sul;Queda de moto;;;;1;;;;;;;;;2;;
12/07/2013;09:27:00;6;com vítima;125,5;BR-116/RJ;Sul;Queda de moto;;;;1;;;;;;;;2;;;
12/07/2013;10:00:00;8;sem vítima;125,35;BR-116/RJ;Norte;Queda de carga;;;1;;;;;;;;1;;;;
12/07/2013;11:43:00;13;sem vítima;128;BR-116/RJ;Norte;Colisão traseira;3;;;;;;;;;;3;;;;
12/07/2013;15:30:00;29;com vítima;92,2;BR-116/RJ;Norte;Colisão traseira;3;;;;;;;;;;8;3;;;
12/07/2013;18:23:00;42;com vítima;125,7;BR-116/RJ;Norte;Atropel. de pedestre atravessando;;;;;1;;;;;;47;;1;;
12/07/2013;19:07:00;45;com vítima;81;BR-116/RJ;Norte;Abalroamento transversal;1;;1;;;;;;;;1;2;;;
12/07/2013;20:56:00;49;sem vítima;48,2;BR-116/RJ;Norte;Derrapagem;1;;;;;;;;;;1;;;;
12/07/2013;20:35:00;50;sem vítima;97,2;BR-116/RJ;Sul;Derrapagem;;;1;;;;;;;;3;;;;
12/07/2013;21:15:00;51;com vítima;95,4;BR-116/RJ;Sul;Derrapagem;;;1;;;;;;;;;2;;;
12/07/2013;22:22:00;55;sem vítima;32;BR-116/RJ;Norte;Atropelamento de animal;1;; ;;1;;;;;;2;;;;
12/07/2013;22:33:00;57;com vítima;90;BR-116/RJ;Sul;Colisão traseira;2;;;;;;;;;;;2;;;
13/07/2013;11:10:00;21;com vítima;106,05;BR-116/RJ;Norte;Abalroamento longitudinal;1;;;1;;;;;;;5;1;;;
13/07/2013;11:44:00;23;com vítima;38,5;BR-116/RJ;Sul;Abalroamento longitudinal;1;;;1;;;;;;;1;;3;;
13/07/2013;13:39:00;30;sem vítima;133,2;BR-116/RJ;Sul;Abalroamento longitudinal;2;;;;;;;;;;4;;;;
13/07/2013;14:54:00;36;com vítima;108;BR-116/RJ;Norte;Abalroamento longitudinal;;;;1;;;;;;;;1;;;
13/07/2013;15:23:00;41;sem vítima;133,35;BR-116/RJ;Sul;Colisão traseira;;;2;;;;;;;;2;;;;
13/07/2013;16:08:00;45;sem vítima;59,8;BR-116/RJ;Sul;Choque em defensa;1;;;;;;;;;;1;;;;
14/07/2013;18:58:00;45;com vítima;49,5;BR-116/RJ;Norte;Choque em objeto fixo;1;;;;;;;;;;;1;;;
14/07/2013;21:40:00;63;com vítima;97,8;BR-116/RJ;Sul;Choque em veículo parado na pista;1;;;;;;;;;;2;1;;;
14/07/2013;22:05:00;64;com vítima;83,02;BR-116/RJ;Norte;Choque em objeto fixo;1;;;;;;;;;;;2;;;
15/07/2013;01:32:00;3;sem vítima;109;BR-116/RJ;Sul;Derrapagem;1;;;;;;;;;;1;;;;
15/07/2013;07:07:00;8;sem vítima;143,85;BR-116/RJ;Sul;Abalroamento longitudinal;1;;1;;;;;;;;2;;;;
15/07/2013;08:51:00;13;com vítima;141,95;BR-116/RJ;Sul;Atropel. de pedestre atravessando;1;;;;;;;;;;1;;1;;
15/07/2013;13:03:00;27;com vítima;129,1;BR-116/RJ;Sul;Queda de moto;;;;1;;;;;;;;;2;;
16/07/2013;14:10:00;32;com vítima;143,6;BR-116/RJ;Sul;Colisão traseira;3;;;;;;;;;;2;1;;;
16/07/2013;15:05:00;34;com vítima;122,3;BR-116/RJ;Norte;Queda de moto;;;;1;;;;;;;;2;;;
16/07/2013;22:07:00;49;com vítima;103;BR-116/RJ;Sul;Colisão traseira;;;2;;;;;;;;1;1;;;
17/07/2013;08:56:00;10;sem vítima;29,6;BR-116/RJ;Norte;Derrapagem;;;1;;;;;;;;1;;;;
17/07/2013;09:48:00;13;sem vítima;115,6;BR-116/RJ;Norte;Choque em veículo parado na pista;1;;1;;;;;;;;5;;;;
17/07/2013;19:13:00;7;sem vítima;102,7;BR-116/RJ;Norte;Abalroamento longitudinal;2;;;;;;;;;;3;;;;
18/07/2013;06:39:00;5;sem vítima;139,9;BR-116/RJ;Sul;Choque em veículo parado na pista;1;;1;;;;;;;;2;;;;
18/07/2013;11:07:00;23;com vítima;40,3;BR-116/RJ;Sul;Abalroamento transversal;1;;;1;;;;;;;;2;;;
18/07/2013;11:44:00;31;sem vítima;143,9;BR-116/RJ;Sul;Abalroamento longitudinal;1;;;;1;;;;;;2;;;;
19/07/2013;01:55:00;2;com vítima;122,3;BR-116/RJ;Norte;Capotamento;1;;;;;;;;;;;;1;;
19/07/2013;19:54:00;40;com vítima;98,9;BR-116/RJ;Sul;Abalroamento longitudinal;1;;1;;1;;;;;;2;2;;;
20/07/2013;01:55:00;3;com vítima;22,3;BR-116/RJ;Sul;Choque em objeto fixo;1;;;;;;;;;;;2;;;
20/07/2013;07:20:00;10;com vítima;124,2;BR-116/RJ;Sul;Abalroamento longitudinal;1;;1;;;;;;;;1;;1;;
20/07/2013;08:14:00;13;com vítima;29,8;BR-116/RJ;Norte;Colisão traseira;2;;;;;;;;;;1;1;;;
20/07/2013;09:35:00;18;sem vítima;133,5;BR-116/RJ;Norte;Abalroamento longitudinal;2;;;;;;;;;;2;;;;
20/07/2013;21:09:00;54;com vítima;93,3;BR-116/RJ;Norte;Choque em objeto na pista;;;;1;;;;;;;;;1;;
21/07/2013;12:53:00;25;com vítima;82,5;BR-116/RJ;Sul;Abalroamento transversal;2;;;;;;;;;;1;1;1;;
21/07/2013;20:34:00;53;com vítima;37,8;BR-116/RJ;Norte;Colisão frontal;;;1;1;;;;;;;;2;;;1
22/07/2013;07:01:00;7;sem vítima;141,4;BR-116/RJ;Sul;Colisão traseira;2;;;;;;;;;;2;;;;
22/07/2013;12:33:00;24;com vítima;69,1;BR-116/RJ;Sul;Derrapagem;1;;;;;;;;;;;;2;;
22/07/2013;20:39:00;50;sem vítima;99,5;BR-116/RJ;Sul;Derrapagem;1;;;;;;;;;;1;;;;
23/07/2013;07:54:00;5;sem vítima;77,15;BR-116/RJ;Norte;Colisão traseira;;;1;;1;;;;;;2;;;;
23/07/2013;08:03:00;7;com vítima;27,7;BR-116/RJ;Norte;Capotamento;;;1;;;;;;;;;;;;2
23/07/2013;12:58:00;14;sem vítima;76,1;BR-116/RJ;Sul;Abalroamento transversal;2;;;;;;;;;;2;;;;
23/07/2013;20:29:00;1;com vítima;129,85;BR-116/RJ;Sul;Choque em objeto fixo;1;;;;;;;;;;1;;1;;
24/07/2013;05:13:00;2;sem vítima;137,6;BR-116/RJ;Sul;Choque em objeto fixo;;;1;;;;;;;;1;;;;
24/07/2013;13:59:00;22;com vítima;63,1;BR-116/RJ;Sul;Choque em objeto fixo;1;;;;;;;;;;;1;;;
24/07/2013;14:00:00;24;com vítima;63,1;BR-116/RJ;Sul;Choque em objeto fixo;1;;;;;;;;;;;1;;;
24/07/2013;17:16:00;35;com vítima;104,2;BR-116/RJ;Norte;Abalroamento longitudinal;2;;;;;;;;;;;2;;;
25/07/2013;05:40:00;2;sem vítima;124,4;BR-116/RJ;Sul;Derrapagem;1;;;;;;;;;;1;;;;
25/07/2013;07:40:00;7;sem vítima;29,4;BR-116/RJ;Norte;Colisão traseira;2;;;;;;;;;;4;;;;
25/07/2013;13:05:00;13;sem vítima;53,2;BR-116/RJ;Sul;Derrapagem;1;;;;;;;;;;1;;;;
25/07/2013;13:57:00;21;sem vítima;53,2;BR-116/RJ;Norte;Choque em objeto fixo;1;;;;;;;;;;1;;;;
26/07/2013;20:00:00;55;sem vítima;141,95;BR-116/RJ;Sul;Choque em objeto fixo;1;;;;;;;;;;1;;;;
27/07/2013;04:19:00;5;com vítima;125,9;BR-116/RJ;Norte;Capotamento;1;;;;;;;;;;;2;;;
27/07/2013;05:26:00;6;com vítima;123;BR-116/RJ;Norte;Queda de moto;;;;1;;;;;;;;;1;;
27/07/2013;07:00:00;7;com vítima;87,3;BR-116/RJ;Norte;Derrapagem;1;;;;;;;;;;;1;;;
28/07/2013;12:20:00;17;sem vítima;76,05;BR-116/RJ;Norte;Atropelamento de animal;1;;;;;;;;;;1;;;;
28/07/2013;13:26:00;21;com vítima;95,8;BR-116/RJ;Norte;Colisão frontal;;;1;1;;;;;;;1;;;1;
28/07/2013;13:51:00;22;sem vítima;32,25;BR-116/RJ;Sul;Abalroamento longitudinal;2;;;;;;;;;;14;;;;
28/07/2013;17:49:00;39;com vítima;85;BR-116/RJ;Sul;Colisão traseira;3;;;;;;;;;;6;3;;;
28/07/2013;23:55:00;63;sem vítima;106,3;BR-116/RJ;Sul;Colisão traseira;2;;;;;;;;;;2;;;;
29/07/2013;06:51:00;6;sem vítima;133,5;BR-116/RJ;Norte;Colisão traseira;;;2;;;;;;;;2;;;;
30/07/2013;08:02:00;12;com vítima;142,6;BR-116/RJ;Norte;Choque em objeto fixo;1;;;;;;;;;;2;1;;;
30/07/2013;19:22:00;53;com vítima;32,2;BR-116/RJ;Norte;Queda de moto;;;;1;;;;;;;;1;;;
30/07/2013;22:39:00;62;sem vítima;111,2;BR-116/RJ;Norte;Derrapagem;1;;;;;;;;;;1;;;;
31/07/2013;08:50:00;13;sem vítima;129,4;BR-116/RJ;Norte;Colisão traseira;2;;;;;;;;;;2;;;;
31/07/2013;12:03:00;19;com vítima;72,6;BR-116/RJ;Norte;Atropel. de pedestre atravessando;1;;;;;;;;;;4;;1;;
31/07/2013;16:50:00;30;sem vítima;132,8;BR-116/RJ;Norte;Choque em objeto fixo;1;;;;;;;;;;1;;;;
31/07/2013;17:16:00;31;com vítima;122,5;BR-116/RJ;Sul;Queda de moto;;;;1;;;;;;;;;1;;
01/08/2013;10:20:00;13;com vítima;39,2;BR-116/RJ;Sul;Abalroamento longitudinal;1;;1;;;;;;;;;3;;;
01/08/2013;15:21:00;27;com vítima;141;BR-116/RJ;Sul;Capotamento;1;;;;;;;;;;;1;;;
01/08/2013;21:45:00;41;sem vítima;77,8;BR-116/RJ;Norte;Atropelamento de animal;1;;;;;;;;;;3;;;;
02/08/2013;07:18:00;8;sem vítima;143,15;BR-116/RJ;Sul;Colisão traseira;1;;1;;;;;;;;2;;;;
02/08/2013;12:05:00;21;com vítima;76,1;BR-116/RJ;Sul;Abalroamento longitudinal;1;;;1;;;;;;;1;;1;;
02/08/2013;14:05:00;29;sem vítima;96,9;BR-116/RJ;Norte;Abalroamento longitudinal;2;;1;;;;;;;;4;;;;
02/08/2013;20:40:00;54;com vítima;29,05;BR-116/RJ;Norte;Queda de moto;;;;1;;;;;;;;1;;;
02/08/2013;23:03:00;59;com vítima;137,6;BR-116/RJ;Norte;Atropel. de pedestre caminhando;;;;;1;;;;;;1;;1;;
02/08/2013;23:26:00;60;com vítima;8,05;BR-116/RJ;Sul;Derrapagem;;;1;;;;;;;;;;1;;
03/08/2013;07:04:00;15;com vítima;96,2;BR-116/RJ;Sul;Abalroamento longitudinal;1;;;1;;;;;;;1;;1;;
03/08/2013;16:06:00;41;com vítima;96,45;BR-116/RJ;Sul;Queda de moto;;;;1;;;;;;;;2;;;
03/08/2013;21:31:00;59;sem vítima;75,3;BR-116/RJ;Norte;Abalroamento longitudinal;2;;;;;;;;;;2;;;;
04/08/2013;14:00:00;25;sem vítima;94,5;BR-116/RJ;Norte;Abalroamento longitudinal;2;;;;;;;;;;3;;;;
05/08/2013;05:29:00;4;sem vítima;143,8;BR-116/RJ;Sul;Colisão traseira;2;;;;;;;;;;2;;;;
05/08/2013;10:24:00;14;com vítima;99,9;BR-116/RJ;Norte;Queda de moto;1;;;;;;;;;;;1;;;
05/08/2013;14:33:00;27;sem vítima;143,4;BR-116/RJ;Sul;Colisão traseira;2;;;;;;;;;;2;;;;
05/08/2013;15:26:00;30;sem vítima;93,9;BR-116/RJ;Sul;Colisão traseira;2;;;;;;;;;;2;;;;
06/08/2013;08:20:00;7;sem vítima;95,15;BR-116/RJ;Sul;Choque em objeto fixo;1;;;;;;;;;;1;;;;
06/08/2013;11:37:00;19;sem vítima;121,2;BR-116/RJ;Sul;Derrapagem;1;;;;;;;;;;1;;;;
07/08/2013;05:00:00;5;com vítima;125,8;BR-116/RJ;Norte;Capotamento;;;1;;;;;;;;;1;;;
07/08/2013;09:24:00;13;com vítima;95,1;BR-116/RJ;Norte;Abalroamento longitudinal;1;;2;;;;;;;;2;1;;;
07/08/2013;15:03:00;27;sem vítima;131,7;BR-116/RJ;Sul;Colisão traseira;2;;;;;;;;;;2;;;;
07/08/2013;19:25:00;42;sem vítima;106,6;BR-116/RJ;Norte;Colisão traseira;2;;;;;;;;;;4;;;;
07/08/2013;23:30:00;46;sem vítima;82,6;BR-116/RJ;Norte;Atropelamento de animal;;;1;;;;;;;;1;;;;
08/08/2013;13:55:00;24;sem vítima;142,5;BR-116/RJ;Sul;Choque em barreira New Jersey ;2;;;;;;;;;;3;;;;
09/08/2013;08:10:00;8;sem vítima;143,1;BR-116/RJ;Sul;Colisão traseira;3;;;;;;;;;;3;;;;
09/08/2013;13:07:00;20;sem vítima;140;BR-116/RJ;Sul;Choque em objeto fixo;1;;;;;;;;;;1;;;;
09/08/2013;19:11:00;41;sem vítima;76,6;BR-116/RJ;Norte;Abalroamento longitudinal;1;;1;;;;;;;;2;;;;
10/08/2013;04:59:00;19;sem vítima;19;BR-116/RJ;Norte;Choque em objeto fixo;1;;;;;;;;;;1;;;;
10/08/2013;08:51:00;15;com vítima;79;BR-116/RJ;Sul;Atropel. de pedestre atravessando;1;;;;;;;;;;;2;;;
10/08/2013;14:34:00;34;com vítima;138,15;BR-116/RJ;Norte;Abalroamento longitudinal;2;;;;;;;;;;;3;;;
10/08/2013;20:00:00;57;com vítima;43,06;BR-116/RJ;Sul;Choque em objeto fixo;1;;;;;;;;;;;4;;;
11/08/2013;05:21:00;3;com vítima;127;BR-116/RJ;Sul;Choque em Objeto Fixo;1;;;;;;;;;;;3;;;
11/08/2013;06:20:00;5;sem vítima;104,5;BR-116/RJ;Norte;Choque em objeto fixo;1;;;;;;;;;;1;;;;
11/08/2013;16:58:00;28;sem vítima;143;BR-116/RJ;Sul;Colisão traseira;3;;;;;;;;;;3;;;;
11/08/2013;18:26:00;34;sem vítima;140,2;BR-116/RJ;Sul;Colisão traseira;2;;;;;;;;;;2;;;;
11/08/2013;19:00:00;36;com vítima;139;BR-116/RJ;Sul;Colisão traseira;3;;;;;;;;;;3;3;;;
12/08/2013;02:50:00;3;sem vítima;18;BR-116/RJ;Sul;Choque em barreira New Jersey ;1;;;;;;;;;;4;;;;
12/08/2013;06:25:00;5;com vítima;31,8;BR-116/RJ;Norte;Derrapagem;1;;;;;;;;;;;3;3;;
12/08/2013;07:05:00;6;sem vítima;25,3;BR-116/RJ;Sul;Derrapagem;1;;;;;;;;;;1;;;;
12/08/2013;07:25:00;7;sem vítima;19,1;BR-116/RJ;Norte;Derrapagem;;;1;;;;;;;;1;;;;
12/08/2013;07:50:00;10;sem vítima;22,5;BR-116/RJ;Norte;Choque em objeto fixo;1;;;;;;;;;;1;;;;
12/08/2013;09:26:00;13;com vítima;129,1;BR-116/RJ;Norte;Derrapagem;1;;;;;;;;;;;1;;;
12/08/2013;17:41:00;24;com vítima;121,35;BR-116/RJ;Sul;Abalroamento longitudinal;2;;;;;;;;;;1;;1;;
13/08/2013;09:43:00;13;sem vítima;133,5;BR-116/RJ;Sul;Derrapagem;1;;1;;;;;;;;4;;;;
13/08/2013;16:10:00;39;com vítima;64,9;BR-116/RJ;Sul;Colisão traseira;1;;;1;;;;;;;3;;2;;
13/08/2013;19:09:00;48;com vítima;124,1;BR-116/RJ;Norte;Abalroamento longitudinal;1;;1;;;;;;;;1;1;;;
13/08/2013;20:54:00;52;com vítima;37,8;BR-116/RJ;Sul;Abalroamento longitudinal;1;;1;;;;;;;;;4;;;
14/08/2013;16:56:00;22;sem vítima;134,55;BR-116/RJ;Norte;Abalroamento longitudinal;1;;1;;;;;;;;;;;;
14/08/2013;21:08:00;29;sem vítima;132,3;BR-116/RJ;Sul;Abalroamento longitudinal;1;;1;;;;;;;;2;;;;
15/08/2013;07:15:00;3;com vítima;85,3;BR-116/RJ;Norte;Colisão Frontal;2;;;;;;;;;;;2;;;
15/08/2013;07:25:00;4;sem vítima;7;BR-116/RJ;Sul;Derrapagem;1;;;;;;;;;;1;;;;
15/08/2013;13:02:00;24;com vítima;79,3;BR-116/RJ;Sul;Colisão traseira;3;;;;;;;;;;;5;;;
15/08/2013;15:08:00;26;com vítima;114,5;BR-116/RJ;Sul;Abalroamento longitudinal;1;;1;;;;;;;;;2;;;
15/08/2013;17:13:00;28;com vítima;122,5;BR-116/RJ;Sul;Queda de moto;;;;1;;;;;;;;1;;;
15/08/2013;17:39:00;29;com vítima;139,1;BR-116/RJ;Norte;Choque em objeto fixo;1;;;;;;;;;;;1;2;;
15/08/2013;18:28:00;31;com vítima;140,3;BR-116/RJ;Norte;Colisão traseira;1;;;1;;;;;;;1;;1;;
15/08/2013;20:57:00;39;com vítima;122,95;BR-116/RJ;Sul;Choque em defensa;2;;;;;;;;;;1;;3;;
16/08/2013;20:20:00;44;com vítima;49,5;BR-116/RJ;Sul;Abalroamento longitudinal;2;;;;;;;;;;1;2;;;
17/08/2013;09:32:00;16;com vítima;98,4;BR-116/RJ;Norte;Derrapagem;1;;;;;;;;;;;2;;;