data;horario;n_da_ocorrencia;tipo_de_ocorrencia;km;trecho;sentido;tipo_de_acidente;automovel;bicicleta;caminhao;moto;onibus;outros;tracao_animal;transporte_de_cargas_especiais;trator_maquinas;utilitarios;ilesos;levemente_feridos;moderadamente_feridos;gravemente_feridos;mortos
17/08/2013;10:06:00;20;sem vítima;137,5;BR-116/RJ;Sul;Atropelamento de animal;1;;;;;;;;;;1;;;;
17/08/2013;18:55:00;44;com vítima;80,5;BR-116/RJ;Sul;Capotamento;1;;;;;;;;;;;1;;;
18/08/2013;01:19:00;6;sem vítima;93,5;BR-116/RJ;Norte;Choque em objeto fixo;1;;;;;;;;;;1;;;;
18/08/2013;02:43:00;9;com vítima;91,1;BR-116/RJ;Norte;Choque em barreira New Jersey ;1;;;;;;;;;;;1;;;
18/08/2013;04:54:00;11;sem vítima;133,5;BR-116/RJ;Sul;Colisão traseira;2;;;;;;;;;;2;;;;
18/08/2013;07:05:00;12;sem vítima;102,05;BR-116/RJ;Norte;Derrapagem;1;;;;;;;;;;1;;;;
18/08/2013;17:35:00;32;com vítima;17,1;BR-116/RJ;Sul;Choque em objeto fixo;1;;;;;;;;;;;;1;;
18/08/2013;17:48:00;35;com vítima;22,8;BR-116/RJ;Norte;Choque em objeto fixo;1;;;;;;;;;;;1;;;
18/08/2013;19:08:00;43;com vítima;144;BR-116/RJ;Sul;Colisão traseira;1;;;;1;;;;;;26;3;;;
18/08/2013;19:11:00;44;sem vítima;29,8;BR-116/RJ;Norte;Choque em objeto fixo;1;;;;;;;;;;1;;;;
18/08/2013;19:50:00;45;sem vítima;143,8;BR-116/RJ;Sul;Abalroamento longitudinal;1;;1;;;;;;;;2;;;;
19/08/2013;16:35:00;30;com vítima;122,1;BR-116/RJ;Sul;Queda de moto;1;;;1;;;;;;;;;1;;
19/08/2013;23:00:00;44;sem vítima;143,901;BR-116/RJ;Sul;Colisão traseira;1;;1;;1;;;;;;3;;;;
20/08/2013;17:33:00;36;com vítima;143,8;BR-116/RJ;Sul;Abalroamento longitudinal;1;;1;;;;;;;;1;3;;;
20/08/2013;21:07:00;50;com vítima;107,05;BR-116/RJ;Norte;Abalroamento longitudinal;1;;;1;;;;;;;1;;1;1;
21/08/2013;03:40:00;7;com vítima;17,6;BR-116/RJ;Sul;Derrapagem;1;;;;;;;;;;;1;;;
21/08/2013;11:49:00;26;com vítima;106,7;BR-116/RJ;Sul;Atropel. de pedestre atravessando;;;;1;;;;;;;;;1;;
22/08/2013;09:50:00;9;sem vítima;137,9;BR-116/RJ;Sul;Colisão traseira;2;;;;;;;;;;2;;;;
23/08/2013;18:48:00;42;sem vítima;137,7;BR-116/RJ;Norte;Abalroamento longitudinal;1;;;;1;;;;;;49;;;;
23/08/2013;18:55:00;45;sem vítima;137,7;BR-116/RJ;Norte;Abalroamento longitudinal;1;;;;1;;;;;;64;;;;
23/08/2013;19:02:00;46;com vítima;127,4;BR-116/RJ;Sul;Abalroamento transversal;;1;1;;;;;;;;1;;;;1
23/08/2013;20:00:00;49;sem vítima;69;BR-116/RJ;Sul;Choque em objeto fixo;1;;;;;;;;;;1;;;;
24/08/2013;01:10:00;2;sem vítima;131,501;BR-116/RJ;Sul;Choque em objeto fixo;1;;;;;;;;;;1;;;;
24/08/2013;12:40:00;15;com vítima;19,8;BR-116/RJ;Sul;Queda de moto;;;;1;;;;;;;;;1;;
24/08/2013;16:31:00;21;sem vítima;144;BR-116/RJ;Sul;Colisão traseira;5;;;;;;;;;;8;;;;
25/05/2013;00:25:00;2;com vítima;5,5;BR-116/RJ;Norte;Abalroamento longitudinal;2;;;;;;;;;;3;2;;;
25/08/2013;09:29:00;15;sem vítima;9,3;BR-116/RJ;Sul;Choque em Objeto fixo;1;;;;;;;;;;1;;;;
25/08/2013;16:56:00;43;sem vítima;66,5;BR-116/RJ;Sul;Derrapagem;1;;;;;;;;;;1;;;;
25/08/2013;17:47:00;47;com vítima;106,2;BR-116/RJ;Norte;Colisão frontal;1;;;1;;;;;;;2;;2;;
25/08/2013;22:42:00;68;sem vítima;133,4;BR-116/RJ;Sul;Choque em objeto fixo;;;1;;;;;;;;1;;;;
26/08/2013;00:27:00;2;sem vítima;143,8;BR-116/RJ;Sul;Choque em objeto fixo;1;;;;;;;;;;1;;;;
26/08/2013;03:55:00;6;com vítima;131,95;BR-116/RJ;Sul;Derrapagem;1;;;;;;;;;;;;3;;
26/08/2013;13:00:00;25;com vítima;43,7;BR-116/RJ;Norte;Abalroamento longitudinal;2;;;;;;;;;;;2;;;
26/08/2013;15:22:00;29;com vítima;138,3;BR-116/RJ;Sul;Queda de moto;;;;1;;;;;;;;;;1;
26/08/2013;18:48:00;37;com vítima;65,95;BR-116/RJ;Norte;Abalroamento transversal;;;1;1;;;;;;;1;;;2;
26/08/2013;20:17:00;43;com vítima;90,3;BR-116/RJ;Norte;Colisão frontal;2;;;;;;;;;;;2;;;
26/08/2013;20:25:00;44;com vítima;37,2;BR-116/RJ;Sul;Colisão frontal;1;;1;;;;;;;;;1;;2;
27/08/2013;01:22:00;2;sem vítima;141,7;BR-116/RJ;Sul;Atropelamento de animal;1;;;;;;;;;;1;;;;
27/08/2013;04:19:00;4;com vítima;143,7;BR-116/RJ;Norte;Choque em barreira New Jersey ;1;;;;;;;;;;;1;;;
27/08/2013;08:11:00;9;sem vítima;134,9;BR-116/RJ;Norte;Atropelamento de animal;1;;;;;;;;;;1;;;;
27/08/2013;18:19:00;43;com vítima;67,8;BR-116/RJ;Sul;Atropel. de pedestre atravessando;;;;1;;;;;;;;1;1;;
27/08/2013;18:43:00;45;com vítima;142,2;BR-116/RJ;Norte;Atropel. de pedestre atravessando;;;1;;;;;;;;1;;1;;
27/08/2013;11:05:00;19;com vítima;3,9;BR-116/RJ;Sul;Queda de moto;;;;1;;;;;;;;2;;;
27/08/2013;17:15:00;41;com vítima;60,9;BR-116/RJ;Sul;Capotamento;;;1;;;;;;;;;1;;;
27/08/2013;18:02:00;42;sem vítima;143,8;BR-116/RJ;Sul;Colisão traseira;2;;;;;;;;;;2;;;;
27/08/2013;18:24:00;44;com vítima;142,9;BR-116/RJ;Sul;Colisão traseira;2;;1;;;;;;;;4;1;;;
30/08/2013;07:57:00;5;com vítima;93,4;BR-116/RJ;Norte;Choque em barreira New Jersey ;;;;1;;;;;;;;;1;;
30/08/2013;11:34:00;10;sem vítima;143,5;BR-116/RJ;Sul;Colisão traseira;1;;1;;;;;;;;2;;;;
30/08/2013;23:44:00;50;com vítima;80,5;BR-116/RJ;Sul;Colisão frontal;2;;1;;;;;;;;3;;;2;
31/08/2013;10:14:00;16;sem vítima;143,6;BR-116/RJ;Sul;Colisão traseira;2;;;;;;;;;;2;;;;
31/08/2013;13:18:00;29;com vítima;103,5;BR-116/RJ;Norte;Abalroamento longitudinal;2;;;;;;;;;;2;3;;;
31/08/2013;19:19:00;40;sem vítima;133,5;BR-116/RJ;Sul;Colisão traseira;1;;;1;;;;;;;2;;;;
31/08/2013;19:31:00;41;com vítima;77,3;BR-116/RJ;Sul;Atropel. de pedestre atravessando;;;;1;;;;;;;;2;;;
01/09/2013;08:11:00;3;com vítima;85,3;BR-116/RJ;Sul;Derrapagem;1;;;;;;;;;;;2;;;
01/09/2013;18:04:00;36;sem vítima;86,4;BR-116/RJ;Sul;Queda de carga;;;1;;;;;;;;1;;;;
01/09/2013;17:05:00;31;sem vítima;139,2;BR-116/RJ;Sul;Colisão traseira;2;;;;;;;;;;4;;;;
01/09/2013;16:56:00;28;com vítima;142,95;BR-116/RJ;Sul;Colisão traseira;3;;;;;;;;;;7;1;;;
02/09/2013;14:25:00;42;sem vítima;90;BR-116/RJ;Sul;Colisão traseira;2;;;;;;;;;;2;;;;
03/09/2013;21:42:00;47;sem vítima;128,9;BR-116/RJ;Sul;Choque em defensa;1;;;;;;;;;;1;;;;
03/09/2013;19:07:00;39;sem vítima;144;BR-116/RJ;Sul;Colisão traseira;1;;1;;;;;;;;2;;;;
04/09/2013;13:26:00;33;com vítima;5,5;BR-116/RJ;Norte;Derrapagem;1;;;;;;;;;;;1;;;
04/09/2013;14:20:00;34;com vítima;5,5;BR-116/RJ;Norte;Derrapagem;1;;1;;;;;;;;1;2;;;
04/09/2013;09:50:00;19;com vítima;22,2;BR-116/RJ;Sul;Colisão frontal;1;;;1;;;;;;;;2;1;;
04/09/2013;14:40:00;40;sem vítima;26,3;BR-116/RJ;Sul;Derrapagem;1;;;;;;;;;;1;;;;
04/09/2013;11:08:00;24;com vítima;46,9;BR-116/RJ;Norte;Choque em objeto fixo;1;;;;;;;;;;;1;;;
04/09/2013;17:06:00;49;com vítima;59,9;BR-116/RJ;Sul;Derrapagem;1;;;;;;;;;;;;1;;
04/09/2013;06:05:00;5;sem vítima;122,1;BR-116/RJ;Sul;Abalroamento longitudinal;1;;1;;;;;;;;2;;;;
04/09/2013;18:19:00;51;sem vítima;143,8;BR-116/RJ;Sul;Abalroamento longitudinal;1;;1;;;;;;;;6;;;;
05/09/2013;09:55:00;21;com vítima;6,2;BR-116/RJ;Norte;Derrapagem;1;;;;;;;;;;;1;;;
05/09/2013;10:22:00;22;sem vítima;14,25;BR-116/RJ;Sul;Derrapagem;1;;;;;;;;;;1;;;;
05/09/2013;21:05:00;47;com vítima;17,9;BR-116/RJ;Sul;Queda de carga;;;1;;;;;;;;;;1;;
05/09/2013;17:02:00;39;sem vítima;24,7;BR-116/RJ;Sul;Choque em objeto fixo;1;;;;;;;;;;1;;;;
05/09/2013;10:25:00;23;com vítima;53,2;BR-116/RJ;Norte;Derrapagem;1;;;;;;;;;;;1;;;
05/09/2013;03:06:00;4;com vítima;66,3;BR-116/RJ;Sul;Derrapagem;1;;;;;;;;;;;5;;;
05/09/2013;07:55:00;10;com vítima;67,15;BR-116/RJ;Sul;Abalroamento transversal;1;;;1;;;;;;;1;;3;;
05/09/2013;12:17:00;27;sem vítima;80,2;BR-116/RJ;Norte;Abalroamento transversal;1;;1;;;;;;;;2;;;;
05/09/2013;00:44:00;3;com vítima;101,6;BR-116/RJ;Norte;Queda de moto;;;;1;;;;;;;;1;;;
06/09/2013;19:42:00;45;com vítima;96,8;BR-116/RJ;Sul;Derrapagem;1;;;;;;;;;;;1;;;
06/09/2013;13:15:00;29;com vítima;101,8;BR-116/RJ;Sul;Abalroamento transversal;2;;;;;;;;;;;3;;;
06/09/2013;21:02:00;52;sem vítima;105,7;BR-116/RJ;Norte;Abalroamento longitudinal;2;;;;;;;;;;4;;;;
06/09/2013;13:22:00;30;sem vítima;125,55;BR-116/RJ;Sul;Capotamento;;;1;;;;;;;;1;;;;
06/09/2013;05:28:00;5;com vítima;138,35;BR-116/RJ;Norte;Colisão traseira;1;;1;;;;;;;;1;1;;;
06/09/2013;13:50:00;31;com vítima;143,7;BR-116/RJ;Norte;Abalroamento longitudinal;1;;1;;;;;;;;1;1;;;
07/09/2013;16:10:00;32;com vítima;96;BR-116/RJ;Norte;Queda de moto;;;;1;;;;;;;;;2;;
07/09/2013;16:36:00;34;sem vítima;131,95;BR-116/RJ;Sul;Abalroamento longitudinal;1;;1;;;;;;;;2;;;;
08/09/2013;13:07:00;24;sem vítima;71,95;BR-116/RJ;Norte;Colisão traseira;;;;;;;;;;;0;;;;
08/09/2013;19:47:00;52;sem vítima;93,7;BR-116/RJ;Norte;Derrapagem;1;;;;;;;;;;2;;;;
08/09/2013;14:05:00;26;sem vítima;103;BR-116/RJ;Norte;Choque em objeto fixo;;;;;;;;;;;0;;;;
08/09/2013;23:33:00;1;sem vítima;132,5;BR-116/RJ;Sul;Colisão traseira;3;;;;;;;;;;10;;;;
08/09/2013;16:31:00;34;com vítima;143,5;BR-116/RJ;Sul;Abalroamento longitudinal;2;;;;;;;;;;2;4;;;
09/09/2013;08:20:00;22;com vítima;81,9;BR-116/RJ;Sul;Choque em barreira New Jersey ;1;;;;;;;;;;;;1;;
09/09/2013;03:40:00;10;com vítima;129,9;BR-116/RJ;Sul;Derrapagem;1;;;;;;;;;;;;1;;
09/09/2013;08:00:00;21;com vítima;143;BR-116/RJ;Sul;Colisão traseira;1;;1;;1;;;;;;27;1;1;;
10/09/2013;07:47:00;9;com vítima;13;BR-116/RJ;Norte;Choque em objeto fixo;;;1;;;;;;;;;1;;;
10/09/2013;10:06:00;23;com vítima;48;BR-116/RJ;Norte;Abalroamento transversal;2;;;;;;;;;;;2;;1;
10/09/2013;08:45:00;19;sem vítima;87,95;BR-116/RJ;Sul;Derrapagem;1;;;;;;;;;;1;;;;
10/09/2013;11:50:00;28;sem vítima;133,6;BR-116/RJ;Sul;Colisão traseira;;;;;;;;;;;2;;;;
11/09/2013;08:35:00;6;sem vítima;66,3;BR-116/RJ;Sul;Atropelamento de animal;1;;;;;;;;;;2;;;;
11/09/2013;23:02:00;50;com vítima;108,3;BR-116/RJ;Norte;Abalroamento longitudinal;;;1;1;;;;;;;1;;2;;
11/09/2013;13:50:00;24;sem vítima;127,95;BR-116/RJ;Sul;Choque em objeto fixo;1;;;;;;;;;;1;;;;
12/09/2013;19:00:00;25;com vítima;31,25;BR-116/RJ;Sul;Capotamento;;;1;;;;;;;;;;1;;
12/09/2013;14:48:00;17;sem vítima;71,2;BR-116/RJ;Sul;Abalroamento transversal;2;;;;;;;;;;2;;;;
13/09/2013;15:46:00;31;com vítima;80,4;BR-116/RJ;Sul;Abalroamento transversal;2;;;;;;;;;;1;1;;;
13/09/2013;16:30:00;34;sem vítima;90,6;BR-116/RJ;Norte;Abalroamento transversal;2;;;;;;;;;;2;;;;
13/09/2013;19:20:00;50;sem vítima;96,8;BR-116/RJ;Norte;Colisão traseira;2;;;;;;;;;;2;;;;
13/09/2013;13:22:00;23;sem vítima;126,95;BR-116/RJ;Norte;Colisão traseira;1;;;;1;;;;;;2;;;;
13/09/2013;10:55:00;17;sem vítima;135,2;BR-116/RJ;Sul;Choque em objeto fixo;1;;;;;;;;;;1;;;;
13/09/2013;07:05:00;9;com vítima;136,95;BR-116/RJ;Norte;Queda de moto;;;;1;;;;;;;;1;;;
13/09/2013;15:48:00;29;sem vítima;138,4;BR-116/RJ;Norte;Abalroamento longitudinal;1;;1;;;;;;;;2;;;;
13/09/2013;15:50:00;37;sem vítima;138,45;BR-116/RJ;Norte;Colisão traseira;1;;1;;;;;;;;2;;;;
13/09/2013;20:06:00;52;sem vítima;141,2;BR-116/RJ;Norte;Abalroamento longitudinal;1;;;;1;;;;;;42;;;;
14/09/2013;07:44:00;7;com vítima;124,6;BR-116/RJ;Norte;Choque em defensa;1;;;;;;;;;;;5;;;
15/09/2013;22:20:00;77;com vítima;69,9;BR-116/RJ;Sul;Abalroamento longitudinal;2;;;;;;;;;;;4;;;
15/09/2013;19:50:00;71;com vítima;78,1;BR-116/RJ;Sul;Colisão frontal;1;;;1;;;;;;;1;;1;;
15/09/2013;11:30:00;24;com vítima;79,3;BR-116/RJ;Norte;Abalroamento transversal;1;;;1;;;;;;;;2;1;;
15/09/2013;04:28:00;7;sem vítima;131,1;BR-116/RJ;Sul;Choque em objeto fixo;1;;;;;;;;;;1;;;;
15/09/2013;17:50:00;57;com vítima;136,85;BR-116/RJ;Sul;Colisão traseira;6;;;;;;;;;;25;1;;;
15/09/2013;18:27:00;60;sem vítima;139,9;BR-116/RJ;Sul;Abalroamento longitudinal;2;;;;;;;;;;2;;;;
15/09/2013;16:53:00;48;com vítima;144;BR-116/RJ;Sul;Colisão traseira;2;;;1;;;;;;;2;1;;;
16/09/2013;11:20:00;24;sem vítima;74;BR-116/RJ;Sul;Colisão traseira;1;;;;;;;;;;1;;;;
16/09/2013;10:32:00;18;sem vítima;122,9;BR-116/RJ;Norte;Choque em objeto fixo;1;;;;;;;;;;1;;;;
17/09/2013;09:10:00;16;com vítima;64,98;BR-116/RJ;Sul;Abalroamento longitudinal;1;;1;;;;;;;;1;1;1;;
17/09/2013;07:58:00;14;com vítima;86,8;BR-116/RJ;Sul;Choque em barreira New Jersey ;1;;;;;;;;;;;;1;;
17/09/2013;07:50:00;18;com vítima;88;BR-116/RJ;Sul;Choque em objeto fixo;1;;;;;;;;;;1;;1;;
18/09/2013;23:28:00;56;com vítima;33,9;BR-116/RJ;Norte;Choque em objeto fixo;1;;;;;;;;;;;2;;;
18/09/2013;12:25:00;25;com vítima;73,2;BR-116/RJ;Sul;Queda de moto;1;;;;;;;;;;;;1;;
18/09/2013;22:19:00;55;com vítima;107,6;BR-116/RJ;Norte;Choque em defensa;1;;;;;;;;;;;;1;;
18/09/2013;14:00:00;29;com vítima;137;BR-116/RJ;Sul;Colisão traseira;1;;1;;;;;;;;1;1;;;
19/09/2013;23:45:00;46;com vítima;133,6;BR-116/RJ;Norte;Colisão traseira;2;;;;;;;;;;4;1;;;
20/09/2013;07:51:00;10;com vítima;139,9;BR-116/RJ;Sul;Colisão traseira;;;2;;;;;;;;1;3;;;
20/09/2013;08:13:00;11;sem vítima;141,9;BR-116/RJ;Sul;Colisão traseira;2;;1;;;;;;;;3;;;;
20/09/2013;06:43:00;7;com vítima;143,6;BR-116/RJ;Sul;Colisão traseira;3;;;;;;;;;;2;1;;;
20/09/2013;07:36:00;9;sem vítima;143,7;BR-116/RJ;Sul;Colisão traseira;2;;;;;;;;;;2;;;;
21/09/2013;20:15:00;48;sem vítima;79,1;BR-116/RJ;Sul;Abalroamento transversal;2;;;;;;;;;;2;;;;
22/09/2013;18:32:00;44;com vítima;79,7;BR-116/RJ;Sul;Atropel. de pedestre atravessando;1;;;;;;;;;;1;;1;;
22/09/2013;04:32:00;6;sem vítima;104,7;BR-116/RJ;Norte;Choque em objeto fixo;1;;;;;;;;;;2;;;;
22/09/2013;04:49:00;7;sem vítima;123,2;BR-116/RJ;Norte;Choque em objeto fixo;1;;;;;;;;;;1;;;;
22/09/2013;06:14:00;8;sem vítima;143;BR-116/RJ;Sul;Choque em objeto fixo;1;;;;;;;;;;1;;;;
22/09/2013;16:45:00;39;com vítima;143,2;BR-116/RJ;Sul;Colisão traseira;2;;;;;;;;;;1;1;;;
22/09/2013;18:35:00;43;com vítima;143,5;BR-116/RJ;Norte;Choque em defensa;1;;;;;;;;;;1;1;;;
22/09/2013;01:25:00;4;com vítima;144;BR-116/RJ;Sul;Choque em barreira New Jersey ;1;;;;;;;;;;;;1;;
23/09/2013;10:36:00;19;com vítima;91,2;BR-116/RJ;Sul;Abalroamento transversal;2;;;;;;;;;;2;;1;;
23/09/2013;08:48:00;12;com vítima;106,4;BR-116/RJ;Norte;Abalroamento longitudinal;1;;;;1;;;;;;4;;1;;
23/09/2013;12:36:00;23;sem vítima;127,4;BR-116/RJ;Sul;Derrapagem;1;;;;;;;;;;2;;;;
24/09/2013;06:25:00;6;com vítima;26,3;BR-116/RJ;Sul;Derrapagem;1;;;;;;;;;;;2;;;
24/09/2013;10:57:00;20;sem vítima;34,4;BR-116/RJ;Sul;Derrapagem;1;;;;;;;;;;2;;;;
24/09/2013;19:55:00;49;com vítima;61,3;BR-116/RJ;Sul;Derrapagem;1;;;;;;;;;;;2;;;
24/09/2013;13:12:00;30;com vítima;75,3;BR-116/RJ;Sul;Colisão traseira;2;;;;;;;;;;1;1;;;
24/09/2013;06:57:00;8;com vítima;87,95;BR-116/RJ;Norte;Choque em objeto fixo;1;;;;;;;;;;;1;;;
24/09/2013;05:03:00;4;com vítima;100,5;BR-116/RJ;Sul;Derrapagem;1;;;;;;;;;;;1;;;
24/09/2013;11:43:00;21;sem vítima;108,1;BR-116/RJ;Sul;Atropelamento de animal;1;;;;;;;;;;1;;;;
24/09/2013;10:58:00;19;com vítima;111,8;BR-116/RJ;Norte;Choque em veículo parado na pista;;;2;;;;;;;;1;1;;;
24/09/2013;09:11:00;14;sem vítima;127,05;BR-116/RJ;Norte;Choque em objeto fixo;1;;;;;;;;;;1;;;;
24/09/2013;06:18:00;5;com vítima;137,65;BR-116/RJ;Norte;Choque em objeto fixo;;;1;;;;;;;;;1;;;
24/09/2013;22:20:00;53;com vítima;139,9;BR-116/RJ;Sul;Colisão traseira;1;;1;;;;;;;;3;;1;;
24/09/2013;18:05:00;44;sem vítima;143,1;BR-116/RJ;Sul;Colisão traseira;2;;;;;;;;;;2;;;;
24/09/2013;18:17:00;46;com vítima;143,1;BR-116/RJ;Sul;Colisão traseira;1;;1;;;;;;;;1;1;;;
25/09/2013;13:20:00;18;com vítima;90,3;BR-116/RJ;Norte;Choque em objeto fixo;1;;;;;;;;;;;1;2;;
25/09/2013;00:57:00;1;com vítima;126,3;BR-116/RJ;Norte;Derrapagem;1;;;;;;;;;;;1;;;
26/09/2013;20:15:00;47;com vítima;91,1;BR-116/RJ;Sul;Abalroamento longitudinal;1;;2;;;;;;;;2;1;1;;
26/09/2013;19:59:00;46;sem vítima;121;BR-116/RJ;Norte;Choque em objeto fixo;1;;;;;;;;;;1;;;;
27/09/2013;09:39:00;13;com vítima;94,4;BR-116/RJ;Norte;Colisão frontal;2;;;;;;;;;;;1;1;;
27/09/2013;10:40:00;17;sem vítima;102,1;BR-116/RJ;Sul;Colisão traseira;2;;;;;;;;;;2;;;;
27/09/2013;21:38:00;52;com vítima;109,5;BR-116/RJ;Norte;Queda de moto;;;;1;;;;;;;;1;;;
27/09/2013;14:10:00;31;sem vítima;125,2;BR-116/RJ;Norte;Abalroamento longitudinal;1;;1;;;;;;;;2;;;;
27/09/2013;03:15:00;7;sem vítima;126,9;BR-116/RJ;Sul;Choque em objeto fixo;1;;;;;;;;;;1;;;;
28/09/2013;10:24:00;14;com vítima;121,8;BR-116/RJ;Norte;Atropel. de pedestre atravessando;;;1;;;;;;;;1;;;1;
29/09/2013;09:23:00;13;com vítima;29,4;BR-116/RJ;Sul;Choque em objeto fixo;1;;;;;;;;;;;;2;;
29/09/2013;19:52:00;38;com vítima;61,8;BR-116/RJ;Norte;Derrapagem;1;;;;;;;;;;;1;;;
29/09/2013;06:30:00;8;com vítima;90,4;BR-116/RJ;Norte;Colisão frontal;2;;;;;;;;;;1;;2;;
30/09/2013;07:45:00;9;com vítima;26,3;BR-116/RJ;Norte;Derrapagem;1;;;;;;;;;;;1;;;
30/09/2013;09:16:00;10;com vítima;28,2;BR-116/RJ;Norte;Derrapagem;1;;;;;;;;;;;1;;;
30/09/2013;06:55:00;6;sem vítima;134,5;BR-116/RJ;Sul;Abalroamento longitudinal;1;;1;;;;;;;;2;;;;
30/09/2013;15:16:00;30;sem vítima;142,9;BR-116/RJ;Sul;Colisão traseira;2;;1;;;;;;;;3;;;;
30/09/2013;14:47:00;28;sem vítima;143,5;BR-116/RJ;Sul;Colisão traseira;2;;;;;;;;;;2;;;;
01/10/2013;08:20:00;11;com vítima;59,9;BR-116/RJ;Norte;Colisão frontal;2;;;;;;;;;;;1;1;;
01/10/2013;18:38:00;46;sem vítima;93,5;BR-116/RJ;Sul;Colisão traseira;2;;;;;;;;;;5;;;;
01/10/2013;20:51:00;57;sem vítima;138,05;BR-116/RJ;Norte;Atropelamento de animal;1;;;;;;;;;;1;;;;
01/10/2013;16:38:00;40;sem vítima;143,7;BR-116/RJ;Sul;Abalroamento longitudinal;1;;2;;;;;;;;3;;;;
02/10/2013;12:40:00;20;com vítima;17,9;BR-116/RJ;Sul;Choque em objeto fixo;1;;;;;;;;;;1;4;;;
02/10/2013;13:25:00;22;com vítima;26,3;BR-116/RJ;Sul;Derrapagem;1;;;;;;;;;;;1;;;
02/10/2013;10:26:00;9;sem vítima;137,5;BR-116/RJ;Sul;Choque em objeto fixo;1;;;;;;;;;;1;;;;
03/10/2013;11:38:00;24;sem vítima;25,8;BR-116/RJ;Sul;Queda de carga;;;1;;;;;;;;1;;;;
03/10/2013;20:14:00;53;com vítima;107,5;BR-116/RJ;Norte;Colisão traseira;1;;;1;;;;;;;1;1;;;
04/10/2013;11:55:00;37;com vítima;25,1;BR-116/RJ;Sul;Abalroamento Transversal;1;;;;;;;;;;;1;;;
04/10/2013;10:32:00;23;sem vítima;26,35;BR-116/RJ;Sul;Derrapagem;1;;;;;;;;;;1;;;;
04/10/2013;16:09:00;46;com vítima;53,2;BR-116/RJ;Sul;Derrapagem;1;;;;;;;;;;;1;;;
04/10/2013;12:30:00;34;com vítima;82,5;BR-116/RJ;Norte;Derrapagem;1;;;;;;;;;;;1;;;
04/10/2013;14:26:00;42;com vítima;87,6;BR-116/RJ;Norte;Abalroamento longitudinal;1;;;;1;;;;;;38;;2;;
04/10/2013;09:26:00;16;sem vítima;90,5;BR-116/RJ;Norte;Abalroamento longitudinal;;;2;;;;;;;;2;;;;
04/10/2013;14:18:00;40;com vítima;93,5;BR-116/RJ;Sul;Colisão traseira;5;;2;;;;;;;;6;1;;;
04/10/2013;17:19:00;51;sem vítima;93,7;BR-116/RJ;Norte;Abalroamento longitudinal;2;;;;;;;;;;2;;;;
04/10/2013;11:24:00;27;com vítima;107;BR-116/RJ;Norte;Abalroamento longitudinal;2;;;;;;;;;;2;1;;;
04/10/2013;22:35:00;72;com vítima;135,3;BR-116/RJ;Sul;Choque em defensa;1;;;;;;;;;;;1;;;
05/10/2013;06:22:00;6;com vítima;56,2;BR-116/RJ;Sul;Colisão frontal;1;;;;1;;;;;;9;1;;;
05/10/2013;08:38:00;11;sem vítima;89;BR-116/RJ;Sul;Colisão traseira;;;1;;1;;;;;;27;;;;
05/10/2013;16:59:00;48;com vítima;89,1;BR-116/RJ;Norte;Colisão traseira;2;;;;;;;;;;;3;;;
05/10/2013;09:21:00;16;com vítima;118,9;BR-116/RJ;Sul;Choque em objeto fixo;1;;;;;;;;;;1;1;;;
05/10/2013;06:24:00;7;sem vítima;126,85;BR-116/RJ;Sul;Choque em objeto fixo;1;;1;;;;;;;;2;;;;
06/10/2013;00:10:00;1;com vítima;33,6;BR-116/RJ;Sul;Queda de moto;;;;1;;;;;;;;;1;;
06/10/2013;05:52:00;8;sem vítima;95,8;BR-116/RJ;Norte;Capotamento;1;;;;;;;;;;1;;;;
06/10/2013;04:53:00;6;sem vítima;131,3;BR-116/RJ;Norte;Colisão traseira;2;;;;;;;;;;3;;;;
06/10/2013;18:15:00;39;sem vítima;138,9;BR-116/RJ;Sul;Abalroamento longitudinal;1;;1;;;;;;;;4;;;;
06/10/2013;19:26:00;41;sem vítima;143,1;BR-116/RJ;Sul;Colisão traseira;2;;;;;;;;;;2;;;;
06/10/2013;06:09:00;9;com vítima;143,9;BR-116/RJ;Sul;Choque em objeto fixo;1;;;;;;;;;;;1;;;
06/10/2013;07:38:00;12;com vítima;143,9;BR-116/RJ;Sul;Choque em objeto fixo;;;;1;;;;;;;;1;1;;
07/10/2013;16:55:00;38;sem vítima;99,6;BR-116/RJ;Sul;Derrapagem;1;;;;;;;;;;1;;;;
07/10/2013;19:58:00;46;com vítima;134,95;BR-116/RJ;Sul;Abalroamento transversal;1;1;;;;;;;;;1;1;;1;
08/10/2013;11:57:00;12;com vítima;77,4;BR-116/RJ;Sul;Colisão frontal;1;;1;;;;;;;;1;2;;;
08/10/2013;01:09:00;1;sem vítima;111,95;BR-116/RJ;Sul;Atropelamento de animal;;;1;;;;;;;;1;;;;
08/10/2013;06:22:00;2;sem vítima;137,9;BR-116/RJ;Sul;Colisão traseira;;;1;;1;;;;;;2;;;;
08/10/2013;16:16:00;26;com vítima;142,8;BR-116/RJ;Sul;Colisão traseira;1;;;1;;;;;;;1;2;;;
10/10/2013;15:58:00;44;sem vítima;94,05;BR-116/RJ;Norte;Abalroamento longitudinal;1;;1;;;;;;;;6;;;;
10/10/2013;20:21:00;68;com vítima;100,7;BR-116/RJ;Sul;Abalroamento longitudinal;3;;;;;;;;;;2;;1;;1
10/10/2013;06:11:00;12;com vítima;127;BR-116/RJ;Sul;Derrapagem;1;;;;;;;;;;;1;;;