data;horario;n_da_ocorrencia;tipo_de_ocorrencia;km;trecho;sentido;tipo_de_acidente;automovel;bicicleta;caminhao;moto;onibus;outros;tracao_animal;transporte_de_cargas_especiais;trator_maquinas;utilitarios;ilesos;levemente_feridos;moderadamente_feridos;gravemente_feridos;mortos
22/01/2014;14:35:00;34;sem vítima;37;BR-116/RJ;Norte;Queda de carga;;;1;;;;;;;;1;;;;
22/01/2014;21:39:00;54;sem vítima;130,8;BR-116/RJ;Norte;Abalroamento longitudinal;1;;1;;;;;;;;2;;;;
23/01/2014;13:07:00;23;sem vítima;91,5;BR-116/RJ;Norte;Colisão traseira;2;;;;;;;;;;2;;;;
24/01/2014;08:13:00;12;sem vítima;142,6;BR-116/RJ;Sul;Colisão traseira;2;;;;;;;;;;2;;;;
24/01/2014;08:25:00;16;sem vítima;142,6;BR-116/RJ;Sul;Colisão traseira;2;;;;;;;;;;2;;;;
24/01/2014;13:27:00;27;sem vítima;99,9;BR-116/RJ;Sul;Colisão traseira;2;;;;;;;;;;7;;;;
24/01/2014;17:28:00;40;sem vítima;142,95;BR-116/RJ;Sul;Colisão traseira;1;;2;;;;;;;;9;;;;
24/01/2014;20:20:00;55;com vítima;141,95;BR-116/RJ;Sul;Abalroamento longitudinal;1;;1;;1;;;;;;6;1;;;
25/01/2014;10:12:00;16;com vítima;104,4;BR-116/RJ;Norte;Abalroamento transversal;1;;;1;;;;;;;2;1;;;
25/01/2014;15:19:00;38;sem vítima;104;BR-116/RJ;Norte;Atropelamento de animal;1;;;;;;;;;;1;;;;
25/01/2014;16:28:00;42;sem vítima;121,5;BR-116/RJ;Norte;Abalroamento longitudinal;1;;1;;;;;;;;3;;;;
25/01/2014;16:28:00;43;com vítima;136;BR-116/RJ;Sul;Abalroamento longitudinal;3;;;;;;;;;;;3;;;
25/01/2014;19:08:00;47;com vítima;132,5;BR-116/RJ;Sul;Abalroamento longitudinal;2;;;;;;;;;;1;4;;;
26/01/2014;16:52:00;34;com vítima;25,7;BR-116/RJ;Sul;Choque em objeto fixo;1;;;;;;;;;;2;1;;;
26/01/2014;17:44:00;41;sem vítima;142,1;BR-116/RJ;Sul;Colisão traseira;3;;;;;;;;;;3;;;;
26/01/2014;19:30:00;44;com vítima;141,1;BR-116/RJ;Sul;Abalroamento longitudinal;1;;;1;;;;;;;1;2;;;
26/01/2014;21:20:00;55;com vítima;111,1;BR-116/RJ;Sul;Colisão traseira;1;;;1;;;;;;;1;;1;;
26/11/2014;07:34:00;9;com vítima;73,4;BR-116/RJ;Sul;Abalroamento Longitudinal;1;;1;;;;;;;;1;1;;;
27/01/2014;03:21:00;3;sem vítima;122;BR-116/RJ;Norte;Choque em objeto fixo;1;;;;;;;;;;1;;;;
27/01/2014;10:24:00;14;com vítima;68,6;BR-116/RJ;Sul;Derrapagem;1;;;;;;;;;;;1;;;
27/01/2014;21:04:00;42;com vítima;29,1;BR-116/RJ;Norte;Derrapagem;;;1;;;;;;;;2;1;;;
28/01/2014;06:34:00;4;sem vítima;144;BR-116/RJ;Norte;Colisão traseira;2;;1;;;;;;;;3;;;;
29/01/2014;13:51:00;33;com vítima;73,4;BR-116/RJ;Sul;Queda de moto;;;;1;;;;;;;;;1;;
29/01/2014;18:31:00;51;com vítima;80,8;BR-116/RJ;Norte;Abalroamento longitudinal;;;1;1;;;;;;;1;;1;;
29/01/2014;22:26:00;61;sem vítima;103,7;BR-116/RJ;Sul;Colisão traseira;;;2;;;;;;;;2;;;;
30/01/2014;01:20:00;1;com vítima;125,6;BR-116/RJ;Sul;Choque em objeto fixo;;;1;;;;;;;;;;1;;
30/01/2014;05:07:00;5;sem vítima;103,2;BR-116/RJ;Sul;Choque em objeto fixo;1;;;;;;;;;;1;;;;
31/01/2014;13:54:00;29;com vítima;82;BR-116/RJ;Sul;Abalroamento longitudinal;1;;1;;;;;;;;2;;1;;
01/02/2014;13:20:00;29;sem vítima;132,5;BR-116/RJ;Norte;Colisão traseira;2;;;;;;;;;;2;;;;
01/02/2014;20:38:00;63;com vítima;142,6;BR-116/RJ;Sul;Abalroamento longitudinal;1;;;1;;;;;;;1;;1;;
02/02/2014;04:49:00;9;com vítima;6,6;BR-116/RJ;Norte;Queda de moto;;;;1;;;;;;;;;2;;
02/02/2014;20:00:00;76;com vítima;18,7;BR-116/RJ;Norte;Choque em objeto fixo;;;;1;;;;;;;;;;;1
02/02/2014;14:40:00;40;com vítima;49,6;BR-116/RJ;Norte;Choque em barreira New Jersey ;1;;;;;;;;;;;2;1;;
02/02/2014;17:43:00;60;com vítima;59,8;BR-116/RJ;Norte;Choque em objeto fixo;1;;;;;;;;;;;;1;;
02/02/2014;19:15:00;72;com vítima;134,1;BR-116/RJ;Sul;Atropel. de pedestre caminhando;1;;;;;;;;;;1;;1;;
02/02/2014;18:21:00;65;sem vítima;136,4;BR-116/RJ;Sul;Colisão traseira;3;;;;;;;;;;3;;;;
03/02/2014;05:58:00;5;com vítima;29,05;BR-116/RJ;Norte;Capotamento;;;1;;;;;;;;;3;;;
03/02/2014;04:00:00;2;com vítima;102,5;BR-116/RJ;Norte;Choque em objeto fixo;2;;;;;;;;;;2;2;;;
04/02/2014;12:25:00;27;com vítima;88,6;BR-116/RJ;Norte;Choque em objeto fixo;1;;;;;;;;;;;1;;;
04/02/2014;00:09:00;1;com vítima;122;BR-116/RJ;Sul;Choque em objeto fixo;;;;1;;;;;;;;;1;;
04/02/2014;18:29:00;42;sem vítima;141,95;BR-116/RJ;Sul;Choque em objeto fixo;1;;;;;;;;;;1;;;;
05/02/2014;15:56:00;42;com vítima;61,05;BR-116/RJ;Sul;Colisão traseira;2;;;;;;;;;;;5;;;
05/02/2014;04:05:00;5;com vítima;65,05;BR-116/RJ;Sul;Choque em objeto fixo;;;1;;;;;;;;1;1;;;
05/02/2014;16:56:00;50;com vítima;80,2;BR-116/RJ;Sul;Abalroamento transversal;2;;;;;;;;;;;2;;;
05/02/2014;18:17:00;57;com vítima;95;BR-116/RJ;Sul;Abalroamento longitudinal;1;;;1;;;;;;;1;1;;;
05/02/2014;04:30:00;6;sem vítima;96,5;BR-116/RJ;Sul;Choque em objeto fixo;;;1;;;;;;;;3;;;;
05/02/2014;18:35:00;59;sem vítima;97;BR-116/RJ;Sul;Derrapagem;1;;;;;;;;;;3;;;;
05/02/2014;14:20:00;34;sem vítima;137,25;BR-116/RJ;Norte;Abalroamento longitudinal;1;;;;1;;;;;;51;;;;
05/02/2014;19:12:00;65;com vítima;137,7;BR-116/RJ;Norte;Colisão traseira;1;;;;1;;;;;;1;;;1;
06/02/2014;17:48:00;55;sem vítima;106,9;BR-116/RJ;Norte;Colisão traseira;2;;;;;;;;;;2;;;;
06/02/2014;18:20:00;59;com vítima;138,2;BR-116/RJ;Sul;Atropel. de pedestre atravessando;;;1;;;;;;;;1;;;;1
06/02/2014;19:30:00;72;sem vítima;140,7;BR-116/RJ;Norte;Colisão traseira;2;;;;;;;;;;2;;;;
07/02/2014;15:56:00;52;com vítima;50,1;BR-116/RJ;Sul;Colisão traseira;2;;;;;;;;;;;2;;;
07/02/2014;20:08:00;67;com vítima;77,6;BR-116/RJ;Norte;Abalroamento longitudinal;;1;1;;;;;;;;1;;1;;
07/02/2014;18:00:00;55;com vítima;80,3;BR-116/RJ;Sul;Abalroamento transversal;2;;;;;;;;;;;3;;;
07/02/2014;12:39:00;26;sem vítima;131,9;BR-116/RJ;Norte;Colisão traseira;1;;1;;;;;;;;2;;;;
07/02/2014;17:25:00;50;com vítima;142,7;BR-116/RJ;Norte;Abalroamento transversal;1;;;1;;;;;;;2;;1;;
08/02/2014;00:35:00;1;com vítima;90,5;BR-116/RJ;Sul;Queda de moto;;;;1;;;;;;;;;1;;
08/02/2014;17:30:00;54;com vítima;106,2;BR-116/RJ;Norte;Abalroamento longitudinal;2;;;;;;;;;;1;1;;;
08/02/2014;21:30:00;71;sem vítima;138,5;BR-116/RJ;Norte;Choque em defensa;1;;;;;;;;;;1;;;;
08/02/2014;18:46:00;62;sem vítima;141,7;BR-116/RJ;Norte;Choque em defensa;;;1;;;;;;;;1;;;;
08/02/2014;05:33:00;5;sem vítima;142;BR-116/RJ;Norte;Colisão traseira;2;;;;;;;;;;3;;;;
09/02/2014;22:35:00;67;com vítima;15,6;BR-116/RJ;Sul;Colisão traseira;1;;1;;;;;;;;1;1;;;
09/02/2014;13:08:00;20;com vítima;97,2;BR-116/RJ;Sul;Colisão traseira;1;;1;;;;;;;;6;1;;;
09/02/2014;18:44:00;51;sem vítima;106,15;BR-116/RJ;Sul;Colisão frontal;2;;;;;;;;;;2;;;;
09/02/2014;07:09:00;6;com vítima;124,25;BR-116/RJ;Norte;Derrapagem;1;;1;;;;;;;;1;;;2;
09/02/2014;07:20:00;7;sem vítima;124,27;BR-116/RJ;Norte;Choque em veículo parado na pista;2;;;;;;;;;;2;;;;
09/02/2014;14:57:00;28;sem vítima;132,9;BR-116/RJ;Sul;Derrapagem;1;;;;;;;;;;1;;;;
10/02/2014;07:37:00;4;com vítima;143,25;BR-116/RJ;Sul;Colisão traseira;1;;;1;;;;;;;1;1;;;
11/02/2014;05:19:00;4;com vítima;50,8;BR-116/RJ;Sul;Derrapagem;;;1;;;;;;;;;;3;;
11/02/2014;22:25:00;31;sem vítima;142,9;BR-116/RJ;Sul;Choque em defensa;1;;;;;;;;;;3;;;;
12/02/2014;17:15:00;39;com vítima;126,5;BR-116/RJ;Sul;Derrapagem;;;1;;;;;;;;;1;;;
12/02/2014;09:50:00;15;com vítima;131,9;BR-116/RJ;Norte;Abalroamento longitudinal;1;;1;;;;;;;;1;2;;;
12/02/2014;06:25:00;6;sem vítima;143,15;BR-116/RJ;Sul;Colisão traseira;2;;;;;;;;;;2;;;;
13/02/2014;13:33:00;19;com vítima;43,4;BR-116/RJ;Norte;Abalroamento longitudinal;1;;2;;;;;;;;2;;;2;1
13/02/2014;13:18:00;17;com vítima;77,95;BR-116/RJ;Norte;Colisão traseira;1;;1;;;;;;;;;2;;;
13/02/2014;23:01:00;51;sem vítima;113,5;BR-116/RJ;Sul;Atropelamento de animal;1;;;;;;;;;;1;;;;
13/02/2014;13:29:00;18;sem vítima;125,8;BR-116/RJ;Sul;Abalroamento longitudinal;1;;1;;;;;;;;2;;;;
13/02/2014;20:38:00;44;sem vítima;128;BR-116/RJ;Sul;Atropelamento de animal;1;;;;;;;;;;1;;;;
13/02/2014;16:08:00;25;com vítima;142;BR-116/RJ;Sul;Choque em defensa;1;;;;;;;;;;;1;;;
14/02/2014;00:08:00;1;sem vítima;2;BR-116/RJ;Sul;Abalroamento longitudinal;1;;1;;;;;;;;2;;;;
14/02/2014;23:09:00;59;com vítima;76,5;BR-116/RJ;Sul;Colisão traseira;;;1;1;;;;;;;;1;1;;
14/02/2014;17:39:00;43;sem vítima;133,5;BR-116/RJ;Sul;Colisão traseira;;;;;;;;;;;0;;;;
14/02/2014;01:10:00;3;sem vítima;134,3;BR-116/RJ;Sul;Choque em objeto fixo;1;;;;;;;;;;2;;;;
14/02/2014;14:10:00;31;sem vítima;143,7;BR-116/RJ;Norte;Abalroamento longitudinal;1;;1;;;;;;;;2;;;;
15/02/2014;07:47:00;11;com vítima;6,3;BR-116/RJ;Sul;Colisão frontal;1;;1;;;;;;;;1;;;2;
15/02/2014;04:10:00;5;com vítima;13,4;BR-116/RJ;Norte;Queda de carga;;;1;;;;;;;;;1;;;
15/02/2014;09:48:00;23;com vítima;27;BR-116/RJ;Norte;Capotamento;1;;;;;;;;;;;1;;;
15/02/2014;15:35:00;34;sem vítima;49,7;BR-116/RJ;Sul;Choque em objeto fixo;1;;;;;;;;;;1;;;;
15/02/2014;09:24:00;18;com vítima;59,9;BR-116/RJ;Sul;Colisão frontal;2;;;;;;;;;;2;;1;;
15/02/2014;11:54:00;27;com vítima;82,9;BR-116/RJ;Norte;Colisão frontal;2;;;;;;;;;;1;;2;;
15/02/2014;22:26:00;51;sem vítima;89,2;BR-116/RJ;Sul;Abalroamento longitudinal;2;;;;;;;;;;2;;;;
15/02/2014;18:22:00;45;com vítima;101,05;BR-116/RJ;Norte;Choque em objeto fixo;1;;;;;;;;;;;2;;;
15/02/2014;02:06:00;3;com vítima;104,4;BR-116/RJ;Sul;Queda de moto;;;;2;;;;;;;;;2;;
15/02/2014;16:20:00;39;sem vítima;106,2;BR-116/RJ;Sul;Choque em objeto fixo;1;;;;;;;;;;1;;;;
15/02/2014;19:14:00;48;sem vítima;122,35;BR-116/RJ;Sul;Choque em objeto fixo;1;;;;;;;;;;1;;;;
15/02/2014;06:42:00;7;com vítima;125,4;BR-116/RJ;Norte;Queda de moto;;;;1;;;;;;;;1;;;
15/02/2014;15:39:00;37;com vítima;132,1;BR-116/RJ;Norte;Choque em objeto fixo;1;;;;;;;;;;;3;;;
15/02/2014;19:48:00;49;com vítima;135,4;BR-116/RJ;Sul;Choque em objeto fixo;1;;1;;;;;;;;2;;2;;
15/02/2014;12:30:00;28;com vítima;137;BR-116/RJ;Sul;Abalroamento longitudinal;;;;1;1;;;;;;1;;1;;
15/02/2014;06:15:00;6;sem vítima;143,8;BR-116/RJ;Norte;Choque em objeto fixo;1;;;;;;;;;;1;;;;
16/02/2014;18:14:00;52;com vítima;26,45;BR-116/RJ;Sul;Choque em objeto fixo;1;;;;;;;;;;;1;;;
16/02/2014;15:28:00;34;sem vítima;66,9;BR-116/RJ;Sul;Choque em objeto fixo;1;;;;;;;;;;1;;;;
16/02/2014;10:52:00;19;com vítima;80,25;BR-116/RJ;Sul;Abalroamento transversal;2;;;;;;;;;;;5;;;
16/02/2014;17:17:00;46;sem vítima;95,5;BR-116/RJ;Norte;Abalroamento longitudinal;2;;;;;;;;;;2;;;;
16/02/2014;10:25:00;18;com vítima;120,7;BR-116/RJ;Norte;Queda de moto;;;;1;;;;;;;;;1;;
16/02/2014;18:20:00;53;sem vítima;125,7;BR-116/RJ;Sul;Choque em objeto fixo;1;;1;;;;;;;;5;;;;
16/02/2014;13:45:00;24;sem vítima;131,85;BR-116/RJ;Sul;Derrapagem;1;;;;;;;;;;1;;;;
16/02/2014;19:26:00;59;com vítima;140,7;BR-116/RJ;Sul;Colisão traseira;3;;;;;;;;;;3;1;;;
16/02/2014;19:46:00;63;sem vítima;142,8;BR-116/RJ;Sul;Colisão traseira;2;;;;;;;;;;2;;;;
17/02/2014;16:18:00;37;com vítima;12,9;BR-116/RJ;Norte;Choque em objeto fixo;1;;;;;;;;;;;2;;;
17/02/2014;18:32:00;43;sem vítima;26,3;BR-116/RJ;Sul;Derrapagem;1;;;;;;;;;;1;;;;
17/02/2014;15:34:00;33;com vítima;49,9;BR-116/RJ;Sul;Colisão frontal;2;;;;;;;;;;;2;2;;
17/02/2014;12:37:00;26;com vítima;75;BR-116/RJ;Norte;Colisão traseira;1;;;;1;;;;;;10;2;;;
17/02/2014;19:00:00;45;sem vítima;91,05;BR-116/RJ;Sul;Derrapagem;1;;;;;;;;;;1;;;;
17/02/2014;06:30:00;11;com vítima;122,5;BR-116/RJ;Norte;Choque em objeto fixo;1;;;;;;;;;;;1;;;
18/02/2014;22:47:00;39;com vítima;29,2;BR-116/RJ;Norte;Choque em objeto fixo;;;1;;;;;;;;;;1;;
18/02/2014;20:09:00;35;com vítima;48,5;BR-116/RJ;Norte;Atropel. de pedestre atravessando;;;1;;;;;;;;1;;;1;
18/02/2014;13:23:00;14;com vítima;87,5;BR-116/RJ;Sul;Choque em objeto fixo;1;;;;;;;;;;;1;;;
19/02/2014;09:00:00;13;com vítima;107,2;BR-116/RJ;Norte;Derrapagem;1;;;;;;;;;;;4;;;
19/02/2014;17:00:00;26;com vítima;141,95;BR-116/RJ;Sul;Colisão traseira;1;;;;1;;;;;;6;;1;;
20/02/2014;15:35:00;27;sem vítima;93,4;BR-116/RJ;Sul;Choque em objeto fixo;1;;;;;;;;;;1;;;;
20/02/2014;06:20:00;3;com vítima;137,8;BR-116/RJ;Sul;Abalroamento longitudinal;1;;;1;1;;;;;;7;;1;;
20/02/2014;19:43:00;36;com vítima;143,4;BR-116/RJ;Sul;Colisão traseira;2;;;;;;;;;;1;2;;;
21/02/2014;20:45:00;51;com vítima;61;BR-116/RJ;Norte;Queda de moto;;;;1;;;;;;;;;1;;
21/02/2014;03:40:00;3;sem vítima;102,8;BR-116/RJ;Norte;Choque em objeto fixo;1;;;;;;;;;;4;;;;
21/02/2014;17:33:00;42;com vítima;128,3;BR-116/RJ;Norte;Colisão traseira;1;;;;1;;;;;;43;2;1;;
21/02/2014;20:08:00;50;com vítima;132,3;BR-116/RJ;Sul;Derrapagem;1;;;;;;;;;;1;;2;;
21/02/2014;17:01:00;40;com vítima;137;BR-116/RJ;Sul;Abalroamento transversal;1;;1;;;;;;;;1;;1;;
22/02/2014;15:07:00;35;com vítima;6,3;BR-116/RJ;Sul;Abalroamento longitudinal;1;;1;;;;;;;;;2;;;
22/02/2014;17:06:00;40;sem vítima;140,5;BR-116/RJ;Sul;Colisão traseira;1;;1;;;;;;;;3;;;;
22/02/2014;05:37:00;6;sem vítima;143,8;BR-116/RJ;Norte;Derrapagem;1;;;;;;;;;;1;;;;
23/02/2014;17:18:00;22;sem vítima;91,1;BR-116/RJ;Norte;Choque em objeto fixo;1;;;;;;;;;;1;;;;
23/02/2014;21:35:00;41;com vítima;128,5;BR-116/RJ;Norte;Choque em defensa;1;;;;;;;;;;1;;1;;
23/02/2014;04:57:00;6;sem vítima;142,6;BR-116/RJ;Sul;Choque em defensa;1;;;;;;;;;;1;;;;
23/02/2014;01:10:00;2;com vítima;143,8;BR-116/RJ;Norte;Choque em barreira New Jersey ;1;;;;;;;;;;1;1;;;
23/02/2014;02:10:00;3;com vítima;143,8;BR-116/RJ;Norte;Choque em barreira New Jersey ;1;;;;;;;;;;1;1;;;
23/02/2014;04:59:00;7;com vítima;143,8;BR-116/RJ;Norte;Choque em defensa;1;;;;;;;;;;;;3;;
23/02/2014;23:00:00;44;com vítima;143,8;BR-116/RJ;Norte;Choque em barreira New Jersey ;;;;1;;;;;;;;;1;;
24/02/2014;13:21:00;30;sem vítima;126,4;BR-116/RJ;Norte;Queda de carga;;;1;;;;;;;;1;;;;
24/02/2014;06:54:00;8;com vítima;133,7;BR-116/RJ;Norte;Colisão traseira;2;;;;;;;;;;2;1;;;
24/02/2014;13:05:00;25;sem vítima;141,8;BR-116/RJ;Sul;Colisão traseira;2;;;;;;;;;;2;;;;
25/02/2014;22:05:00;58;com vítima;142,5;BR-116/RJ;Norte;Colisão frontal;2;;;;;;;;;;;;2;;
25/02/2014;22:47:00;59;com vítima;143,8;BR-116/RJ;Norte;Choque em barreira New Jersey ;1;;;;;;;;;;;1;;;
26/02/2014;13:20:00;23;sem vítima;66,5;BR-116/RJ;Sul;Choque em objeto fixo;2;;;;;;;;;;2;;;;
26/02/2014;19:37:00;128,3;com vítima;128,3;BR-116/RJ;Norte;Queda de moto;;;;1;;;;;;;;1;;;
26/02/2014;16:20:00;130,7;com vítima;130,7;BR-116/RJ;Sul;Choque em objeto fixo;1;;;;;;;;;;;5;;;
26/02/2014;17:10:00;139;com vítima;139;BR-116/RJ;Norte;Colisão traseira;1;;;1;;;;;;;1;;2;;
26/02/2014;06:35:00;3;com vítima;143,8;BR-116/RJ;Sul;Colisão traseira;2;;;;2;;;;;;42;1;1;;
27/02/2014;14:05:00;32;sem vítima;98,8;BR-116/RJ;Norte;Abalroamento longitudinal;;;2;;;;;;;;4;;;;
28/02/2014;06:00:00;8;com vítima;29,8;BR-116/RJ;Norte;Colisão traseira;2;;;;;;;;;;;4;;;
28/02/2014;20:27:00;76;com vítima;46,9;BR-116/RJ;Norte;Colisão frontal;2;;;;;;;;;;;2;;;
28/02/2014;19:17:00;73;com vítima;75,2;BR-116/RJ;Sul;Choque em objeto fixo;1;;;;;;;;;;3;1;;;
28/02/2014;09:40:00;20;sem vítima;95,1;BR-116/RJ;Norte;Abalroamento longitudinal;2;;;;;;;;;;3;;;;
28/02/2014;17:39:00;66;sem vítima;125,4;BR-116/RJ;Norte;Choque em barreira New Jersey ;;;1;;;;;;;;1;;;;
28/02/2014;16:08:00;56;sem vítima;126,9;BR-116/RJ;Sul;Choque em veículo parado na pista;;;2;;;;;;;;2;;;;
28/02/2014;05:39:00;7;com vítima;130,2;BR-116/RJ;Sul;Capotamento;1;;;;;;;;;;;1;;;
28/02/2014;07:38:00;17;com vítima;131,05;BR-116/RJ;Norte;Abalroamento longitudinal;1;;;;1;;;;;;32;1;;;
28/02/2014;18:21:00;69;com vítima;138,25;BR-116/RJ;Sul;Choque em defensa;1;;;;;;;;;;2;2;;;
28/02/2014;18:21:00;68;sem vítima;138,3;BR-116/RJ;Sul;Colisão traseira;3;;;;;;;;;;3;;;;
01/03/2014;01:00:00;3;sem vítima;5,4;BR-116/RJ;Norte;Choque em objeto fixo;1;;;;;;;;;;4;;;;
01/03/2014;02:05:00;5;com vítima;5,5;BR-116/RJ;Sul;Choque em defensa;1;;;;;;;;;;;2;;;
01/03/2014;18:20:00;97;com vítima;13,2;BR-116/RJ;Norte;Abalroamento longitudinal;1;;;1;;;;;;;1;;2;;
01/03/2014;18:23:00;98;sem vítima;26,1;BR-116/RJ;Norte;Choque em objeto fixo;1;;;;;;;;;;1;;;;
01/03/2014;18:45:00;103;com vítima;26,2;BR-116/RJ;Sul;Capotamento;1;;;;;;;;;;;;2;;
01/03/2014;17:35:00;95;sem vítima;29,6;BR-116/RJ;Norte;Engavetamento;3;;;;;;;;;;8;;;;
01/03/2014;07:50:00;35;com vítima;32,4;BR-116/RJ;Norte;Capotamento;1;;;;;;;;;;1;;11;;
01/03/2014;09:03:00;40;com vítima;32,7;BR-116/RJ;Norte;Engavetamento;4;;;;;;;;;;11;4;;;
01/03/2014;18:31:00;99;com vítima;80,2;BR-116/RJ;Sul;Abalroamento transversal;1;;;1;;;;;;;1;;2;;
01/03/2014;02:04:00;7;sem vítima;82,2;BR-116/RJ;Sul;Choque em barreira New Jersey ;1;;;;;;;;;;1;;;;
01/03/2014;07:43:00;34;sem vítima;123,1;BR-116/RJ;Norte;Colisão traseira;2;;;;;;;;;;2;;;;
02/03/2014;22:19:00;68;com vítima;24;BR-116/RJ;Sul;Queda de moto;;;;1;;;;;;;;;;;1
02/03/2014;01:36:00;3;com vítima;100,9;BR-116/RJ;Sul;Choque em objeto fixo;2;;;;;;;;;;2;1;1;;
02/03/2014;06:10:00;10;com vítima;137,38;BR-116/RJ;Sul;Derrapagem;1;;;;;;;;;;1;1;;;
02/03/2014;01:28:00;2;sem vítima;140,5;BR-116/RJ;Norte;Atropelamento de animal;1;;;;;;;;;;2;;;;
03/03/2014;13:29:00;19;com vítima;27;BR-116/RJ;Sul;Derrapagem;1;;;;;;;;;;;1;;;
04/03/2014;10:16:00;8;com vítima;95,2;BR-116/RJ;Norte;Abalroamento longitudinal;2;;;;;;;;;;1;2;;;
04/03/2014;11:30:00;9;com vítima;96,2;BR-116/RJ;Norte;Abalroamento longitudinal;3;;;;;;;;;;8;1;;;
04/03/2014;16:42:00;4;sem vítima;99,1;BR-116/RJ;Norte;Abalroamento longitudinal;1;;;;;;;;;;5;;;;
04/03/2014;20:25:00;41;com vítima;137,1;BR-116/RJ;Sul;Colisão traseira;2;;;;;;;;;;;3;;;
05/03/2014;19:45:00;63;sem vítima;72,6;BR-116/RJ;Norte;Choque em objeto fixo;1;;;;;;;;;;1;;;;
05/03/2014;18:20:00;59;sem vítima;94;BR-116/RJ;Norte;Abalroamento longitudinal;;;2;;;;;;;;2;;;;
05/03/2014;02:49:00;7;com vítima;127,05;BR-116/RJ;Sul;Choque em objeto fixo;1;;;;;;;;;;1;1;;;
05/03/2014;01:01:00;2;com vítima;128,4;BR-116/RJ;Norte;Choque em objeto fixo;1;;;;;;;;;;3;4;1;;
05/03/2014;16:35:00;48;com vítima;131;BR-116/RJ;Sul;Colisão traseira;2;;;;;;;;;;5;1;;;
06/03/2014;17:05:00;43;com vítima;5,1;BR-116/RJ;Sul;Capotamento;1;;;;;;;;;;;1;;;
06/03/2014;21:07:00;52;com vítima;29,5;BR-116/RJ;Sul;Choque em barreira New Jersey ;1;;;;;;;;;;;3;;;
06/03/2014;14:47:00;35;com vítima;59,8;BR-116/RJ;Sul;Derrapagem;1;;;;;;;;;;1;1;;;
06/03/2014;13:57:00;30;com vítima;94,8;BR-116/RJ;Sul;Derrapagem;1;;;;;;;;;;;5;;;
07/03/2014;13:35:00;25;com vítima;5,15;BR-116/RJ;Norte;Choque em objeto fixo;1;;;;;;;;;;;1;;;
07/03/2014;23:03:00;56;sem vítima;108,6;BR-116/RJ;Norte;Abalroamento transversal;1;;;;1;;;;;;2;;;;
07/03/2014;16:52:00;36;com vítima;117,77;BR-116/RJ;Norte;Choque em objeto fixo;1;;;;;;;;;;;;1;;
07/03/2014;01:26:00;4;com vítima;126,5;BR-116/RJ;Norte;Choque em objeto fixo;2;;;;;;;;;;4;;1;;
08/03/2014;14:24:00;29;sem vítima;26,6;BR-116/RJ;Norte;Capotamento;1;;;;;;;;;;1;;;;
08/03/2014;02:31:00;5;sem vítima;87,1;BR-116/RJ;Sul;Colisão traseira;;;2;;;;;;;;2;;;;
08/03/2014;19:05:00;45;sem vítima;91,1;BR-116/RJ;Sul;Choque em objeto fixo;1;;;;;;;;;;1;;;;
08/03/2014;04:43:00;6;com vítima;111,05;BR-116/RJ;Sul;Colisão traseira;2;;;;;;;;;;;2;;;
08/03/2014;09:28:00;15;sem vítima;114,5;BR-116/RJ;Sul;Choque em objeto fixo;;;1;;;;;;;;1;;;;
08/03/2014;19:40:00;47;sem vítima;123,4;BR-116/RJ;Norte;Choque em defensa;1;;;;;;;;;;1;;;;
08/03/2014;16:28:00;37;sem vítima;125,5;BR-116/RJ;Norte;Choque em objeto fixo;1;;;;;;;;;;2;;;;
08/03/2014;05:24:00;7;sem vítima;126,2;BR-116/RJ;Sul;Choque em objeto fixo;2;;;;;;;;;;2;;;;
08/03/2014;05:54:00;8;com vítima;132,6;BR-116/RJ;Sul;Choque em objeto fixo;1;;;;;;;;;;;1;;;
09/03/2014;18:38:00;40;com vítima;45,1;BR-116/RJ;Sul;Colisão traseira;1;;;1;;;;;;;1;;2;;
09/03/2014;00:20:00;4;sem vítima;85,9;BR-116/RJ;Sul;Choque em barreira New Jersey ;1;;;;;;;;;;3;;;;
09/03/2014;19:01:00;41;com vítima;95,7;BR-116/RJ;Norte;Abalroamento longitudinal;2;;;;;;;;;;;3;;;
09/03/2014;00:41:00;5;sem vítima;96,3;BR-116/RJ;Sul;Choque em objeto fixo;1;;;;;;;;;;5;;;;
09/03/2014;06:17:00;8;com vítima;104,8;BR-116/RJ;Sul;Choque em defensa;1;;;;;;;;;;;;3;;
09/03/2014;16:45:00;32;sem vítima;110;BR-116/RJ;Sul;Atropelamento de animal;1;;;;;;;;;;1;;;;
09/03/2014;00:05:00;2;sem vítima;126;BR-116/RJ;Sul;Choque em objeto fixo;1;;;;;;;;;;1;;;;
09/03/2014;20:36:00;48;com vítima;131,3;BR-116/RJ;Sul;Queda de moto;;;;1;;;;;;;;;1;;
09/03/2014;00:20:00;1;com vítima;143,9;BR-116/RJ;Norte;Derrapagem;1;;;;;;;;;;;;1;;
10/03/2014;10:15:00;18;com vítima;58,1;BR-116/RJ;Norte;Derrapagem;1;;;;;;;;;;;;2;;
10/03/2014;10:45:00;20;sem vítima;91,15;BR-116/RJ;Norte;Colisão traseira;2;;;;;;;;;;2;;;;