data;horario;n_da_ocorrencia;tipo_de_ocorrencia;km;trecho;sentido;tipo_de_acidente;automovel;bicicleta;caminhao;moto;onibus;outros;tracao_animal;transporte_de_cargas_especiais;trator_maquinas;utilitarios;ilesos;levemente_feridos;moderadamente_feridos;gravemente_feridos;mortos
26/04/2014;19:20:00;43;com vítima;105,4;BR-116/RJ;Norte;Choque em defensa;2;;;;;;;;;;2;3;;;1
26/04/2014;10:54:00;15;com vítima;124;BR-116/RJ;Norte;Queda de moto;;;1;1;;;;;;;1;;1;;
27/04/2014;04:30:00;11;com vítima;91,2;BR-116/RJ;Sul;Choque em objeto fixo;1;;;;;;;;;;;4;;;
27/04/2014;00:42:00;2;com vítima;104,9;BR-116/RJ;Sul;Choque em defensa;1;;;;;;;;;;;1;;;
27/04/2014;02:10:00;6;com vítima;124,4;BR-116/RJ;Sul;Derrapagem;1;;;;;;;;;;1;;4;;
28/04/2014;09:00:00;12;com vítima;104,95;BR-116/RJ;Norte;Queda de Moto;;;;1;;;;;;;;;;1;
29/04/2014;21:34:00;41;sem vítima;132,9;BR-116/RJ;Sul;Derrapagem;1;;;;;;;;;;2;;;;
29/04/2014;18:06:00;37;com vítima;141,95;BR-116/RJ;Norte;Colisão frontal;1;;;1;;;;;;;1;1;;;
29/04/2014;14:20:00;24;sem vítima;142,8;BR-116/RJ;Norte;Choque em objeto fixo;1;;;;;;;;;;2;;;;
30/04/2014;13:29:00;31;com vítima;54,25;BR-116/RJ;Sul;Colisão traseira;2;;;;;;;;;;;5;;;
30/04/2014;19:23:00;46;sem vítima;98;BR-116/RJ;Norte;Derrapagem;1;;;;;;;;;;1;;;;
30/04/2014;18:50:00;45;com vítima;122,8;BR-116/RJ;Norte;Colisão traseira;1;;;;1;;;;;;17;1;;;
01/05/2014;20:37:00;55;com vítima;3,2;BR-116/RJ;Sul;Colisão frontal;2;;;;;;;;;;;;;4;1
01/05/2014;20:32:00;54;com vítima;133,5;BR-116/RJ;Norte;Colisão traseira;2;;;;;;;;;;;4;1;;
01/05/2014;08:29:00;7;com vítima;142,4;BR-116/RJ;Norte;Derrapagem;1;;;;;;;;;;;1;;;
02/05/2014;20:05:00;38;com vítima;67,8;BR-116/RJ;Norte;Capotamento;1;;;;;;;;;;;1;;;
02/05/2014;11:14:00;16;com vítima;104,8;BR-116/RJ;Sul;Colisão traseira;1;;1;;;;;;;;1;1;;;
02/05/2014;22:55:00;48;com vítima;106,95;BR-116/RJ;Norte;Colisão frontal;;1;;1;;;;;;;1;;;1;
02/05/2014;17:48:00;28;sem vítima;122;BR-116/RJ;Norte;Colisão traseira;;;2;;;;;;;;2;;;;
02/05/2014;07:15:00;9;com vítima;127,15;BR-116/RJ;Sul;Colisão traseira;2;;;;1;;;;;;;3;;;
03/05/2014;20:40:00;56;sem vítima;40,3;BR-116/RJ;Norte;Abalroamento longitudinal;2;;;;;;;;;;3;;;;
03/05/2014;21:07:00;58;com vítima;76,5;BR-116/RJ;Norte;Atropel. de pedestre caminhando;1;;;;;;;;;;1;;1;;
03/05/2014;18:14:00;42;sem vítima;108,7;BR-116/RJ;Norte;Derrapagem;1;;;;;;;;;;1;;;;
03/05/2014;03:34:00;2;com vítima;109,8;BR-116/RJ;Norte;Queda de moto;;;;1;;;;;;;;;1;;
03/05/2014;18:36:00;43;com vítima;111,5;BR-116/RJ;Norte;Queda de moto;;;;1;;;;;;;;;;;1
03/05/2014;14:34:00;23;com vítima;127;BR-116/RJ;Sul;Colisão traseira;;;;;2;;;;;;2;3;;;
03/05/2014;22:03:00;60;com vítima;127,5;BR-116/RJ;Sul;Colisão traseira;2;;;;;;;;;;2;;1;;
03/05/2014;06:29:00;6;sem vítima;137,4;BR-116/RJ;Norte;Colisão traseira;1;;1;;;;;;;;2;;;;
03/05/2014;13:35:00;21;com vítima;140,3;BR-116/RJ;Norte;Colisão traseira;2;;;;;;;;;;;4;;;
03/05/2014;16:04:00;30;sem vítima;143,45;BR-116/RJ;Sul;Choque em objeto fixo;1;;;;;;;;;;1;;;;
04/05/2014;11:05:00;12;sem vítima;96,4;BR-116/RJ;Norte;Choque em objeto fixo;;;1;;;;;;;;3;;;;
04/05/2014;14:46:00;26;com vítima;104;BR-116/RJ;Norte;Colisão traseira;2;;;;;;;;;;;3;;;
04/05/2014;19:06:00;42;com vítima;111;BR-116/RJ;Sul;Derrapagem;1;;;;;;;;;;;2;;;
05/05/2014;01:50:00;3;sem vítima;48,2;BR-116/RJ;Sul;Derrapagem;1;;;;;;;;;;1;;;;
05/05/2014;20:59:00;45;com vítima;59,1;BR-116/RJ;Sul;Derrapagem;1;;;;;;;;;;;1;;;
05/05/2014;04:05:00;4;com vítima;66,7;BR-116/RJ;Norte;Abalroamento longitudinal;1;;1;1;;;;;;;3;;1;;
06/05/2014;14:12:00;14;com vítima;104,1;BR-116/RJ;Norte;Colisão traseira;2;;;;;;;;;;;3;;;
06/05/2014;13:42:00;13;com vítima;106,8;BR-116/RJ;Norte;Abalroamento transversal;;1;;1;;;;;;;;2;;;
06/05/2014;16:18:00;23;sem vítima;118;BR-116/RJ;Norte;Queda de carga;;;1;;;;;;;;1;;;;
06/05/2014;16:18:00;24;sem vítima;118;BR-116/RJ;Norte;Choque em defensa;1;;;;;;;;;;1;;;;
06/05/2014;16:18:00;25;sem vítima;118;BR-116/RJ;Norte;Choque em defensa;1;;;;;;;;;;1;;;;
06/05/2014;15:45:00;21;sem vítima;140,75;BR-116/RJ;Sul;Queda de carga;;;1;;;;;;;;1;;;;
07/05/2014;18:24:00;39;com vítima;140,9;BR-116/RJ;Sul;Abalroamento longitudinal;;1;;;1;;;;;;19;1;;;
07/05/2014;07:57:00;7;sem vítima;144;BR-116/RJ;Sul;Abalroamento longitudinal;;;2;;;;;;;;2;;;;
07/05/2014;19:03:00;41;sem vítima;144;BR-116/RJ;Sul;Colisão traseira;2;;;;;;;;;;2;;;;
08/05/2014;14:16:00;31;com vítima;95,2;BR-116/RJ;Norte;Abalroamento longitudinal;2;;;;;;;;;;1;1;;;
08/05/2014;03:26:00;2;com vítima;122,7;BR-116/RJ;Norte;Atropel. de pedestre atravessando;1;;;;;;;;;;1;;;;1
08/05/2014;18:32:00;52;sem vítima;142,5;BR-116/RJ;Sul;Abalroamento longitudinal;2;;;;;;;;;;2;;;;
09/05/2014;21:28:00;57;sem vítima;28,9;BR-116/RJ;Norte;Colisão traseira;;;2;;;;;;;;2;;;;
09/05/2014;11:20:00;17;com vítima;38,9;BR-116/RJ;Sul;Abalroamento longitudinal;2;;;;;;;;;;1;2;1;;
09/05/2014;08:00:00;8;com vítima;73,2;BR-116/RJ;Norte;Choque em objeto fixo;1;;;;;;;;;;;;2;;
09/05/2014;19:00:00;46;sem vítima;104,8;BR-116/RJ;Norte;Choque em objeto fixo;1;;;;;;;;;;1;;;;
09/05/2014;20:10:00;51;sem vítima;104,9;BR-116/RJ;Norte;Choque em objeto fixo;1;;;;;;;;;;1;;;;
09/05/2014;09:35:00;13;com vítima;119,3;BR-116/RJ;Sul;Derrapagem;1;;;;;;;;;;;;1;;
09/05/2014;17:20:00;41;com vítima;122,3;BR-116/RJ;Sul;Atropelamento de animal;;;;1;;;;;;;;2;;;
09/05/2014;22:21:00;61;sem vítima;143,7;BR-116/RJ;Sul;Choque em objeto fixo;1;;;;;;;;;;1;;;;
10/05/2014;11:53:00;15;com vítima;6,3;BR-116/RJ;Sul;Abalroamento longitudinal;1;;1;;;;;;;;;3;;;
10/05/2014;00:25:00;1;com vítima;101,2;BR-116/RJ;Sul;Derrapagem;;;1;;;;;;;;;1;;;
10/05/2014;01:32:00;3;sem vítima;125,5;BR-116/RJ;Sul;Choque em objeto fixo;1;;;;;;;;;;1;;;;
11/05/2014;07:14:00;10;sem vítima;88,8;BR-116/RJ;Norte;Choque em objeto fixo;1;;;;;;;;;;4;;;;
11/05/2014;08:35:00;11;sem vítima;115,5;BR-116/RJ;Norte;Colisão traseira;2;;;;;;;;;;2;;;;
11/05/2014;07:13:00;9;sem vítima;125,4;BR-116/RJ;Norte;Choque em objeto fixo;1;;;;;;;;;;2;;;;
11/05/2014;02:03:00;5;sem vítima;133,5;BR-116/RJ;Sul;Choque em objeto fixo;;;1;;;;;;;;1;;;;
11/05/2014;00:36:00;4;com vítima;139,4;BR-116/RJ;Sul;Colisão traseira;5;;;;;;;;;;4;;5;;
11/05/2014;18:08:00;45;com vítima;142,2;BR-116/RJ;Sul;Colisão traseira;3;;;;;;;;;;2;2;;;
11/05/2014;18:02:00;44;sem vítima;143,4;BR-116/RJ;Sul;Colisão traseira;2;;;;;;;;;;5;;;;
11/05/2014;19:13:00;52;com vítima;143,45;BR-116/RJ;Sul;Colisão traseira;2;;;;;;;;;;6;1;;;
12/05/2014;18:53:00;59;com vítima;29,9;BR-116/RJ;Sul;Capotamento;;;1;;;;;;;;;1;;;
12/05/2014;07:50:00;14;sem vítima;40,2;BR-116/RJ;Sul;Atropelamento de animal;1;;;;;;;;;;1;;;;
12/05/2014;09:26:00;17;com vítima;99,4;BR-116/RJ;Sul;Colisão traseira;4;;;;;;;;;;6;1;;;
12/05/2014;14:17:00;37;com vítima;105,5;BR-116/RJ;Norte;Queda de moto;;;;1;;;;;;;;1;;;
12/05/2014;21:14:00;69;sem vítima;130;BR-116/RJ;Norte;Abalroamento longitudinal;1;;;;1;;;;;;4;;;;
12/05/2014;16:43:00;47;com vítima;132,95;BR-116/RJ;Sul;Choque em defensa;1;;;;;;;;;;;4;;;
12/05/2014;20:44:00;67;com vítima;137,9;BR-116/RJ;Norte;Atropel. de pedestre atravessando;1;;;;;;;;;;1;;;;1
12/05/2014;05:04:00;7;sem vítima;139,7;BR-116/RJ;Sul;Colisão traseira;1;;1;;;;;;;;10;;;;
12/05/2014;04:54:00;6;com vítima;140,15;BR-116/RJ;Sul;Choque em objeto fixo;;;1;;;;;;;;;1;;;
12/05/2014;13:04:00;34;sem vítima;142,8;BR-116/RJ;Norte;Colisão traseira;2;;;;;;;;;;2;;;;
12/05/2014;04:35:00;5;sem vítima;143,9;BR-116/RJ;Sul;Choque em objeto fixo;1;;;;;;;;;;2;;;;
12/05/2014;19:29:00;61;sem vítima;143,9;BR-116/RJ;Sul;Colisão traseira;1;;1;;;;;;;;2;;;;
13/05/2014;18:41:00;38;com vítima;109,2;BR-116/RJ;Sul;Queda de moto;;;;1;;;;;;;;;2;;
14/05/2014;07:19:00;3;com vítima;17,9;BR-116/RJ;Sul;Derrapagem;;;1;;;;;;;;;;1;;
14/05/2014;18:10:00;41;com vítima;76;BR-116/RJ;Sul;Colisão frontal;1;;;1;;;;;;;1;;1;;
14/05/2014;10:24:00;17;com vítima;124,95;BR-116/RJ;Sul;Capotamento;1;;;;;;;;;;;;;;1
14/05/2014;13:00:00;27;sem vítima;127,1;BR-116/RJ;Norte;Abalroamento transversal;1;;1;;;;;;;;2;;;;
14/05/2014;10:58:00;16;sem vítima;143,8;BR-116/RJ;Sul;Abalroamento longitudinal;1;;1;;;;;;;;2;;;;
15/05/2014;18:13:00;35;sem vítima;7,2;BR-116/RJ;Norte;Atropelamento de animal;1;;;;;;;;;;1;;;;
15/05/2014;05:19:00;6;com vítima;142;BR-116/RJ;Sul;Colisão traseira;1;;;1;;;;;;;1;;;1;1
15/05/2014;05:19:00;7;sem vítima;142;BR-116/RJ;Sul;Colisão traseira;2;;;;1;;;;;;3;;;;
16/05/2014;08:26:00;9;com vítima;122,1;BR-116/RJ;Sul;Colisão traseira;1;;1;;;;;;;;;4;;;
16/05/2014;07:16:00;6;com vítima;136,7;BR-116/RJ;Norte;Queda de moto;;;;1;;;;;;;1;1;;;
16/05/2014;12:03:00;23;sem vítima;137,2;BR-116/RJ;Sul;Abalroamento longitudinal;;;2;;;;;;;;2;;;;
16/05/2014;10:49:00;20;com vítima;141,82;BR-116/RJ;Norte;Derrapagem;;;1;;;;;;;;;1;;;
17/05/2014;19:15:00;51;com vítima;95,1;BR-116/RJ;Sul;Colisão frontal;2;;;;;;;;;;1;3;1;;
17/05/2014;19:21:00;54;com vítima;104,3;BR-116/RJ;Norte;Abalroamento transversal;2;;;;;;;;;;1;;2;;
17/05/2014;19:17:00;53;sem vítima;125,5;BR-116/RJ;Sul;Colisão traseira;2;;;;;;;;;;3;;;;
17/05/2014;20:16:00;56;com vítima;130,3;BR-116/RJ;Sul;Choque em defensa;1;;;;;;;;;;;1;;;
18/05/2014;09:34:00;6;com vítima;25,9;BR-116/RJ;Norte;Queda de moto; ;;1;1;;;;;;;1;;;;2
18/05/2014;14:14:00;19;com vítima;54,07;BR-116/RJ;Sul;Abalroamento transversal;2;;;;;;;;;;;7;1;;
18/05/2014;22:42:00;53;com vítima;93,1;BR-116/RJ;Sul;Capotamento;;;1;;;;;;;;;1;;;
18/05/2014;05:30:00;3;sem vítima;97,1;BR-116/RJ;Norte;Derrapagem;1;;;;;;;;;;4;;;;
18/05/2014;17:50:00;32;sem vítima;106;BR-116/RJ;Sul;Colisão traseira;2;;;;;;;;;;3;;;;
18/05/2014;10:40:00;10;sem vítima;125,99;BR-116/RJ;Norte;Choque em objeto fixo;1;;;;;;;;;;1;;;;
18/05/2014;02:06:00;2;com vítima;129;BR-116/RJ;Sul;Abalroamento longitudinal; ;;;2;;;;;;;;;3;;
20/05/2014;06:19:00;6;com vítima;74,55;BR-116/RJ;Sul;Abalroamento longitudinal;;1;1;;;;;;;;1;;1;;
20/05/2014;00:31:00;1;com vítima;99,35;BR-116/RJ;Sul;Choque em objeto fixo;;;1;;;;;;;;;2;;;
20/05/2014;14:14:00;34;sem vítima;130,5;BR-116/RJ;Norte;Abalroamento longitudinal;1;;;;1;;;;;;32;;;;
22/05/2014;03:15:00;2;sem vítima;141,7;BR-116/RJ;Norte;Colisão traseira;1;;;;1;;;;;;2;;;;
23/05/2014;17:52:00;34;com vítima;29,8;BR-116/RJ;Norte;Derrapagem;2;;;;;;;;;;;2;;;
23/05/2014;14:21:00;27;com vítima;92,1;BR-116/RJ;Sul;Derrapagem;1;;;;;;;;;;1;;1;;
24/05/2014;08:06:00;14;com vítima;38,1;BR-116/RJ;Sul;Abalroamento transversal;2;;;;;;;;;;;1;1;;
24/05/2014;06:48:00;12;com vítima;48,3;BR-116/RJ;Sul;Derrapagem;1;;;;;;;;;;;;1;;
24/05/2014;05:40:00;8;com vítima;106,5;BR-116/RJ;Norte;Choque em objeto fixo;1;;;;;;;;;;;;1;;
24/05/2014;19:25:00;56;com vítima;113,7;BR-116/RJ;Norte;Choque em objeto fixo;1;;;;;;;;;;;2;;;
24/05/2014;23:49:00;62;sem vítima;136,5;BR-116/RJ;Sul;Atropelamento de animal;1;;;;;;;;;;1;;;;
25/05/2014;19:50:00;37;com vítima;46,1;BR-116/RJ;Sul;Abalroamento longitudinal;1;;;1;;;;;;;1;1;;;
25/05/2014;20:27:00;106,05;com vítima;106,05;BR-116/RJ;Norte;Abalroamento longitudinal;2;;;;;;;;;;;2;;;
25/05/2014;10:58:00;12;sem vítima;133,5;BR-116/RJ;Norte;Colisão traseira;2;;;;;;;;;;6;;;;
25/05/2014;21:28:00;139,8;com vítima;139,8;BR-116/RJ;Norte;Choque em defensa;1;;;;;;;;;;;1;;;
26/05/2014;08:16:00;11;com vítima;5,5;BR-116/RJ;Norte;Derrapagem;1;;;;;;;;;;;1;;;
26/05/2014;08:34:00;12;com vítima;49,7;BR-116/RJ;Norte;Derrapagem;1;;;;;;;;;;;1;;;
26/05/2014;18:10:00;39;sem vítima;138,4;BR-116/RJ;Sul;Choque em objeto fixo;1;;;;;;;;;;1;;;;
27/05/2014;02:49:00;3;com vítima;98,8;BR-116/RJ;Norte;Derrapagem;1;;;;;;;;;;;3;1;;
27/05/2014;08:22:00;17;com vítima;108,7;BR-116/RJ;Sul;Derrapagem;1;;;;;;;;;;;;1;;
27/05/2014;11:55:00;23;sem vítima;122,5;BR-116/RJ;Norte;Colisão traseira;1;;1;;;;;;;;9;;;;
28/05/2014;04:15:00;5;com vítima;78,7;BR-116/RJ;Sul;Abalroamento longitudinal;2;;1;;;;;;;;1;2;;;
28/05/2014;13:11:00;23;com vítima;93,6;BR-116/RJ;Norte;Derrapagem;1;;;;;;;;;;;1;;;
28/05/2014;13:21:00;25;com vítima;113,7;BR-116/RJ;Sul;Abalroamento longitudinal;;;2;;;;;;;;1;1;;;
28/05/2014;09:38:00;14;sem vítima;125,5;BR-116/RJ;Norte;Choque em objeto fixo;;;1;;;;;;;;1;;;;
28/05/2014;15:26:00;26;sem vítima;125,7;BR-116/RJ;Norte;Choque em objeto fixo;1;;;1;;;;;;;2;;;;
28/05/2014;10:25:00;17;sem vítima;133,5;BR-116/RJ;Sul;Colisão traseira;;;2;;;;;;;;2;;;;
29/05/2014;07:48:00;11;sem vítima;142,6;BR-116/RJ;Sul;Colisão traseira;1;;1;;;;;;;;2;;;;
29/05/2014;07:25:00;10;com vítima;142,95;BR-116/RJ;Sul;Colisão traseira;4;;;1;;;;;;;4;;1;;
30/05/2014;21:45:00;46;sem vítima;120,5;BR-116/RJ;Norte;Abalroamento longitudinal;2;;;;;;;;;;4;;;;
30/05/2014;12:05:00;23;sem vítima;131,05;BR-116/RJ;Sul;Colisão traseira;1;;1;;;;;;;;5;;;;
30/05/2014;15:46:00;29;sem vítima;134,7;BR-116/RJ;Norte;Choque em objeto fixo;1;;;;;;;;;;1;;;;
31/05/2014;11:33:00;25;sem vítima;107,75;BR-116/RJ;Sul;Choque em barreira New Jersey ;1;;;;;;;;;;3;;;;
31/05/2014;20:36:00;53;sem vítima;109,8;BR-116/RJ;Sul;Atropelamento de animal;1;;;;;;;;;;1;;;;
01/06/2014;23:23:00;56;com vítima;49,8;BR-116/RJ;Sul;Colisão frontal;2;;;;;;;;;;;3;;2;1
01/06/2014;03:39:00;3;com vítima;87,3;BR-116/RJ;Sul;Capotamento;1;;;;;;;;;;;;1;;
01/06/2014;17:38:00;47;sem vítima;102,9;BR-116/RJ;Sul;Colisão traseira;2;;;;;;;;;;2;;;;
02/06/2014;03:45:00;3;com vítima;31,1;BR-116/RJ;Sul;Derrapagem;1;;;;;;;;;;;1;;;
02/06/2014;06:00:00;6;sem vítima;40,5;BR-116/RJ;Norte;Derrapagem;;;1;;;;;;;;1;;;;
02/06/2014;13:45:00;25;com vítima;76,6;BR-116/RJ;Norte;Abalroamento transversal;1;;;1;;;;;;;1;;1;;
02/06/2014;00:00:00;22;sem vítima;133,5;BR-116/RJ;Norte;Abalroamento longitudinal;1;;1;;;;;;;;2;;;;
03/06/2014;09:22:00;13;com vítima;29,1;BR-116/RJ;Norte;Derrapagem;;;1;;;;;;;;;;;;1
03/06/2014;20:04:00;47;com vítima;125,6;BR-116/RJ;Norte;Queda de moto;;;;1;;;;;;;;1;;;
03/06/2014;06:14:00;8;sem vítima;138,4;BR-116/RJ;Sul;Colisão traseira;1;;1;;;;;;;;2;;;;
04/06/2014;13:53:00;16;sem vítima;104,4;BR-116/RJ;Norte;Choque em objeto fixo;1;;;;;;;;;;2;;;;
04/06/2014;08:44:00;7;sem vítima;139,8;BR-116/RJ;Norte;Abalroamento longitudinal;2;;;;;;;;;;7;;;;
05/06/2014;19:35:00;46;sem vítima;37,5;BR-116/RJ;Sul;Abalroamento transversal;2;;;;;;;;;;2;;;;
05/06/2014;18:50:00;45;sem vítima;80,2;BR-116/RJ;Norte;Colisão traseira;2;;;;;;;;;;2;;;;
05/06/2014;14:17:00;32;sem vítima;104,85;BR-116/RJ;Sul;Abalroamento transversal;1;;1;;;;;;;;2;;;;
05/06/2014;11:18:00;24;sem vítima;128,45;BR-116/RJ;Sul;Choque em objeto fixo;1;;;;;;;;;;1;;;;
05/06/2014;10:45:00;23;sem vítima;131,95;BR-116/RJ;Norte;Abalroamento longitudinal;1;;1;;;;;;;;2;;;;
06/06/2014;16:40:00;30;com vítima;65,1;BR-116/RJ;Sul;Derrapagem;;;1;;;;;;;;;2;;;
06/06/2014;16:35:00;29;sem vítima;127,9;BR-116/RJ;Sul;Choque em objeto fixo;1;;;;;;;;;;1;;;;
06/06/2014;04:48:00;2;sem vítima;133,5;BR-116/RJ;Sul;Colisão traseira;1;;1;;;;;;;;7;;;;
07/06/2014;15:50:00;42;com vítima;39,4;BR-116/RJ;Norte;Derrapagem;1;;;;;;;;;;;;1;;
07/06/2014;17:46:00;50;com vítima;72,5;BR-116/RJ;Norte;Colisão traseira;1;;1;;;;;;;;2;;1;;
07/06/2014;10:04:00;20;sem vítima;102,6;BR-116/RJ;Norte;Abalroamento longitudinal;2;;;;;;;;;;4;;;;
07/06/2014;04:20:00;7;com vítima;125,5;BR-116/RJ;Norte;Choque em objeto fixo;1;;;;;;;;;;1;;1;;
07/06/2014;17:17:00;47;sem vítima;131;BR-116/RJ;Norte;Choque em objeto fixo;1;;;;;;;;;;2;;;;
07/06/2014;19:33:00;56;sem vítima;132,6;BR-116/RJ;Sul;Choque em defensa;1;;;;;;;;;;1;;;;
07/06/2014;15:25:00;38;sem vítima;143,55;BR-116/RJ;Sul;Colisão traseira;2;;;;;;;;;;2;;;;
08/06/2014;10:48:00;12;com vítima;106,3;BR-116/RJ;Norte;Colisão traseira;3;;;;;;;;;;12;1;;;
08/06/2014;20:44:00;46;sem vítima;136,1;BR-116/RJ;Sul;Choque em objeto fixo;1;;;;;;;;;;4;;;;
08/06/2014;17:48:00;40;sem vítima;143,5;BR-116/RJ;Sul;Colisão traseira;2;;;;;;;;;;2;;;;
09/06/2014;19:55:00;57;com vítima;17,8;BR-116/RJ;Sul;Derrapagem;1;;;;;;;;;;;2;;;
09/06/2014;11:28:00;26;sem vítima;77,3;BR-116/RJ;Sul;Atropel. de pedestre atravessando;1;;;;;;;;;;1;;;;
09/06/2014;18:27:00;52;com vítima;90;BR-116/RJ;Sul;Capotamento;1;;;;;;;;;;;2;;;
09/06/2014;17:52:00;50;com vítima;94,8;BR-116/RJ;Norte;Derrapagem;1;;;;;;;;;;;2;;;
09/06/2014;19:39:00;56;sem vítima;133,5;BR-116/RJ;Sul;Abalroamento transversal;1;;;1;;;;;;;3;;;;
09/06/2014;05:35:00;4;sem vítima;137,6;BR-116/RJ;Sul;Abalroamento longitudinal;1;;;;1;;;;;;35;;;;
09/06/2014;17:36:00;47;sem vítima;140,9;BR-116/RJ;Sul;Choque em objeto fixo;1;;;;;;;;;;1;;;;
10/06/2014;23:49:00;54;sem vítima;7,5;BR-116/RJ;Norte;Choque em objeto fixo;;;1;;;;;;;;1;;;;
10/06/2014;13:47:00;30;com vítima;47,6;BR-116/RJ;Sul;Capotamento;;;1;;;;;;;;;1;;;
10/06/2014;11:25:00;21;sem vítima;53,4;BR-116/RJ;Sul;Derrapagem;1;;;;;;;;;;1;;;;
10/06/2014;01:11:00;1;sem vítima;79;BR-116/RJ;Norte;Derrapagem;1;;;;;;;;;;1;;;;
10/06/2014;05:26:00;8;sem vítima;85,2;BR-116/RJ;Sul;Derrapagem;1;;;;;;;;;;1;;;;
10/06/2014;14:40:00;37;com vítima;104,7;BR-116/RJ;Sul;Derrapagem;1;;;;;;;;;;1;1;;;
10/06/2014;18:35:00;43;com vítima;107,4;BR-116/RJ;Sul;Colisão frontal;1;;;1;;;;;;;1;;1;;
10/06/2014;17:30:00;40;sem vítima;122;BR-116/RJ;Sul;Colisão traseira;1;;1;;;;;;;;2;;;;
10/06/2014;13:25:00;29;sem vítima;125,3;BR-116/RJ;Sul;Derrapagem;;;1;;;;;;;;1;;;;
10/06/2014;13:00:00;28;sem vítima;125,5;BR-116/RJ;Norte;Queda de carga;;;1;;;;;;;;1;;;;
10/06/2014;15:30:00;34;sem vítima;125,5;BR-116/RJ;Norte;Colisão traseira;2;;;;;;;;;;2;;;;
10/06/2014;22:08:00;51;com vítima;126,2;BR-116/RJ;Sul;Choque em objeto fixo;1;;;;;;;;;;;1;;;
10/06/2014;16:23:00;39;com vítima;133,5;BR-116/RJ;Norte;Colisão traseira;1;;1;;;;;;;;1;2;1;;
10/06/2014;05:39:00;9;sem vítima;142,5;BR-116/RJ;Sul;Abalroamento longitudinal;2;;;;;;;;;;2;;;;
11/06/2014;19:53:00;50;sem vítima;80,1;BR-116/RJ;Norte;Abalroamento transversal;2;;;;;;;;;;2;;;;
11/06/2014;09:35:00;20;sem vítima;94;BR-116/RJ;Norte;Abalroamento longitudinal;2;;;;;;;;;;2;;;;
11/06/2014;13:07:00;25;com vítima;102,3;BR-116/RJ;Sul;Colisão frontal;1;;;1;;;;;;;;3;1;;
11/06/2014;15:50:00;33;com vítima;102,3;BR-116/RJ;Sul;Abalroamento transversal;2;;;;;;;;;;;2;;;
11/06/2014;15:19:00;30;com vítima;137,7;BR-116/RJ;Norte;Atropel. de pedestre atravessando;1;;;;;;;;;;1;;;1;
13/06/2014;12:37:00;33;com vítima;26,2;BR-116/RJ;Sul;Choque em objeto fixo;1;;;;;;;;;;;1;;;
13/06/2014;06:51:00;11;sem vítima;26,4;BR-116/RJ;Sul;Derrapagem;1;;;;;;;;;;2;;;;
13/06/2014;10:08:00;20;sem vítima;35,1;BR-116/RJ;Norte;Derrapagem;1;;;;;;;;;;1;;;;
13/06/2014;08:19:00;15;sem vítima;67;BR-116/RJ;Sul;Choque em objeto fixo;1;;;;;;;;;;1;;;;
13/06/2014;00:25:00;2;com vítima;108,85;BR-116/RJ;Norte;Queda de moto;;;;1;;;;;;;;1;;1;
13/06/2014;12:31:00;31;sem vítima;133;BR-116/RJ;Sul;Colisão traseira;3;;;;;;;;;;3;;;;
13/06/2014;16:00:00;40;com vítima;139,8;BR-116/RJ;Norte;Queda de moto;1;;;;;;;;;;;1;;;
13/06/2014;11:36:00;27;sem vítima;144;BR-116/RJ;Sul;Choque em objeto fixo;1;;;;;;;;;;1;;;;
14/06/2014;22:13:00;50;com vítima;60,4;BR-116/RJ;Norte;Abalroamento transversal;1;;;1;;;;;;;1;;1;;
14/06/2014;17:46:00;40;com vítima;74,8;BR-116/RJ;Sul;Colisão frontal;1;;;;;;;;;1;;3;5;;
14/06/2014;15:44:00;37;com vítima;104,5;BR-116/RJ;Norte;Abalroamento transversal;2;;;;;;;;;;1;2;2;;
14/06/2014;12:48:00;26;sem vítima;126,7;BR-116/RJ;Sul;Choque em objeto fixo;1;;;;;;;;;;1;;;;
15/06/2014;20:12:00;53;com vítima;27,3;BR-116/RJ;Norte;Abalroamento longitudinal;1;;1;;;;;;;;1;2;;;
15/06/2014;15:20:00;29;com vítima;136,5;BR-116/RJ;Sul;Atropel. de pedestre atravessando;1;;;;;;;;;;1;1;;;
15/06/2014;07:01:00;10;sem vítima;137,8;BR-116/RJ;Sul;Abalroamento longitudinal;2;;;;;;;;;;2;;;;
16/06/2014;15:55:00;40;sem vítima;122,1;BR-116/RJ;Sul;Abalroamento longitudinal;1;;1;;;;;;;;2;;;;
16/06/2014;05:30:00;6;sem vítima;143,7;BR-116/RJ;Sul;Colisão traseira;;;1;;2;;;;;;3;;;;
17/06/2014;00:52:00;3;com vítima;93,8;BR-116/RJ;Sul;Colisão traseira;;;2;;;;;;;;1;2;;;
18/06/2014;20:57:00;44;sem vítima;4,2;BR-116/RJ;Norte;Choque em objeto fixo;1;;;;;;;;;;3;;;;
18/06/2014;21:40:00;46;sem vítima;20,25;BR-116/RJ;Sul;Atropelamento de animal;1;;;;;;;;;;4;;;;
18/06/2014;15:05:00;19;com vítima;57,4;BR-116/RJ;Sul;Abalroamento longitudinal;1;;1;;;;;;;;;2;1;;
18/06/2014;20:24:00;41;com vítima;102,4;BR-116/RJ;Norte;Queda de moto;;;;1;;;;;;;;;1;;
18/06/2014;19:00:00;38;com vítima;103,3;BR-116/RJ;Norte;Choque em objeto fixo;1;;;;;;;;;;;1;;;