data;horario;n_da_ocorrencia;tipo_de_ocorrencia;km;trecho;sentido;tipo_de_acidente;automovel;bicicleta;caminhao;moto;onibus;outros;tracao_animal;transporte_de_cargas_especiais;trator_maquinas;utilitarios;ilesos;levemente_feridos;moderadamente_feridos;gravemente_feridos;mortos
18/06/2014;10:24:00;7;com vítima;143,3;BR-116/RJ;Norte;Colisão traseira;4;;;;;;;;;;3;1;;;
19/06/2014;15:35:00;32;sem vítima;40,4;BR-116/RJ;Sul;Abalroamento transversal;2;;;;;;;;;;6;;;;
19/06/2014;18:46:00;40;com vítima;83,5;BR-116/RJ;Sul;Colisão frontal;1;;;;;;;;;1;1;;;1;
19/06/2014;00:12:00;1;sem vítima;93,4;BR-116/RJ;Sul;Abalroamento longitudinal;2;;;;;;;;;;5;;;;
19/06/2014;22:35:00;46;com vítima;101,8;BR-116/RJ;Sul;Queda de moto;;;;1;;;;;;;;;1;;
19/06/2014;15:55:00;33;sem vítima;123,25;BR-116/RJ;Norte;Choque em objeto fixo;1;;;;;;;;;;1;;;;
20/06/2014;20:23:00;41;com vítima;1,8;BR-116/RJ;Sul;Abalroamento transversal;1;;;1;;;;;;;;3;;1;
20/06/2014;16:27:00;26;com vítima;121;BR-116/RJ;Sul;Abalroamento longitudinal;1;;;1;;;;;;;1;;1;;
20/06/2014;19:25:00;38;com vítima;131,95;BR-116/RJ;Sul;Queda de moto;;;;1;;;;;;;;;2;;
20/06/2014;09:19:00;8;sem vítima;143,7;BR-116/RJ;Sul;Abalroamento longitudinal;1;;1;;;;;;;;2;;;;
22/06/2014;05:13:00;5;com vítima;55,8;BR-116/RJ;Sul;Choque em objeto fixo;1;;;;;;;;;;;2;;;
22/06/2014;09:20:00;14;com vítima;63,1;BR-116/RJ;Sul;Abalroamento longitudinal;1;;;;1;;;;;;10;6;;;
23/06/2014;16:24:00;32;com vítima;32,05;BR-116/RJ;Norte;Colisão frontal;1;;1;;;;;;;;1;;1;3;1
23/06/2014;08:26:00;9;com vítima;47,6;BR-116/RJ;Norte;Abalroamento transversal;2;;;;;;;;;;;6;;;
23/06/2014;08:18:00;8;com vítima;68;BR-116/RJ;Norte;Queda de moto;;;1;1;;;;;;;1;;;1;
23/06/2014;16:29:00;33;com vítima;72,8;BR-116/RJ;Sul;Queda de moto;;;;1;;;;;;;;2;;;
23/06/2014;06:29:00;5;sem vítima;94,15;BR-116/RJ;Sul;Capotamento;;;1;;;;;;;;1;;;;
23/06/2014;16:33:00;34;com vítima;125,5;BR-116/RJ;Sul;Queda de moto;;;;1;;;;;;;;2;;;
24/06/2014;08:10:00;6;com vítima;136,7;BR-116/RJ;Norte;Queda de moto;;;;1;;;;;;;;1;;;
24/06/2014;11:10:00;13;sem vítima;142,5;BR-116/RJ;Sul;Abalroamento longitudinal;2;;;;;;;;;;2;;;;
25/06/2014;06:44:00;5;com vítima;80,7;BR-116/RJ;Sul;Abalroamento longitudinal;;;2;;;;;;;;;3;;;
25/06/2014;07:42:00;8;com vítima;125,4;BR-116/RJ;Sul;Capotamento;;;1;;;;;;;;;;1;;
25/06/2014;17:46:00;32;com vítima;129;BR-116/RJ;Sul;Choque em objeto fixo;;;2;;;;;;;;1;1;;;
25/06/2014;20:55:00;38;com vítima;143,9;BR-116/RJ;Sul;Capotamento;;;1;;;;;;;;;;;;2
26/06/2014;05:42:00;4;com vítima;91,2;BR-116/RJ;Sul;Choque em objeto fixo;1;;;;;;;;;;;1;;;
26/06/2014;09:29:00;6;sem vítima;104,2;BR-116/RJ;Norte;Abalroamento transversal;2;;;;;;;;;;6;;;;
26/06/2014;18:13:00;24;sem vítima;126,3;BR-116/RJ;Sul;Abalroamento longitudinal;1;;1;;;;;;;;3;;;;
26/06/2014;19:55:00;31;com vítima;135,1;BR-116/RJ;Sul;Abalroamento transversal;1;1;;;;;;;;;1;;1;;
27/06/2014;14:50:00;22;sem vítima;43,5;BR-116/RJ;Norte;Colisão traseira;;;2;;;;;;;;2;;;;
27/06/2014;21:51:00;45;com vítima;77;BR-116/RJ;Sul;Atropel. de pedestre caminhando;1;;;;;;;;;;1;;1;;
27/06/2014;10:26:00;11;sem vítima;133,4;BR-116/RJ;Sul;Colisão traseira;1;;1;;;;;;;;2;;;;
27/06/2014;17:44:00;31;com vítima;142,4;BR-116/RJ;Sul;Choque em objeto fixo;1;;1;;;;;;;;1;2;;;
27/06/2014;18:21:00;33;com vítima;142,9;BR-116/RJ;Norte;Colisão traseira;3;;;;;;;;;;3;1;1;;
28/06/2014;12:00:00;16;com vítima;72,4;BR-116/RJ;Sul;Queda de moto;;;;1;;;;;;;;2;;;
28/06/2014;12:00:00;16;com vítima;72,4;BR-116/RJ;Sul;Queda de moto;;;;1;;;;;;;;2;;;
28/06/2014;19:35:00;21;com vítima;89,7;BR-116/RJ;Sul;Queda de moto;;;;1;;;;;;;;1;;;
28/06/2014;06:44:00;9;com vítima;104,5;BR-116/RJ;Norte;Choque em objeto fixo;1;;;;;;;;;;;2;;;
29/06/2014;17:51:00;56;sem vítima;70,6;BR-116/RJ;Norte;Colisão traseira;2;;;;;;;;;;6;;;;
29/06/2014;06:30:00;10;sem vítima;104,4;BR-116/RJ;Sul;Choque em objeto fixo;1;;;;;;;;;;3;;;;
29/06/2014;22:15:00;76;com vítima;114,6;BR-116/RJ;Norte;Queda de moto;;;;1;;;;;;;;;1;;
29/06/2014;12:00:00;33;com vítima;125,5;BR-116/RJ;Norte;Queda de moto;;;;1;;;;;;;;1;;;
29/06/2014;10:38:00;26;sem vítima;136,6;BR-116/RJ;Norte;Choque em objeto fixo;1;;;;;;;;;;1;;;;
29/06/2014;10:41:00;27;com vítima;136,6;BR-116/RJ;Norte;Choque em veículo parado na pista;2;;;;;;;;;;;4;;;
29/06/2014;18:10:00;61;com vítima;137,05;BR-116/RJ;Sul;Colisão traseira;8;;;;;;;;;;29;3;;;
30/06/2014;21:21:00;36;com vítima;63,1;BR-116/RJ;Sul;Abalroamento longitudinal;;;2;;;;;;;;;3;;;
30/06/2014;12:08:00;16;com vítima;89;BR-116/RJ;Sul;Abalroamento longitudinal;1;;;1;;;;;;;;1;1;;
30/06/2014;21:15:00;35;com vítima;95,8;BR-116/RJ;Sul;Colisão traseira;1;;1;;;;;;;;1;2;;;
30/06/2014;11:14:00;14;com vítima;97;BR-116/RJ;Norte;Colisão traseira;2;;;;;;;;;;2;4;;;
30/06/2014;11:28:00;15;com vítima;118,65;BR-116/RJ;Sul;Abalroamento longitudinal;1;;;1;;;;;;;1;;1;;
30/06/2014;12:48:00;21;com vítima;123,3;BR-116/RJ;Sul;Colisão traseira;2;;;;;;;;;;2;1;;;
01/07/2014;14:02:00;31;com vítima;143,5;BR-116/RJ;Sul;Capotamento;;;1;;;;;;;;;2;;;
01/07/2014;20:46:00;50;com vítima;110,6;BR-116/RJ;Norte;Derrapagem;1;;;;;;;;;;;;1;;
02/07/2014;05:10:00;2;com vítima;144;BR-116/RJ;Sul;Choque em objeto fixo;1;;;;;;;;;;;;1;;
02/07/2014;09:23:00;12;sem vítima;141,7;BR-116/RJ;Norte;Colisão traseira;2;;;;;;;;;;2;;;;
03/07/2014;05:36:00;6;sem vítima;134,9;BR-116/RJ;Norte;Colisão traseira;1;;;;1;;;;;;8;;;;
03/07/2014;10:50:00;18;com vítima;71,3;BR-116/RJ;Sul;Abalroamento transversal;1;1;;;;;;;;;1;1;;;
03/07/2014;14:53:00;31;com vítima;102,4;BR-116/RJ;Sul;Abalroamento longitudinal;2;;;;;;;;;;7;2;;;
04/07/2014;08:20:00;4;com vítima;29,5;BR-116/RJ;Sul;Colisão traseira;1;;1;;;;;;;;1;1;;;
04/07/2014;08:48:00;7;com vítima;43,3;BR-116/RJ;Sul;Choque em objeto fixo;1;;;;;;;;;;;1;;;
04/07/2014;16:33:00;24;com vítima;78,5;BR-116/RJ;Norte;Abalroamento transversal;2;;;;;;;;;;;4;;;
04/07/2014;11:16:00;10;com vítima;43,3;BR-116/RJ;Norte;Derrapagem;1;;;;;;;;;;;1;;;
06/07/2014;14:37:00;21;com vítima;94,6;BR-116/RJ;Norte;Abalroamento longitudinal;1;;;1;;;;;;;2;;1;;
06/07/2014;18:05:00;30;sem vítima;89,4;BR-116/RJ;Sul;Abalroamento longitudinal;1;;1;;;;;;;;2;;;;
06/07/2014;19:40:00;37;sem vítima;89,4;BR-116/RJ;Sul;Abalroamento longitudinal;1;;1;;;;;;;;7;;;;
06/07/2014;19:42:00;38;sem vítima;143,2;BR-116/RJ;Sul;Abalroamento longitudinal;1;;1;;;;;;;;6;;;;
06/07/2014;21:51:00;45;com vítima;0,910416666666666;BR-116/RJ;Norte;Derrapagem;1;;;;;;;;;;;;1;;
07/07/2014;06:37:00;4;com vítima;95,95;BR-116/RJ;Norte;Derrapagem;1;;1;;;;;;;;1;1;;;
07/07/2014;10:24:00;15;com vítima;138,9;BR-116/RJ;Sul;Abalroamento longitudinal;2;;;;;;;;;;;2;;;
07/07/2014;15:39:00;31;com vítima;104,8;BR-116/RJ;Sul;Abalroamento longitudinal;1;;;;;;;;;;1;4;;;
08/07/2014;10:52:00;8;com vítima;123,1;BR-116/RJ;Norte;Colisão traseira;1;;1;;;;;;;;1;2;;;
08/07/2014;15:05:00;17;com vítima;107,1;BR-116/RJ;Sul;Queda de moto;;;;1;;;;;;;;1;;;
09/07/2014;11:00:00;13;sem vítima;143,6;BR-116/RJ;Sul;Colisão traseira;2;;;;;;;;;;2;;;;
09/07/2014;14:15:00;19;com vítima;81;BR-116/RJ;Norte;Capotamento;;;1;;;;;;;;;1;;;
09/07/2014;16:37:00;25;com vítima;29,7;BR-116/RJ;Norte;Colisão traseira;2;;;;;;;;;;1;3;;;
09/07/2014;23:22:00;39;sem vítima;144;BR-116/RJ;Sul;Capotamento;1;;;;;;;;;;4;;;;
10/07/2014;07:28:00;7;com vítima;43,4;BR-116/RJ;Norte;Choque em objeto fixo;1;;;;;;;;;;;;3;;
10/07/2014;09:02:00;11;sem vítima;128;BR-116/RJ;Norte;Choque em objeto fixo;1;;;;;;;;;;1;;;;
10/07/2014;09:54:00;14;com vítima;104,3;BR-116/RJ;Norte;Abalroamento transversal;2;;;;;;;;;;1;;2;;
10/07/2014;10:00:00;13;com vítima;29;BR-116/RJ;Norte;Capotamento;;;1;;;;;;;;;1;;;
10/07/2014;10:50:00;17;sem vítima;141,9;BR-116/RJ;Sul;Abalroamento longitudinal;1;;1;;;;;;;;2;;;;
10/07/2014;11:00:00;18;com vítima;83,6;BR-116/RJ;Norte;Abalroamento longitudinal;1;;1;;;;;;;;1;2;;;
10/07/2014;13:13:00;30;com vítima;101,9;BR-116/RJ;Norte;Abalroamento longitudinal;1;;1;;;;;;;;5;1;;;
10/07/2014;13:52:00;32;sem vítima;125,4;BR-116/RJ;Norte;Choque em objeto fixo;1;;;;;;;;;;1;;;;
10/07/2014;14:07:00;35;sem vítima;125,48;BR-116/RJ;Norte;Choque em objeto fixo;1;;;;;;;;;;1;;;;
10/07/2014;14:07:00;34;com vítima;125,5;BR-116/RJ;Norte;Colisão traseira;2;;;;;;;;;;3;1;;;
10/07/2014;14:07:00;33;com vítima;95,05;BR-116/RJ;Sul;Abalroamento transversal;2;;;;;;;;;;;3;;;
10/07/2014;15:40:00;38;com vítima;5,7;BR-116/RJ;Sul;Choque em objeto fixo;1;;;;;;;;;;;2;;;
10/07/2014;17:38:00;41;sem vítima;33,9;BR-116/RJ;Norte;Choque em objeto fixo;1;;;;;;;;;;1;;;;
10/07/2014;20:05:00;50;com vítima;72,5;BR-116/RJ;Sul;Derrapagem;1;;;;;;;;;;;1;;;
10/07/2014;21:34:00;57;sem vítima;11,5;BR-116/RJ;Norte;Atropelamento de animal;1;;;;;;;;;;1;;;;
10/07/2014;22:05:00;58;com vítima;123,5;BR-116/RJ;Norte;Choque em defensa;1;;;;;;;;;;;1;;;
11/07/2014;04:12:00;3;com vítima;53,3;BR-116/RJ;Sul;Capotamento;;;1;;;;;;;;;;1;;
11/07/2014;06:55:00;6;sem vítima;142,9;BR-116/RJ;Sul;Colisão traseira;2;;1;;;;;;;;7;;;;
11/07/2014;08:54:00;12;com vítima;109,8;BR-116/RJ;Norte;Abalroamento longitudinal;2;;;;;;;;;;1;1;;;
11/07/2014;10:36:00;17;sem vítima;133,5;BR-116/RJ;Norte;Colisão traseira;;;1;;;;;;;;1;;;;
11/07/2014;11:02:00;21;com vítima;26,2;BR-116/RJ;Sul;Abalroamento longitudinal;2;;;;;;;;;;1;3;;;
11/07/2014;11:35:00;24;sem vítima;26,3;BR-116/RJ;Norte;Derrapagem;1;;;;;;;;;;1;;;;
11/07/2014;16:35:00;44;com vítima;90,75;BR-116/RJ;Norte;Colisão traseira;3;;;;;;;;;;2;1;;;
11/07/2014;17:56:00;55;sem vítima;136,6;BR-116/RJ;Sul;Abalroamento longitudinal;1;;1;;;;;;;;2;;;;
12/07/2014;11:27:00;11;sem vítima;141;BR-116/RJ;Norte;Abalroamento longitudinal;;;2;;;;;;;;2;;;;
12/07/2014;13:00:00;13;sem vítima;137,5;BR-116/RJ;Norte;Abalroamento longitudinal;2;;;;;;;;;;2;;;;
12/07/2014;14:45:00;19;com vítima;127,5;BR-116/RJ;Sul;Colisão traseira;4;;2;;;;;;;;4;3;;;
12/07/2014;15:38:00;21;com vítima;109,9;BR-116/RJ;Norte;Colisão traseira;1;;;1;;;;;;;;;;7;
12/07/2014;16:13:00;24;com vítima;90,5;BR-116/RJ;Norte;Colisão traseira;4;;;;;;;;;;;5;;;
12/07/2014;19:18:00;33;com vítima;74,9;BR-116/RJ;Norte;Choque em defensa;1;;;;;;;;;;;2;;;
13/07/2014;05:57:00;5;com vítima;118,9;BR-116/RJ;Sul;Derrapagem;1;;;;;;;;;;;6;;;
13/07/2014;07:11:00;7;com vítima;126,9;BR-116/RJ;Sul;Derrapagem;1;;;;;;;;;;;1;;;
13/07/2014;08:39:00;10;sem vítima;139,2;BR-116/RJ;Sul;Atropelamento de animal;1;;;;;;;;;;1;;;;
13/07/2014;13:58:00;16;com vítima;144;BR-116/RJ;Sul;Queda de moto;;;;1;;;;;;;;;1;;
13/07/2014;14:11:00;17;com vítima;132;BR-116/RJ;Sul;Queda de moto;;;;1;;;;;;;1;;1;;
13/07/2014;16:40:00;25;com vítima;34,1;BR-116/RJ;Norte;Choque em objeto fixo;1;;;;;;;;;;;1;;;
13/07/2014;17:04:00;30;sem vítima;140;BR-116/RJ;Norte;Atropelamento de animal;1;;;;;;;;;;;;;;
13/07/2014;18:03:00;31;com vítima;75,8;BR-116/RJ;Sul;Abalroamento longitudinal;2;;;;;;;;;;1;3;;;
13/07/2014;18:36:00;36;com vítima;76;BR-116/RJ;Sul;Queda de moto;;;;1;;;;;;;;;1;;
13/07/2014;20:57:00;44;com vítima;72,05;BR-116/RJ;Norte;Capotamento;;;1;;;;;;;;;;2;;
13/07/2014;21:03:00;45;com vítima;93,5;BR-116/RJ;Sul;Colisão frontal;3;;;;;;;;;;1;;3;;
14/07/2014;09:37:00;13;com vítima;140,25;BR-116/RJ;Sul;Colisão traseira;;;1;1;1;;;;;;17;9;;;1
14/07/2014;14:53:00;29;com vítima;98,2;BR-116/RJ;Norte;Queda de moto;;;;1;;;;;;;;;1;;
14/07/2014;17:54:00;38;com vítima;140,75;BR-116/RJ;Sul;Abalroamento longitudinal;1;;1;;;;;;;;1;;3;;
14/07/2014;18:26:00;39;sem vítima;139,2;BR-116/RJ;Sul;Colisão traseira;3;;;;;;;;;;3;;;;
15/07/2014;04:31:00;2;sem vítima;118;BR-116/RJ;Sul;Atropelamento de animal;;;1;;;;;;;;1;;;;
17/07/2014;11:06:00;17;sem vítima;41;BR-116/RJ;Norte;Abalroamento longitudinal;2;;;;;;;;;;3;;;;
17/07/2014;21:10:00;36;sem vítima;89,6;BR-116/RJ;Sul;Abalroamento longitudinal;1;;1;;;;;;;;2;;;;
18/07/2014;09:20:00;12;sem vítima;91,1;BR-116/RJ;Norte;Colisão traseira;2;;;;;;;;;;;;;;
18/07/2014;12:10:00;23;com vítima;107;BR-116/RJ;Norte;Atropel. de pedestre atravessando;1;;;;;;;;;;1;;1;;
18/07/2014;15:05:00;31;com vítima;102,4;BR-116/RJ;Sul;Abalroamento transversal;1;;;1;;;;;;;1;1;;;
18/07/2014;15:50:00;36;sem vítima;95,8;BR-116/RJ;Norte;Abalroamento transversal;1;;1;;;;;;;;2;;;;
18/07/2014;20:31:00;58;com vítima;71,25;BR-116/RJ;Sul;Abalroamento transversal;1;;;1;;;;;;;3;;1;;
19/07/2014;09:54:00;13;com vítima;137,55;BR-116/RJ;Norte;Queda de moto;;;;1;;;;;;;;1;;;
20/07/2014;03:05:00;4;com vítima;113,5;BR-116/RJ;Sul;Capotamento;1;;;;;;;;;;;;;3;
20/07/2014;05:18:00;7;com vítima;84,5;BR-116/RJ;Norte;Choque em objeto fixo;1;;;;;;;;;;;1;;;
20/07/2014;14:35:00;21;com vítima;35,05;BR-116/RJ;Sul;Derrapagem;1;;;;;;;;;;1;1;1;;
20/07/2014;17:35:00;31;sem vítima;130,8;BR-116/RJ;Sul;Colisão traseira;1;;;;;;;;;;3;;;;
20/07/2014;18:12:00;37;sem vítima;142,95;BR-116/RJ;Sul;Colisão traseira;5;;;;;;;;;;14;;;;
20/07/2014;18:17:00;39;sem vítima;137,7;BR-116/RJ;Sul;Colisão traseira;3;;;;;;;;;;3;;;;
21/07/2014;03:43:00;2;sem vítima;4,15;BR-116/RJ;Sul;Atropelamento de animal;;;;;1;;;;;;39;;;;
21/07/2014;05:42:00;3;com vítima;85;BR-116/RJ;Sul;Queda de moto;;;;1;;;;;;;1;;;1;
21/07/2014;08:19:00;7;com vítima;89,1;BR-116/RJ;Norte;Colisão traseira;1;;;1;;;;;;;2;;1;;
21/07/2014;13:18:00;23;com vítima;75,85;BR-116/RJ;Norte;Abalroamento longitudinal;1;;;1;;;;;;;1;1;1;;
21/07/2014;20:22:00;40;com vítima;133,5;BR-116/RJ;Norte;Colisão traseira;2;;;;;;;;;;2;1;;;
22/07/2014;15:09:00;15;com vítima;116,95;BR-116/RJ;Sul;Derrapagem;1;;;;;;;;;;;1;;;
22/07/2014;17:28:00;21;sem vítima;96,5;BR-116/RJ;Sul;Colisão traseira;1;;1;;;;;;;;3;;;;
23/07/2014;07:27:00;8;sem vítima;126,2;BR-116/RJ;Sul;Derrapagem;1;;;;;;;;;;1;;;;
23/07/2014;11:58:00;22;sem vítima;111,8;BR-116/RJ;Sul;Choque em defensa;1;;;;;;;;;;2;;;;
23/07/2014;19:32:00;42;sem vítima;133,5;BR-116/RJ;Norte;Colisão traseira;2;;;;;;;;;;2;;;;
24/07/2014;18:43:00;38;com vítima;66,1;BR-116/RJ;Sul;Abalroamento longitudinal;2;;;;;;;;;;;3;3;;
24/07/2014;20:17:00;44;sem vítima;95,6;BR-116/RJ;Sul;Colisão traseira;2;;;;;;;;;;3;;;;
25/07/2014;07:00:00;11;com vítima;26,25;BR-116/RJ;Sul;Choque em objeto fixo;1;;;;;;;;;;;;3;;
25/07/2014;08:21:00;14;com vítima;5,7;BR-116/RJ;Sul;Derrapagem;1;;;;;;;;;;;2;;;
25/07/2014;10:30:00;27;com vítima;104,55;BR-116/RJ;Norte;Abalroamento longitudinal;2;;;;;;;;;;;4;;;
25/07/2014;10:22:00;33;com vítima;7,3;BR-116/RJ;Norte;Choque em objeto fixo;2;;;;;;;;;;1;1;;;
25/07/2014;14:38:00;45;sem vítima;22,2;BR-116/RJ;Sul;Choque em objeto fixo;1;;;;;;;;;;1;;;;
25/07/2014;15:48:00;47;sem vítima;143,25;BR-116/RJ;Sul;Colisão traseira;1;;1;;;;;;;;5;;;;
25/07/2014;21:45:00;65;com vítima;86,3;BR-116/RJ;Norte;Choque em objeto fixo;;;1;;;;;;;;;;1;;
25/07/2014;21:55:00;68;com vítima;53,3;BR-116/RJ;Norte;Queda de moto;;;;1;;;;;;;;;1;;
25/07/2014;23:21:00;71;sem vítima;76,5;BR-116/RJ;Norte;Abalroamento longitudinal;2;;;;;;;;;;2;;;;
26/07/2014;07:40:00;6;sem vítima;139,5;BR-116/RJ;Sul;Abalroamento longitudinal;2;;;;;;;;;;2;;;;
26/07/2014;07:22:00;7;sem vítima;84,3;BR-116/RJ;Norte;Colisão traseira;3;;;;;;;;;;5;;;;
26/07/2014;08:12:00;9;com vítima;144;BR-116/RJ;Sul;Choque em barreira New Jersey ;1;;;;;;;;;;;1;;;
26/07/2014;08:27:00;10;com vítima;5,6;BR-116/RJ;Sul;Derrapagem;1;;;;;;;;;;2;1;;;
26/07/2014;08:37:00;11;sem vítima;25,95;BR-116/RJ;Norte;Derrapagem;1;;;;;;;;;;4;;;;
26/07/2014;08:45:00;13;sem vítima;143,3;BR-116/RJ;Sul;Colisão traseira;2;;;;;;;;;;2;;;;
26/07/2014;11:46:00;20;com vítima;26,4;BR-116/RJ;Sul;Abalroamento longitudinal;2;;;;;;;;;;;4;;;
26/07/2014;12:28:00;25;sem vítima;27,5;BR-116/RJ;Norte;Derrapagem;1;;;;;;;;;;1;;;;
26/07/2014;12:37:00;27;sem vítima;61,05;BR-116/RJ;Norte;Choque em objeto fixo;1;;;;;;;;;;2;;;;
26/07/2014;14:30:00;32;sem vítima;135,4;BR-116/RJ;Sul;Choque em defensa;1;;;;;;;;;;1;;;;
26/07/2014;15:03:00;33;com vítima;95,25;BR-116/RJ;Norte;Abalroamento longitudinal;1;;;2;;;;;;;1;;2;;
26/07/2014;15:29:00;37;com vítima;130,9;BR-116/RJ;Sul;Derrapagem;1;;;;;;;;;;1;1;;;
27/07/2014;17:55:00;44;sem vítima;143,5;BR-116/RJ;Sul;Colisão traseira;5;;;;;;;;;;5;;;;
27/07/2014;18:43:00;47;sem vítima;143,5;BR-116/RJ;Sul;Colisão traseira;3;;;;;;;;;;3;;;;
27/07/2014;22:51:00;60;com vítima;137,4;BR-116/RJ;Sul;Abalroamento longitudinal;2;;;;;;;;;;;1;;;
28/07/2014;05:01:00;6;sem vítima;139,8;BR-116/RJ;Sul;Colisão frontal;2;;;;;;;;;;2;;;;
28/07/2014;10:57:00;19;com vítima;76,4;BR-116/RJ;Sul;Abalroamento transversal;1;;;;1;;;;;;35;1;;;
28/07/2014;15:24:00;28;sem vítima;122,2;BR-116/RJ;Sul;Capotamento;;;1;;;;;;;;2;;;;
29/07/2014;13:56:00;25;sem vítima;89,8;BR-116/RJ;Sul;Abalroamento longitudinal;1;;1;;;;;;;;4;;;;
29/07/2014;17:37:00;37;com vítima;142,7;BR-116/RJ;Sul;Choque em defensa;1;;;;;;;;;;;2;;;
30/07/2014;09:38:00;15;sem vítima;141,3;BR-116/RJ;Norte;Colisão traseira;;;2;;;;;;;;4;;;;
31/07/2014;07:24:00;6;com vítima;73,7;BR-116/RJ;Sul;Choque em barreira New Jersey ;1;;;;;;;;;;;1;;;
31/07/2014;12:50:00;21;com vítima;61,1;BR-116/RJ;Norte;Capotamento;;;1;;;;;;;;;1;;;
01/08/2014;15:40:00;34;sem vítima;64,98;BR-116/RJ;Norte;Choque em objeto fixo;1;;;;;;;;;;1;;;;
02/08/2014;22:51:00;51;com vítima;42,05;BR-116/RJ;Sul;Abalroamento transversal;1;;1;;;;;;;;1;;2;1;1
02/08/2014;13:14:00;29;com vítima;43,7;BR-116/RJ;Norte;Abalroamento longitudinal;;;1;1;;;;;;;1;;2;;
02/08/2014;00:23:00;2;com vítima;70,5;BR-116/RJ;Norte;Colisão traseira;2;;;;;;;;;;2;2;;;
02/08/2014;18:04:00;43;com vítima;76,5;BR-116/RJ;Sul;Queda de moto;;;;1;;;;;;;;;2;;
02/08/2014;12:05:00;23;com vítima;79,99;BR-116/RJ;Norte;Abalroamento longitudinal;;;;2;;;;;;;;;2;;
02/08/2014;18:29:00;45;sem vítima;138,6;BR-116/RJ;Sul;Colisão traseira;2;;;;;;;;;;2;;;;
03/08/2014;12:13:00;25;com vítima;40,1;BR-116/RJ;Sul;Queda de moto;;;;1;;;;;;;1;;1;;
03/08/2014;03:17:00;8;com vítima;59,8;BR-116/RJ;Sul;Abalroamento longitudinal;1;;;;;;;;;;;;2;;1
03/08/2014;17:54:00;42;com vítima;78,1;BR-116/RJ;Sul;Abalroamento transversal;1;1;;1;;;;;;;2;2;;;
03/08/2014;11:54:00;23;com vítima;117,75;BR-116/RJ;Norte;Derrapagem;1;;;;;;;;;;;3;;2;
04/08/2014;19:40:00;34;com vítima;5,8;BR-116/RJ;Norte;Capotamento;1;;;;;;;;;;;1;;;
04/08/2014;07:18:00;4;com vítima;59,7;BR-116/RJ;Sul;Derrapagem;1;;;;;;;;;;;1;;;
04/08/2014;17:57:00;31;com vítima;80,3;BR-116/RJ;Norte;Abalroamento transversal;2;;;;;;;;;;3;;1;;
04/08/2014;10:05:00;13;sem vítima;89,8;BR-116/RJ;Sul;Colisão traseira;2;;;;;;;;;;2;;;;
04/08/2014;10:33:00;14;sem vítima;139,02;BR-116/RJ;Norte;Colisão traseira;1;;1;;;;;;;;2;;;;
05/08/2014;20:49:00;44;com vítima;80,2;BR-116/RJ;Sul;Derrapagem;1;;;;;;;;;;;1;;;
06/08/2014;20:00:00;43;com vítima;73,6;BR-116/RJ;Norte;Derrapagem;1;;;;;;;;;;;1;;;
06/08/2014;15:58:00;30;com vítima;95,95;BR-116/RJ;Norte;Choque em objeto fixo;1;;1;;;;;;;;1;1;;;
07/08/2014;01:45:00;3;com vítima;72,05;BR-116/RJ;Norte;Capotamento;;;1;;;;;;;;;;1;;
07/08/2014;06:39:00;8;com vítima;80,25;BR-116/RJ;Norte;Abalroamento transversal;2;;;;;;;;;;1;2;;1;
07/08/2014;21:51:00;59;sem vítima;137,8;BR-116/RJ;Sul;Abalroamento longitudinal;2;;;;;;;;;;5;;;;
07/08/2014;21:29:00;57;com vítima;139,01;BR-116/RJ;Norte;Colisão traseira;3;;;1;;;;;;;3;;1;;
07/08/2014;22:50:00;62;com vítima;140,4;BR-116/RJ;Sul;Colisão traseira;2;;;;;;;;;;1;1;;;
08/08/2014;09:06:00;14;sem vítima;143,6;BR-116/RJ;Sul;Queda de moto;;;;1;;;;;;;1;;;;
08/08/2014;09:20:00;16;com vítima;143,8;BR-116/RJ;Sul;Colisão traseira;1;;;1;;;;;;;1;1;;;
09/08/2014;16:58:00;37;com vítima;101,5;BR-116/RJ;Norte;Abalroamento transversal;1;;1;;;;;;;;1;1;1;;
09/08/2014;04:53:00;2;com vítima;104,6;BR-116/RJ;Norte;Abalroamento longitudinal;1;;1;;;;;;;;1;3;;;
09/08/2014;23:21:00;53;sem vítima;140,6;BR-116/RJ;Sul;Choque em objeto fixo;1;;;;;;;;;;1;;;;
10/08/2014;12:00:00;27;com vítima;5,6;BR-116/RJ;Sul;Derrapagem;1;;;;;;;;;;;1;;;
10/08/2014;12:31:00;29;com vítima;90,7;BR-116/RJ;Sul;Colisão traseira;1;;;1;;;;;;;1;1;;;
10/08/2014;00:26:00;2;com vítima;91,2;BR-116/RJ;Sul;Choque em objeto fixo;1;;;;;;;;;;;3;;;
10/08/2014;04:23:00;10;com vítima;105,5;BR-116/RJ;Norte;Colisão frontal;1;;;1;;;;;;;;1;2;;1
10/08/2014;18:38:00;49;com vítima;118,1;BR-116/RJ;Sul;Derrapagem;1;;;;;;;;;;;2;2;;
10/08/2014;17:11:00;47;com vítima;121,02;BR-116/RJ;Sul;Colisão traseira;2;;;;;;;;;;;3;4;;
10/08/2014;23:24:00;62;sem vítima;131;BR-116/RJ;Norte;Choque em objeto fixo;1;;;;;;;;;;1;;;;