data;horario;n_da_ocorrencia;tipo_de_ocorrencia;km;trecho;sentido;tipo_de_acidente;automovel;bicicleta;caminhao;moto;onibus;outros;tracao_animal;transporte_de_cargas_especiais;trator_maquinas;utilitarios;ilesos;levemente_feridos;moderadamente_feridos;gravemente_feridos;mortos
30/11/2014;04:25:00;7;sem vítima;125,5;BR-116/RJ;Sul;Derrapagem;1;;;;;;;;;;1;;;;
30/11/2014;13:26:00;22;com vítima;132,3;BR-116/RJ;Sul;Choque em objeto fixo;1;;;;;;;;;;;;1;;
30/11/2014;18:30:00;36;com vítima;60,55;BR-116/RJ;Norte;Abalroamento transversal;2;;;;;;;;;;;;4;;
01/12/2014;10:36:00;22;sem vítima;26,2;BR-116/RJ;Norte;Colisão frontal;1;;1;;;;;;;;2;;;;
01/12/2014;20:37:00;52;com vítima;135,5;BR-116/RJ;Sul;Atropel. de pedestre atravessando;;;1;;;;;;;;3;;;;1
02/12/2014;21:30:00;46;com vítima;29,8;BR-116/RJ;Sul;Capotamento;;;1;;;;;;;;;;1;;
02/12/2014;11:14:00;15;sem vítima;119,9;BR-116/RJ;Sul;colisão traseira;2;;;;;;;;;;5;;;;
02/12/2014;22:17:00;48;com vítima;129,3;BR-116/RJ;Norte;Derrapagem;1;;;;;;;;;;;;1;;
03/12/2014;16:16:00;35;com vítima;89,5;BR-116/RJ;Sul;colisão traseira;2;;;;;;;;;;;3;;;
03/12/2014;18:58:00;45;com vítima;137,6;BR-116/RJ;Sul;Colisão traseira;1;;;;1;;;;;;27;1;;;
04/12/2014;15:08:00;34;sem vítima;44,45;BR-116/RJ;Sul;colisão traseira;;;;;;;;;;;0;;;;
04/12/2014;09:02:00;12;com vítima;102;BR-116/RJ;Sul;Queda de Moto;;;;1;;;;;;;;1;;;
04/12/2014;19:50:00;55;com vítima;115,7;BR-116/RJ;Norte;Queda de moto;;;;1;;;;;;;;;1;;
04/12/2014;17:43:00;47;com vítima;130,9;BR-116/RJ;Sul;Abalroamento longitudinal;;1;1;;;;;;;;1;;1;;
05/12/2014;08:05:00;3;com vítima;6,3;BR-116/RJ;Norte;Derrapagem;1;;;;;;;;;;2;1;;;
05/12/2014;15:20:00;19;com vítima;6,3;BR-116/RJ;Norte;Derrapagem;1;;;;;;;;;;;2;;;1
05/12/2014;13:50:00;16;com vítima;26,35;BR-116/RJ;Sul;Derrapagem;1;;;;;;;;;;;1;1;;
05/12/2014;11:25:00;12;com vítima;29,4;BR-116/RJ;Norte;colisão traseira;1;;;;1;;;;;;16;3;;;
05/12/2014;22:32:00;36;com vítima;43,3;BR-116/RJ;Sul;Choque em objeto fixo;1;;;;;;;;;;;;;2;
05/12/2014;15:22:00;20;com vítima;53,15;BR-116/RJ;Sul;Derrapagem;1;;;;;;;;;;;2;;;
05/12/2014;12:55:00;13;com vítima;106,4;BR-116/RJ;Sul;Choque em defensa;1;;;;;;;;;;;1;;;
05/12/2014;01:11:00;2;com vítima;137,6;BR-116/RJ;Norte;Queda de moto;;;;1;;;;;;;;;2;;
06/12/2014;17:00:00;42;com vítima;41,09;BR-116/RJ;Sul;Queda de moto;;;;1;;;;;;;;;1;;
06/12/2014;19:33:00;51;com vítima;93,5;BR-116/RJ;Norte;Queda de moto;;;;1;;;;;;;;1;;;
06/12/2014;22:42:00;62;com vítima;109,5;BR-116/RJ;Sul;Abalroamento longitudinal;2;;;;;;;;;;1;1;;;
06/12/2014;07:09:00;7;sem vítima;113,3;BR-116/RJ;Norte;Derrapagem;1;;;;;;;;;;3;;;;
06/12/2014;18:53:00;48;sem vítima;122,3;BR-116/RJ;Norte;Colisão traseira;;;1;;1;;;;;;17;;;;
06/12/2014;16:55:00;41;com vítima;131,3;BR-116/RJ;Sul;Choque em objeto fixo;1;;;;;;;;;;3;2;;;
06/12/2014;08:17:00;10;sem vítima;136,7;BR-116/RJ;Sul;colisão traseira;2;;;;;;;;;;6;;;;
07/12/2014;09:05:00;18;com vítima;21,4;BR-116/RJ;Sul;Derrapagem;;;1;;;;;;;;;;;;1
07/12/2014;08:15:00;14;com vítima;99,25;BR-116/RJ;Norte;Choque em objeto fixo;1;;;;;;;;;;;1;;;
07/12/2014;19:25:00;60;sem vítima;132,15;BR-116/RJ;Norte;Derrapagem;1;;;;;;;;;;2;;;;
07/12/2014;20:21:00;65;com vítima;135,05;BR-116/RJ;Sul;Colisão traseira;2;;;;;;;;;;2;3;;;
07/12/2014;15:27:00;37;com vítima;140,9;BR-116/RJ;Norte;Colisão traseira;2;;;;;;;;;;2;1;;;
07/12/2014;11:09:00;24;com vítima;142,8;BR-116/RJ;Norte;Choque em objeto fixo;1;;;;;;;;;;;1;;;
07/12/2014;11:05:00;22;com vítima;143,2;BR-116/RJ;Sul;Abalroamento longitudinal;1;;;1;;;;;;;1;;1;;
07/12/2014;16:56:00;50;com vítima;143,2;BR-116/RJ;Sul;Abalroamento longitudinal;1;;;1;;;;;;;1;2;;;
07/12/2014;21:55:00;72;sem vítima;143,35;BR-116/RJ;Sul;Colisão traseira;3;;;;;;;;;;7;;;;
08/12/2014;16:19:00;35;com vítima;21,4;BR-116/RJ;Sul;Capotamento;;;1;;;;;;;;;;1;;
08/12/2014;12:30:00;27;com vítima;80;BR-116/RJ;Sul;Atropel. de pedestre atravessando;1;;;;;;;;;;1;;1;;
08/12/2014;15:23:00;31;com vítima;80,4;BR-116/RJ;Sul;Queda de moto;;;;1;;;;;;;;1;;1;
09/12/2014;12:53:00;29;sem vítima;6,3;BR-116/RJ;Sul;Choque em objeto fixo;1;;;;;;;;;;2;;;;
09/12/2014;05:48:00;5;sem vítima;104,5;BR-116/RJ;Norte;Choque em objeto fixo;1;;;;;;;;;;1;;;;
09/12/2014;12:45:00;27;sem vítima;134,75;BR-116/RJ;Sul;Choque em defensa;1;;1;;;;;;;;2;;;;
10/12/2014;22:05:00;63;com vítima;39,3;BR-116/RJ;Norte;Abalroamento longitudinal;1;;1;;;;;;;;1;1;;;
11/12/2014;11:38:00;28;sem vítima;104,82;BR-116/RJ;Norte;Colisão traseira;2;;;;;;;;;;2;;;;
11/12/2014;11:47:00;29;com vítima;122,5;BR-116/RJ;Norte;Colisão traseira;2;;;;;;;;;;;7;;;
11/12/2014;00:40:00;1;sem vítima;136;BR-116/RJ;Sul;Choque em veículo parado na pista;;;2;;;;;;;;2;;;;
12/12/2014;18:05:00;47;com vítima;49,5;BR-116/RJ;Norte;Queda de moto;;;;1;;;;;;;;;2;;
12/12/2014;18:31:00;49;sem vítima;100,5;BR-116/RJ;Sul;Choque em objeto fixo;;;1;;;;;;;;1;;;;
13/12/2014;16:27:00;55;sem vítima;6;BR-116/RJ;Norte;Queda de carga;;;1;;;;;;;;1;;;;
13/12/2014;19:04:00;67;com vítima;29,3;BR-116/RJ;Norte;Colisão traseira;2;;;;;;;;;;;2;;;
13/12/2014;07:15:00;14;sem vítima;66,3;BR-116/RJ;Sul;Derrapagem;1;;;;;;;;;;1;;;;
13/12/2014;13:28:00;46;com vítima;139,4;BR-116/RJ;Sul;Abalroamento longitudinal;2;;;;;;;;;;;;2;;
13/12/2014;20:27:00;72;com vítima;140,95;BR-116/RJ;Sul;Choque em objeto fixo;1;;;;;;;;;;;1;1;;
14/12/2014;06:34:00;8;sem vítima;18,95;BR-116/RJ;Sul;Derrapagem;1;;;;;;;;;;1;;;;
14/12/2014;08:02:00;13;sem vítima;26,1;BR-116/RJ;Norte;Derrapagem;1;;;;;;;;;;4;;;;
14/12/2014;16:28:00;39;sem vítima;29,65;BR-116/RJ;Norte;Colisão traseira;2;;;;;;;;;;2;;;;
14/12/2014;11:32:00;21;sem vítima;29,7;BR-116/RJ;Norte;colisão traseira;2;;;;;;;;;;2;;;;
14/12/2014;10:11:00;17;com vítima;34;BR-116/RJ;Sul;Derrapagem;1;;;;;;;;;;;1;;;
14/12/2014;18:09:00;43;com vítima;67;BR-116/RJ;Sul;Queda de moto;;;;1;;;;;;;;;1;;
14/12/2014;09:10:00;14;sem vítima;71,05;BR-116/RJ;Norte;colisão traseira;2;;;;;;;;;;4;;;;
14/12/2014;14:43:00;31;sem vítima;89,8;BR-116/RJ;Sul;Derrapagem;1;;;;;;;;;;1;;;;
14/12/2014;15:45:00;35;sem vítima;93,5;BR-116/RJ;Norte;Choque em objeto fixo;1;;;;;;;;;;1;;;;
14/12/2014;10:34:00;18;sem vítima;126,1;BR-116/RJ;Sul;Derrapagem;1;;;;;;;;;;5;;;;
14/12/2014;20:52:00;53;sem vítima;137,5;BR-116/RJ;Norte;Colisão traseira;2;;;;;;;;;;2;;;;
14/12/2014;04:44:00;4;sem vítima;140,05;BR-116/RJ;Sul;Derrapagem;1;;;;;;;;;;3;;;;
15/12/2014;04:23:00;5;com vítima;96,3;BR-116/RJ;Sul;Colisão frontal;2;;;;;;;;;;1;;4;;
16/12/2014;17:18:00;36;com vítima;119,02;BR-116/RJ;Sul;Queda de moto;;;;1;;;;;;;;;2;;
17/12/2014;19:23:00;53;com vítima;91,7;BR-116/RJ;Norte;Colisão traseira;1;;1;;;;;;;;1;1;;;
18/12/2014;09:50:00;22;com vítima;29,9;BR-116/RJ;Sul;colisão traseira;;;2;;;;;;;;;2;;;
18/12/2014;20:00:00;67;com vítima;95,7;BR-116/RJ;Sul;Queda de moto;;;;1;;;;;;;;;1;;
18/12/2014;21:50:00;73;com vítima;102,95;BR-116/RJ;Norte;Derrapagem;1;;;;;;;;;;;1;;;
18/12/2014;16:24:00;53;sem vítima;133,5;BR-116/RJ;Norte;colisão traseira;1;;1;;;;;;;;2;;;;
18/12/2014;12:12:00;33;sem vítima;141;BR-116/RJ;Sul;Derrapagem;;;1;;;;;;;;1;;;;
18/12/2014;22:05:00;75;com vítima;141,4;BR-116/RJ;Sul;Colisão traseira;;1;1;;;;;;;;1;;1;;
19/12/2014;01:09:00;2;sem vítima;89;BR-116/RJ;Sul;Derrapagem;1;;;;;;;;;;2;;;;
20/12/2014;18:47:00;60;sem vítima;29,7;BR-116/RJ;Norte;Choque em objeto fixo;1;;;;;;;;;;1;;;;
20/12/2014;19:21:00;65;com vítima;32,3;BR-116/RJ;Sul;Derrapagem;1;;;;;;;;;;;;2;;
20/12/2014;18:12:00;55;sem vítima;34,2;BR-116/RJ;Norte;Derrapagem;1;;;;;;;;;;1;;;;
20/12/2014;18:57:00;61;com vítima;89,5;BR-116/RJ;Sul;Abalroamento transversal;1;;;1;;;;;;;;2;1;;
20/12/2014;18:10:00;54;com vítima;95,1;BR-116/RJ;Norte;Abalroamento longitudinal;2;;;;;;;;;;;4;;;
20/12/2014;16:35:00;52;com vítima;128,65;BR-116/RJ;Sul;Derrapagem;1;;;;;;;;;;;;2;;
20/12/2014;19:56:00;66;com vítima;130,5;BR-116/RJ;Sul;Colisão traseira;2;;;;;;;;;;3;;2;;
21/12/2014;21:30:00;78;com vítima;6,1;BR-116/RJ;Sul;Atropel. de pedestre caminhando;1;;;1;;;;;;;1;;;2;
21/12/2014;12:14:00;21;com vítima;19;BR-116/RJ;Norte;Derrapagem;1;;;;;;;;;;;;1;;
21/12/2014;06:00:00;9;com vítima;60,5;BR-116/RJ;Sul;Abalroamento longitudinal;1;;1;;;;;;;;1;;3;;
21/12/2014;19:33:00;71;sem vítima;125,55;BR-116/RJ;Sul;Abalroamento longitudinal;2;;;;;;;;;;6;;;;
22/12/2014;14:18:00;43;com vítima;32,4;BR-116/RJ;Norte;Capotamento;;;1;;;;;;;;;1;;;
22/12/2014;18:45:00;59;sem vítima;91,5;BR-116/RJ;Sul;Choque em objeto fixo;1;;;;;;;;;;1;;;;
22/12/2014;07:16:00;8;com vítima;106,6;BR-116/RJ;Norte;Choque em objeto fixo;1;;;;;;;;;;;2;;;
22/12/2014;13:11:00;36;com vítima;121;BR-116/RJ;Sul;Capotamento;;;1;;;;;;;;;1;;;
22/12/2014;20:14:00;63;sem vítima;127,9;BR-116/RJ;Sul;Abalroamento longitudinal;1;;1;;;;;;;;2;;;;
22/12/2014;06:53:00;6;com vítima;131,45;BR-116/RJ;Sul;Choque em objeto fixo;1;;;;;;;;;;;;1;;
22/12/2014;20:46:00;64;com vítima;143,45;BR-116/RJ;Norte;Choque em objeto fixo;1;;;;;;;;;;2;;2;;
22/12/2014;07:59:00;9;sem vítima;144;BR-116/RJ;Sul;Derrapagem;1;;;;;;;;;;1;;;;
23/12/2014;14:17:00;40;sem vítima;123,1;BR-116/RJ;Sul;Abalroamento longitudinal;;;1;;1;;;;;;15;;;;
23/12/2014;04:10:00;3;sem vítima;124;BR-116/RJ;Sul;Choque em veículo parado na pista;;;1;;;;;;;;1;;;;
23/12/2014;15:43:00;43;sem vítima;125,5;BR-116/RJ;Norte;Abalroamento longitudinal;2;;;;;;;;;;2;;;;
23/12/2014;19:11:00;61;sem vítima;137,75;BR-116/RJ;Sul;Abalroamento longitudinal;1;;;;1;;;;;;18;;;;
24/12/2014;12:15:00;35;com vítima;48,02;BR-116/RJ;Sul;Abalroamento transversal;1;;;1;;;;;;;5;;;2;
24/12/2014;21:45:00;70;com vítima;53,6;BR-116/RJ;Sul;Choque em objeto fixo;1;;;;;;;;;;0;1;;;
24/12/2014;13:53:00;45;com vítima;104,6;BR-116/RJ;Sul;Atropel. de pedestre atravessando;;;1;;;;;;;;;;;;1
24/12/2014;10:24:00;26;sem vítima;142,6;BR-116/RJ;Norte;Abalroamento longitudinal;1;;1;;;;;;;;2;;;;
25/12/2014;02:30:00;3;sem vítima;47,8;BR-116/RJ;Sul;Atropelamento de animal;1;;;;;;;;;;1;;;;
25/12/2014;12:38:00;13;com vítima;95,4;BR-116/RJ;Norte;Colisão frontal;2;;;;;;;;;;;5;;;
26/12/2014;12:21:00;25;com vítima;32,4;BR-116/RJ;Sul;Derrapagem;1;;;;;;;;;;;1;;;
26/12/2014;08:12:00;10;com vítima;120,6;BR-116/RJ;Sul;colisão traseira;2;;;;;;;;;;1;1;;;
26/12/2014;12:28:00;26;com vítima;124;BR-116/RJ;Norte;colisão traseira;1;;;1;;;;;;;1;1;;;
26/12/2014;17:55:00;49;sem vítima;127,05;BR-116/RJ;Norte;Derrapagem;1;;;;;;;;;;1;;;;
26/12/2014;12:11:00;22;sem vítima;136;BR-116/RJ;Sul;colisão traseira;2;;;;;;;;;;2;;;;
27/12/2014;15:11:00;46;com vítima;13,9;BR-116/RJ;Sul;Choque em objeto fixo;1;;;;;;;;;;;1;;;
27/12/2014;19:05:00;70;com vítima;67,1;BR-116/RJ;Norte;Abalroamento transversal;2;;;;;;;;;;;;2;;
27/12/2014;11:38:00;24;sem vítima;117,1;BR-116/RJ;Norte;colisão traseira;2;;;;;;;;;;2;;;;
27/12/2014;09:30:00;15;sem vítima;131,85;BR-116/RJ;Norte;colisão traseira;3;;;;;;;;;;9;;;;
27/12/2014;20:57:00;73;sem vítima;134,75;BR-116/RJ;Norte;Derrapagem;1;;;1;;;;;;;2;;;;
28/12/2014;18:06:00;53;com vítima;21,75;BR-116/RJ;Sul;Abalroamento transversal;2;;;;;;;;;;;4;;;
28/12/2014;12:05:00;25;com vítima;104,4;BR-116/RJ;Sul;Atropel. de pedestre caminhando;1;;;;;;;;;;1;1;;;
28/12/2014;06:51:00;7;com vítima;124,9;BR-116/RJ;Sul;colisão traseira;1;;;1;;;;;;;1;;1;;
28/12/2014;09:45:00;16;com vítima;143,3;BR-116/RJ;Sul;colisão traseira;2;;;;;;;;;;1;2;;;
29/12/2014;18:50:00;46;com vítima;59;BR-116/RJ;Sul;Queda de moto;;;;1;;;;;;;;;2;;
29/12/2014;00:49:00;1;com vítima;85,7;BR-116/RJ;Norte;Derrapagem;1;;;;;;;;;;;1;;;
29/12/2014;15:45:00;32;sem vítima;90;BR-116/RJ;Norte;colisão traseira;1;;1;;;;;;;;2;;;;
29/12/2014;21:27:00;54;com vítima;130;BR-116/RJ;Sul;Queda de moto;;;;1;;;;;;;;1;;;
30/12/2014;22:14:00;100;sem vítima;63,09;BR-116/RJ;Sul;Derrapagem;1;;;;;;;;;;3;;;;
30/12/2014;18:00:00;79;sem vítima;72;BR-116/RJ;Norte;Abalroamento longitudinal;2;;;;;;;;;;2;;;;
31/12/2014;16:12:00;69;sem vítima;125,45;BR-116/RJ;Norte;Choque em objeto fixo;1;;1;;;;;;;;6;;;;
01/01/2015;19:11:00;50;sem vítima;77,9;BR-116/RJ;Norte;Choque em objeto fixo;1;;;;;;;;;;1;;;;
01/01/2015;18:45:00;48;com vítima;84;BR-116/RJ;Norte;Capotamento;1;;;;;;;;;;;1;;;
02/01/2015;22:07:00;76;com vítima;71,5;BR-116/RJ;Norte;Capotamento;1;;;;;;;;;;;2;;;
02/01/2015;15:55:00;52;com vítima;108,35;BR-116/RJ;Norte;Derrapagem;1;;;;;;;;;;;1;;;
02/01/2015;20:31:00;72;sem vítima;137,95;BR-116/RJ;Norte;Choque em objeto fixo;1;;;;;;;;;;2;;;;
03/01/2015;02:09:00;5;com vítima;38;BR-116/RJ;Norte;Choque em objeto fixo;1;;;;;;;;;;;3;1;;
03/01/2015;17:17:00;60;com vítima;51,7;BR-116/RJ;Norte;Colisão frontal;3;;;;;;;;;;3;;3;1;1
03/01/2015;10:10:00;26;sem vítima;73,35;BR-116/RJ;Sul;Choque em objeto fixo;1;;;;;;;;;;1;;;;
03/01/2015;15:25:00;49;com vítima;109,2;BR-116/RJ;Sul;Derrapagem;1;;;;;;;;;;;1;;;
04/01/2015;12:05:00;22;com vítima;6,3;BR-116/RJ;Norte;Derrapagem;1;;;;;;;;;;;;5;;
04/01/2015;11:09:00;18;com vítima;74,7;BR-116/RJ;Norte;Queda de moto;;;;1;;;;;;;;;1;;
04/01/2015;19:00:00;74;sem vítima;131,05;BR-116/RJ;Sul;Abalroamento longitudinal;2;;;;;;;;;;7;;;;
04/01/2015;22:11:00;95;sem vítima;139,85;BR-116/RJ;Sul;Colisão traseira;4;;;;;;;;;;11;;;;
05/01/2015;15:19:00;44;sem vítima;93,2;BR-116/RJ;Sul;Choque em objeto fixo;1;;;;;;;;;;1;;;;
05/01/2015;16:42:00;51;com vítima;106,1;BR-116/RJ;Sul;Colisão traseira;1;;;1;;;;;;;1;;2;;
05/01/2015;11:26:00;25;sem vítima;124,8;BR-116/RJ;Norte;Abalroamento longitudinal;1;;;;;;;;;;2;;;;
05/01/2015;17:47:00;54;sem vítima;125,6;BR-116/RJ;Norte;Derrapagem;1;;;;;;;;;;1;;;;
05/01/2015;18:07:00;55;sem vítima;125,6;BR-116/RJ;Norte;Choque em veículo parado na pista;1;;1;;;;;;;;4;;;;
05/01/2015;03:10:00;2;sem vítima;132,5;BR-116/RJ;Sul;Choque em defensa;1;;;;;;;;;;6;;;;
05/01/2015;14:06:00;36;com vítima;139,3;BR-116/RJ;Norte;Atropel. de pedestre atravessando;1;;;;;;;;;;1;1;;;
07/01/2015;11:53:00;24;sem vítima;90,2;BR-116/RJ;Norte;Derrapagem;2;;;;;;;;;;2;;;;
07/01/2015;09:40:00;15;com vítima;124,9;BR-116/RJ;Sul;Choque em objeto fixo;1;;;;;;;;;;1;1;;;
08/01/2015;14:16:00;28;com vítima;92,8;BR-116/RJ;Sul;Abalroamento longitudinal;1;;1;;;;;;;;1;1;;;
08/01/2015;04:32:00;4;sem vítima;100,5;BR-116/RJ;Sul;Derrapagem;;;1;;;;;;;;1;;;;
08/01/2015;10:37:00;16;sem vítima;125,4;BR-116/RJ;Norte;Queda de carga;;;1;;;;;;;;1;;;;
08/01/2015;08:45:00;9;sem vítima;129,4;BR-116/RJ;Sul;Colisão traseira;2;;;;;;;;;;2;;;;
08/01/2015;08:27:00;7;sem vítima;137,2;BR-116/RJ;Sul;Capotamento;;;1;;;;;;;;1;;;;
08/01/2015;08:30:00;5;sem vítima;137,7;BR-116/RJ;Sul;Colisão traseira;3;;3;;;;;;;;6;;;;
08/01/2015;08:24:00;6;sem vítima;139,4;BR-116/RJ;Sul;Queda de moto;;;;1;;;;;;;1;;;;
09/01/2015;11:45:00;23;sem vítima;123,1;BR-116/RJ;Sul;Colisão traseira;2;;;;;;;;;;2;;;;
09/01/2015;16:17:00;35;com vítima;135,17;BR-116/RJ;Norte;Choque em objeto fixo;1;;;;;;;;;; ;1;;;
09/01/2015;18:10:00;54;sem vítima;139,7;BR-116/RJ;Norte;Colisão traseira;2;;;;;;;;;;2;;;;
10/01/2015;18:37:00;48;sem vítima;136,7;BR-116/RJ;Sul;Choque em defensa;1;;;;;;;;;;2;;;;
11/01/2015;09:33:00;18;com vítima;12,7;BR-116/RJ;Norte;Derrapagem;1;;;;;;;;;;3;1;;;
11/01/2015;07:25:00;12;sem vítima;98,1;BR-116/RJ;Norte;Abalroamento longitudinal;1;;1;;;;;;;;3;;;;
11/01/2015;10:51:00;25;com vítima;106,3;BR-116/RJ;Norte;Colisão frontal;1;1;;;;;;;;;1;;1;;
11/01/2015;05:25:00;10;com vítima;122,5;BR-116/RJ;Sul;Colisão traseira;2;;;;;;;;;;2;1;;;
11/01/2015;19:00:00;77;sem vítima;129,7;BR-116/RJ;Sul;Colisão traseira;2;;;;;;;;;;2;;;;
11/01/2015;22:16:00;98;sem vítima;142,3;BR-116/RJ;Sul;Abalroamento longitudinal;2;;;;;;;;;;2;;;;
11/01/2015;19:10:00;78;com vítima;143,5;BR-116/RJ;Sul;Queda de moto;;;;1;;;;;;;;1;;;
12/01/2015;03:48:00;3;com vítima;79;BR-116/RJ;Sul;Colisão traseira;1;;1;;;;;;;;1;2;;;
12/01/2015;10:45:00;20;sem vítima;122;BR-116/RJ;Norte;Abalroamento longitudinal;;;2;;;;;;;;2;;;;
13/01/2015;10:29:00;15;sem vítima;29,1;BR-116/RJ;Norte;Choque em defensa;;;1;;;;;;;;3;;;;
13/01/2015;07:01:00;6;com vítima;75,9;BR-116/RJ;Norte;Abalroamento transversal;1;;;1;;;;;;;;1;;;
13/01/2015;11:10:00;17;sem vítima;95,95;BR-116/RJ;Sul;Choque em objeto fixo;;;1;;;;;;;;1;;;;
13/01/2015;12:42:00;18;sem vítima;123,5;BR-116/RJ;Sul;Derrapagem;;;1;;;;;;;;0;;;;
13/01/2015;14:52:00;25;com vítima;125,2;BR-116/RJ;Sul;Colisão traseira;2;;;;;;;;;;2;1;;;
13/01/2015;06:00:00;4;sem vítima;135,2;BR-116/RJ;Sul;Abalroamento longitudinal;1;;;;1;;;;;;25;;;;
14/01/2015;08:58:00;14;com vítima;80,2;BR-116/RJ;Sul;Abalroamento transversal;1;;1;;;;;;;;1;2;;;
14/01/2015;09:48:00;17;com vítima;92;BR-116/RJ;Sul;Abalroamento longitudinal;1;;1;;;;;;;;;4;;;
15/01/2015;18:55:00;61;sem vítima;78;BR-116/RJ;Norte;Abalroamento transversal;1;;;1;;;;;;;2;;;;
18/01/2015;11:53:00;23;com vítima;62,7;BR-116/RJ;Sul;Colisão traseira;3;;;;;;;;;;2;;4;;
18/01/2015;15:27:00;31;com vítima;95,05;BR-116/RJ;Norte;Queda de moto;;;;1;;;;;;;;;2;;
18/01/2015;19:47:00;63;com vítima;104,5;BR-116/RJ;Norte;Abalroamento transversal;1;;;1;;;;;;;1;;1;;
18/01/2015;17:21:00;42;sem vítima;124,95;BR-116/RJ;Norte;Colisão traseira;2;;1;;;;;;;;8;;;;
18/01/2015;09:25:00;15;sem vítima;128,4;BR-116/RJ;Sul;Choque em defensa;1;;;;;;;;;;1;;;;
18/01/2015;13:35:00;25;com vítima;135,1;BR-116/RJ;Sul;Choque em objeto fixo;1;;;;;;;;;;1;;2;;
18/01/2015;19:26:00;56;sem vítima;136,45;BR-116/RJ;Sul;Colisão traseira;2;;;;;;;;;;2;;;;
18/01/2015;19:26:00;57;sem vítima;136,5;BR-116/RJ;Sul;Colisão traseira;2;;;;;;;;;;3;;;;
19/01/2015;14:56:00;34;sem vítima;100,6;BR-116/RJ;Norte;Choque em barreira New Jersey ;;;1;;;;;;;;1;;;;
19/01/2015;20:51:00;62;com vítima;101,45;BR-116/RJ;Sul;Choque em objeto fixo;1;;;;;;;;;;1;1;;;
19/01/2015;05:55:00;7;sem vítima;104,1;BR-116/RJ;Norte;Abalroamento longitudinal;2;;;;;;;;;;2;;;;
19/01/2015;10:47:00;20;sem vítima;104,1;BR-116/RJ;Norte;Abalroamento transversal;2;;;;;;;;;;2;;;;
19/01/2015;14:37:00;32;com vítima;122,2;BR-116/RJ;Sul;Colisão traseira;4;;;;;;;;;;6;1;;;
19/01/2015;01:20:00;1;com vítima;129,3;BR-116/RJ;Sul;Derrapagem;1;;;;;;;;;;;;;2;
20/01/2015;18:45:00;63;sem vítima;138,85;BR-116/RJ;Sul;Abalroamento longitudinal;1;;1;;;;;;;;5;;;;
20/01/2015;14:20:00;35;com vítima;139,5;BR-116/RJ;Norte;Colisão traseira;1;;1;;;;;;;;2;3;;;
20/01/2015;10:08:00;15;com vítima;141,05;BR-116/RJ;Norte;Abalroamento longitudinal;1;;;1;;;;;;;1;1;;;
21/01/2015;18:47:00;48;com vítima;101,3;BR-116/RJ;Norte;Abalroamento longitudinal;2;;;;;;;;;;;3;;;
21/01/2015;16:09:00;40;sem vítima;106,2;BR-116/RJ;Norte;Abalroamento longitudinal;2;;;;;;;;;;4;;;;
21/01/2015;06:51:00;6;sem vítima;106,5;BR-116/RJ;Norte;Atropelamento de Animal;1;;;;;;;;;;1;;;;
21/01/2015;18:01:00;45;com vítima;126,6;BR-116/RJ;Norte;Derrapagem;1;;;;;;;;;;;;2;;
21/01/2015;17:30:00;44;sem vítima;128;BR-116/RJ;Sul;Colisão traseira;1;;1;;;;;;;;3;;;;
21/01/2015;08:02:00;16;sem vítima;143,7;BR-116/RJ;Sul;Colisão traseira;;;1;;1;;;;;;45;;;;
21/01/2015;08:23:00;17;com vítima;144;BR-116/RJ;Sul;Queda de moto;;;;1;;;;;;;;;1;;
22/01/2015;09:30:00;14;sem vítima;107,05;BR-116/RJ;Sul;Atropelamento de animal;1;;;;;;;;;;1;;;;
22/01/2015;16:10:00;35;com vítima;121,8;BR-116/RJ;Sul;Queda de moto;;;;1;;;;;;;;;;;1
23/01/2015;22:56:00;57;com vítima;33,8;BR-116/RJ;Sul;Derrapagem;;;1;;;;;;;;;;2;;
23/01/2015;19:16:00;47;sem vítima;105,35;BR-116/RJ;Norte;Derrapagem;1;;;;;;;;;;3;;;;
23/01/2015;03:40:00;3;sem vítima;119,2;BR-116/RJ;Sul;Derrapagem;1;;;;;;;;;;1;;;;
23/01/2015;10:54:00;15;sem vítima;122,6;BR-116/RJ;Norte;Choque em veículo parado na pista;1;;1;;;;;;;;2;;;;
23/01/2015;14:14:00;23;sem vítima;135,9;BR-116/RJ;Norte;Choque em objeto fixo;2;;;;;;;;;;2;;;;
24/01/2015;19:17:00;37;com vítima;2,1;BR-116/RJ;Sul;Abalroamento transversal;1;;;1;;;;;;;;2;1;;
24/01/2015;20:35:00;42;sem vítima;17,9;BR-116/RJ;Sul;Choque em objeto fixo;1;;;;;;;;;;1;;;;
24/01/2015;16:45:00;35;com vítima;46,8;BR-116/RJ;Norte;Derrapagem;1;;;;;;;;;;;1;;;
24/01/2015;19:46:00;40;sem vítima;84,2;BR-116/RJ;Norte;Colisão traseira;2;;;;;;;;;;2;;;;
24/01/2015;14:42:00;25;sem vítima;124,8;BR-116/RJ;Norte;Capotamento;2;;;;;;;;;;2;;;;
24/01/2015;07:08:00;7;com vítima;125,6;BR-116/RJ;Norte;Colisão traseira;;2;;1;;;;;;;1;1;1;;
25/01/2015;18:31:00;59;com vítima;87,95;BR-116/RJ;Sul;Abalroamento longitudinal;2;;;;;;;;;;1;;3;;
25/01/2015;18:40:00;60;com vítima;89,7;BR-116/RJ;Norte;Abalroamento longitudinal;1;;;1;;;;;;;1;;1;;