data;horario;n_da_ocorrencia;tipo_de_ocorrencia;km;trecho;sentido;tipo_de_acidente;automovel;bicicleta;caminhao;moto;onibus;outros;tracao_animal;transporte_de_cargas_especiais;trator_maquinas;utilitarios;ilesos;levemente_feridos;moderadamente_feridos;gravemente_feridos;mortos
25/01/2015;20:22:00;65;sem vítima;92;BR-116/RJ;Sul;Colisão traseira;2;;;;;;;;;;2;;;;
25/01/2015;05:27:00;6;com vítima;105,5;BR-116/RJ;Sul;Choque em objeto fixo;1;;;;;;;;;;;1;2;;
25/01/2015;04:55:00;5;sem vítima;125,5;BR-116/RJ;Sul;Choque em objeto fixo;1;;;;;;;;;;1;;;;
25/01/2015;18:08:00;54;sem vítima;129,8;BR-116/RJ;Norte;Choque em objeto fixo;1;;;;;;;;;;1;;;;
25/01/2015;18:40:00;61;com vítima;139,6;BR-116/RJ;Norte;Colisão traseira;2;;;;;;;;;;2;;1;;
26/01/2015;15:39:00;36;com vítima;69,4;BR-116/RJ;Sul;Abalroamento longitudinal;1;;1;;;;;;;;1;;;;2
26/01/2015;11:14:00;20;sem vítima;125,15;BR-116/RJ;Sul;Colisão traseira;1;;1;;;;;;;;2;;;;
27/01/2015;20:02:00;59;com vítima;27,3;BR-116/RJ;Sul;Choque em objeto fixo;1;;;;;;;;;;;1;;;
27/01/2015;20:15:00;60;com vítima;27,4;BR-116/RJ;Sul;Choque em objeto fixo;1;;;;;;;;;;;1;;;
27/01/2015;22:20:00;68;sem vítima;72,03;BR-116/RJ;Sul;Derrapagem;1;;;;;;;;;;1;;;;
27/01/2015;20:47:00;62;com vítima;134,8;BR-116/RJ;Norte;Choque em objeto fixo;2;;;;;;;;;;1;2;;;
27/01/2015;21:10:00;66;com vítima;137,8;BR-116/RJ;Sul;Colisão traseira;3;;;;;;;;;;1;3;;;
27/01/2015;20:57:00;65;com vítima;138,7;BR-116/RJ;Sul;Derrapagem;;;1;;1;;;;;;3;;1;;
28/01/2015;06:33:00;8;com vítima;54,1;BR-116/RJ;Sul;Colisão traseira;1;;1;;;;;;;;;2;;;
29/01/2015;20:05:00;49;sem vítima;80,05;BR-116/RJ;Sul;Abalroamento longitudinal;1;1;;;;;;;;;2;;;;
29/01/2015;15:57:00;37;com vítima;85,45;BR-116/RJ;Sul;Capotamento;1;;;;;;;;;;;;1;;
29/01/2015;16:40:00;39;sem vítima;134,5;BR-116/RJ;Norte;Colisão traseira;3;;;;;;;;;;11;;;;
29/01/2015;15:00:00;35;com vítima;140,6;BR-116/RJ;Sul;Queda de moto;;;;1;;;;;;;;;2;;
30/01/2015;16:55:00;43;sem vítima;104,2;BR-116/RJ;Norte;Abalroamento longitudinal;2;;;;;;;;;;0;;;;
30/01/2015;14:56:00;37;com vítima;115,7;BR-116/RJ;Norte;Capotamento;;;1;;;;;;;;;1;;;
30/01/2015;11:35:00;23;sem vítima;125,95;BR-116/RJ;Norte;Abalroamento longitudinal;1;;1;;;;;;;;3;;;;
30/01/2015;16:56:00;42;sem vítima;133,5;BR-116/RJ;Norte;Colisão traseira;2;;;;;;;;;;2;;;;
30/01/2015;07:09:00;10;com vítima;134,8;BR-116/RJ;Norte;Derrapagem;;;1;;;;;;;;;1;;;
30/01/2015;05:00:00;9;sem vítima;137,1;BR-116/RJ;Sul;Choque em objeto fixo;1;;;;;;;;;;0;;;;
31/01/2015;20:17:00;54;com vítima;127,45;BR-116/RJ;Norte;Abalroamento longitudinal;2;;1;;;;;;;;2;3;;;
31/01/2015;01:22:00;2;com vítima;131,7;BR-116/RJ;Norte;Derrapagem;;;;1;;;;;;;;;;;1
01/02/2015;05:10:00;7;com vítima;26,3;BR-116/RJ;Sul;Derrapagem;1;;;;;;;;;;2;1;;;
01/02/2015;20:23:00;51;com vítima;47,7;BR-116/RJ;Norte;Abalroamento transversal;;;;2;;;;;;;;;4;;
01/02/2015;20:20:00;49;com vítima;103,7;BR-116/RJ;Sul;Queda de moto;;;;1;;;;;;;1;;1;;
01/02/2015;20:57:00;55;com vítima;106,05;BR-116/RJ;Sul;Atropel. de pedestre atravessando;1;;;;;;;;;;4;;;1;
01/02/2015;18:35:00;43;sem vítima;137;BR-116/RJ;Sul;Colisão traseira;4;;;;;;;;;;13;;;;
01/02/2015;05:10:00;8;com vítima;139,8;BR-116/RJ;Sul;Queda de moto;;;;1;;;;;;;;;;1;1
01/02/2015;11:55:00;22;sem vítima;141,95;BR-116/RJ;Sul;Colisão traseira;2;;;;;;;;;;5;;;;
02/02/2015;19:43:00;48;com vítima;67,95;BR-116/RJ;Sul;Derrapagem;1;;;;;;;;;;;1;1;;
02/02/2015;12:48:00;27;sem vítima;68,8;BR-116/RJ;Norte;Colisão traseira;2;;;;;;;;;;2;;;;
02/02/2015;05:11:00;6;com vítima;97,3;BR-116/RJ;Sul;Queda de moto;;;;1;;;;;;;;1;;;
02/02/2015;01:10:00;2;com vítima;132,5;BR-116/RJ;Sul;Queda de moto;;;;1;;;;;;;;;1;;
02/02/2015;13:34:00;29;sem vítima;138;BR-116/RJ;Sul;Abalroamento longitudinal;2;;;;;;;;;;2;;;;
03/02/2015;18:17:00;30;com vítima;93,5;BR-116/RJ;Norte;Colisão frontal;;;1;1;;;;;;;1;;;1;
03/02/2015;13:09:00;14;com vítima;95,15;BR-116/RJ;Norte;Derrapagem;;;1;;;;;;;;;1;;;
03/02/2015;10:45:00;10;sem vítima;99,7;BR-116/RJ;Sul;Capotamento;;;1;;;;;;;;2;;;;
03/02/2015;15:38:00;20;com vítima;109,4;BR-116/RJ;Norte;Derrapagem;;;1;;;;;;;;;1;;;
03/02/2015;04:47:00;3;com vítima;126,3;BR-116/RJ;Norte;Capotamento;1;;;;;;;;;;3;1;;;
04/02/2015;06:58:00;7;com vítima;40,1;BR-116/RJ;Sul;Abalroamento transversal;;;1;1;;;;;;;1;;2;;
04/02/2015;17:43:00;39;sem vítima;101;BR-116/RJ;Sul;Colisão traseira;2;;;;;;;;;;4;;;;
04/02/2015;19:21:00;44;sem vítima;102,3;BR-116/RJ;Sul;Choque em objeto fixo;1;;;;;;;;;;2;;;;
04/02/2015;10:55:00;18;sem vítima;123,9;BR-116/RJ;Sul;Choque em objeto fixo;1;;;;;;;;;;2;;;;
04/02/2015;18:08:00;40;sem vítima;125,5;BR-116/RJ;Norte;Derrapagem;1;;;;;;;;;;1;;;;
04/02/2015;18:33:00;41;sem vítima;125,5;BR-116/RJ;Norte;Choque em objeto fixo;1;;;;;;;;;;1;;;;
04/02/2015;22:21:00;50;com vítima;137,7;BR-116/RJ;Norte;Colisão traseira;;;1;;1;;;;;;62;1;;;
05/02/2015;15:13:00;37;com vítima;26,1;BR-116/RJ;Norte;Choque em objeto fixo;1;;;;;;;;;;;1;;;
05/02/2015;18:46:00;46;com vítima;74,6;BR-116/RJ;Sul;Choque em objeto fixo;1;;;;;;;;;;;1;;;
06/02/2015;13:26:00;35;sem vítima;26,9;BR-116/RJ;Sul;Derrapagem;1;;;;;;;;;;1;;;;
06/02/2015;18:05:00;52;com vítima;59,9;BR-116/RJ;Sul;Queda de moto;;;;1;;;;;;;;1;;;
06/02/2015;20:45:00;59;com vítima;129,1;BR-116/RJ;Norte;Derrapagem;1;;;;;;;;;;;1;;;
07/02/2015;18:49:00;40;com vítima;108,35;BR-116/RJ;Norte;Derrapagem;1;;;;;;;;;;;1;;;
07/02/2015;19:15:00;42;sem vítima;112,4;BR-116/RJ;Sul;Choque em defensa;1;;;;;;;;;;2;;;;
07/02/2015;15:42:00;29;com vítima;126;BR-116/RJ;Sul;Choque em objeto fixo;1;;;;;;;;;;;1;;;
07/02/2015;12:17:00;20;com vítima;143,15;BR-116/RJ;Sul;Colisão traseira;2;;;;;;;;;;2;1;;;
08/02/2015;18:10:00;56;com vítima;63,1;BR-116/RJ;Sul;Derrapagem;1;;;;;;;;;;;1;;;
08/02/2015;17:56:00;54;com vítima;122,65;BR-116/RJ;Norte;Colisão traseira;2;;;;;;;;;;2;3;;;
08/02/2015;17:50:00;53;sem vítima;123,5;BR-116/RJ;Norte;Choque em defensa;1;;;;;;;;;;2;;;;
08/02/2015;20:25:00;62;sem vítima;144;BR-116/RJ;Sul;Choque em defensa;1;;;;;;;;;;1;;;;
09/02/2015;07:05:00;6;com vítima;35,02;BR-116/RJ;Norte;Choque em objeto fixo;1;;;;;;;;;;1;1;;;
09/02/2015;18:48:00;58;com vítima;38,65;BR-116/RJ;Sul;Derrapagem;1;;;;;;;;;;3;1;;;
09/02/2015;00:15:00;1;com vítima;72,15;BR-116/RJ;Norte;Capotamento;;;1;;;;;;;;;;1;;
09/02/2015;00:50:00;2;com vítima;132;BR-116/RJ;Norte;Colisão traseira;2;;;;;;;;;;2;1;;;
10/02/2015;21:05:00;60;com vítima;73;BR-116/RJ;Sul;Abalroamento transversal;2;;;;;;;;;;1;1;;;
10/02/2015;20:13:00;57;com vítima;78,9;BR-116/RJ;Norte;Atropel. de pedestre atravessando;1;;;;;;;;;;1;;;;1
11/02/2015;12:26:00;13;sem vítima;133,5;BR-116/RJ;Norte;Abalroamento longitudinal;1;;1;;;;;;;;2;;;;
12/02/2015;17:25:00;64;com vítima;104;BR-116/RJ;Norte;Abalroamento transversal;2;;;;;;;;;;;2;;;
12/02/2015;18:23:00;70;com vítima;141,65;BR-116/RJ;Norte;Abalroamento longitudinal;1;;;1;;;;;;;1;;1;;
13/02/2015;09:50:00;20;com vítima;4,15;BR-116/RJ;Norte;Abalroamento longitudinal;2;;;;;;;;;;5;3;;;
13/02/2015;05:55:00;10;sem vítima;74,7;BR-116/RJ;Norte;Capotamento;;;1;;;;;;;;1;;;;
13/02/2015;19:25:00;70;sem vítima;137,4;BR-116/RJ;Norte;Abalroamento longitudinal;2;;;;;;;;;;2;;;;
14/02/2015;11:30:00;70;com vítima;6,3;BR-116/RJ;Sul;Derrapagem;1;;;;;;;;;;;1;;;
14/02/2015;10:10:00;61;com vítima;136,95;BR-116/RJ;Norte;Abalroamento longitudinal;2;;;;;;;;;;5;1;;;
15/02/2015;12:12:00;26;sem vítima;90,95;BR-116/RJ;Norte;Colisão traseira;2;;;;;;;;;;4;;;;
15/02/2015;19:02:00;64;com vítima;142,2;BR-116/RJ;Norte;Abalroamento longitudinal;1;;;1;;;;;;;1;;1;;
15/02/2015;18:45:00;63;com vítima;142,6;BR-116/RJ;Norte;Colisão traseira;2;;;;;;;;;;1;1;;;
15/02/2015;19:40:00;68;sem vítima;142,7;BR-116/RJ;Norte;Colisão traseira;3;;;;;;;;;;3;;;;
15/02/2015;16:27:00;46;com vítima;143,9;BR-116/RJ;Sul;Queda de moto;;;;1;;;;;;;1;1;;;
16/02/2015;20:18:00;49;sem vítima;91,35;BR-116/RJ;Sul;Choque em objeto fixo;1;;;;;;;;;;1;;;;
16/02/2015;15:24:00;37;sem vítima;138,6;BR-116/RJ;Sul;Choque em objeto fixo;1;;;;;;;;;;1;;;;
17/02/2015;17:40:00;52;com vítima;50,7;BR-116/RJ;Sul;Derrapagem;1;;;;;;; ;;;;;;1;
17/02/2015;12:53:00;25;sem vítima;133,5;BR-116/RJ;Sul;Colisão traseira;2;;;;;;;;;;8;;;;
18/02/2015;11:39:00;33;com vítima;116,7;BR-116/RJ;Norte;Derrapagem;1;;;;;;;;;;;;1;;
18/02/2015;21:54:00;83;sem vítima;133,5;BR-116/RJ;Sul;Colisão traseira;2;;;;;;;;;;2;;;;
18/02/2015;12:13:00;37;com vítima;139,4;BR-116/RJ;Sul;Colisão traseira;1;;;;;;;;;;1;1;;;
18/02/2015;14:25:00;38;sem vítima;142,1;BR-116/RJ;Sul;Choque em objeto fixo;1;;;;;;;;;;1;;;;
19/02/2015;11:40:00;13;sem vítima;128,9;BR-116/RJ;Norte;Abalroamento longitudinal;1;;1;;;;;;;;4;;;;
21/02/2015;03:08:00;1;sem vítima;122,7;BR-116/RJ;Sul;Choque em objeto fixo;1;;;;;;;;;;1;;;;
22/02/2015;00:48:00;3;com vítima;101,98;BR-116/RJ;Norte;Abalroamento longitudinal;1;;;1;;;;;;;1;1;1;;
22/02/2015;21:56:00;66;com vítima;111,6;BR-116/RJ;Sul;Abalroamento longitudinal;2;;;;;;1;;;;1;6;;;
22/02/2015;14:48:00;34;com vítima;131,5;BR-116/RJ;Sul;Derrapagem;1;;;;;;;;;;;2;;;
23/02/2015;18:25:00;32;com vítima;78,4;BR-116/RJ;Norte;Abalroamento transversal;1;;;;1;;;;;;4;2;;;
23/02/2015;16:55:00;27;com vítima;114,9;BR-116/RJ;Norte;Queda de moto;;;;1;;;;;;;;;;1;
23/02/2015;17:24:00;29;com vítima;137,4;BR-116/RJ;Norte;Abalroamento longitudinal;;;2;;;;;;;;2;1;;;
24/02/2015;19:15:00;50;sem vítima;110;BR-116/RJ;Norte;Atropelamento de animal;1;;;;;;;;;;1;;;;
24/02/2015;10:52:00;16;sem vítima;138,9;BR-116/RJ;Norte;Colisão traseira;1;;;;;;;;;;0;;;;
25/02/2015;20:18:00;47;com vítima;127,3;BR-116/RJ;Sul;Atropel. de pedestre caminhando;;;;1;;;;;;;1;;;1;
25/02/2015;14:13:00;21;sem vítima;143,8;BR-116/RJ;Sul;Choque em objeto fixo;1;;;;;;;;;;2;;;;
26/02/2015;02:26:00;2;com vítima;91,15;BR-116/RJ;Sul;Abalroamento longitudinal;1;;1;;;;;;;;1;1;;;
26/02/2015;16:42:00;42;com vítima;143,9;BR-116/RJ;Sul;Colisão traseira;2;;1;;;;;;;;2;1;;;
27/02/2015;13:00:00;22;com vítima;127,4;BR-116/RJ;Norte;Queda de moto;;;;1;;;;;;;;2;1;;
27/02/2015;07:19:00;4;sem vítima;128,3;BR-116/RJ;Sul;Colisão traseira;;;1;;1;;;;;;4;;;;
28/02/2015;04:00:00;4;com vítima;4,98;BR-116/RJ;Norte;Colisão frontal;1;;1;;;;;;;;;2;1;;1
28/02/2015;05:37:00;5;sem vítima;141,2;BR-116/RJ;Norte;Abalroamento longitudinal;1;;1;;;;;;;;2;;;;
01/03/2015;18:58:00;36;com vítima;59,6;BR-116/RJ;Norte;Capotamento;1;;;1;;;;;;;;;2;2;2
01/03/2015;05:33:00;2;sem vítima;69,1;BR-116/RJ;Norte;Choque em objeto fixo;1;;;;;;;;;;1;;;;
01/03/2015;17:22:00;29;com vítima;98,2;BR-116/RJ;Norte;Abalroamento longitudinal;2;;;;;;;;;;;1;6;;
02/03/2015;06:24:00;8;sem vítima;57,3;BR-116/RJ;Norte;Derrapagem;1;;;;;;;;;;1;;;;
02/03/2015;06:36:00;9;com vítima;127,25;BR-116/RJ;Sul;Derrapagem;;;1;;;;;;;;;1;;;
03/03/2015;18:52:00;43;com vítima;40;BR-116/RJ;Sul;Queda de moto;;;;2;;;;;;;1;;1;;
03/03/2015;00:31:00;2;com vítima;72,7;BR-116/RJ;Norte;Capotamento;;;1;;;;;;;;;1;;;
04/03/2015;21:20:00;56;com vítima;38,5;BR-116/RJ;Norte;Abalroamento longitudinal;1;;1;;;;;;;;;3;;;
04/03/2015;12:13:00;28;com vítima;97,9;BR-116/RJ;Norte;Colisão traseira;;;2;;;;;;;;;;5;1;
04/03/2015;12:47:00;31;sem vítima;103,7;BR-116/RJ;Norte;Colisão traseira;;;1;;1;;;;;;24;;;;
05/03/2015;14:53:00;35;com vítima;78,75;BR-116/RJ;Sul;Colisão traseira;3;;;;;;;;;;;4;;;
05/03/2015;12:27:00;28;com vítima;109,2;BR-116/RJ;Norte;Derrapagem;1;;;;;;;;;;;1;;;
05/03/2015;16:08:00;38;com vítima;114,5;BR-116/RJ;Sul;Colisão frontal;2;;;;;;;;;;2;;1;;
05/03/2015;06:28:00;4;com vítima;122,2;BR-116/RJ;Sul;Colisão traseira;;;;;2;;;;;;2;1;;;
05/03/2015;06:33:00;5;com vítima;133,5;BR-116/RJ;Norte;Colisão traseira;1;;1;;;;;;;;7;1;;;
06/03/2015;07:35:00;3;com vítima;106,6;BR-116/RJ;Norte;Capotamento;1;;;;;;;;;;;1;;;
06/03/2015;18:44:00;48;com vítima;132,4;BR-116/RJ;Norte;Queda de moto;;;;1;;;;;;;;1;;;
07/03/2015;17:40:00;47;sem vítima;26,1;BR-116/RJ;Sul;Derrapagem;1;;;;;;;;;;2;;;;
07/03/2015;17:10:00;43;com vítima;27,5;BR-116/RJ;Norte;Derrapagem;1;;;;;;;;;;;3;;;
07/03/2015;17:30:00;44;com vítima;34,1;BR-116/RJ;Sul;Derrapagem;1;;;;;;;;;;;1;;;
07/03/2015;20:47:00;58;com vítima;88,2;BR-116/RJ;Norte;Choque em objeto fixo;1;;;;;;;;;;;2;;;
07/03/2015;21:30:00;60;com vítima;88,8;BR-116/RJ;Norte;Choque em objeto fixo;1;;;;;;;;;;;1;;;
07/03/2015;19:44:00;54;sem vítima;92,8;BR-116/RJ;Norte;Choque em objeto fixo;1;;;;;;;;;;1;;;;
07/03/2015;12:51:00;30;sem vítima;131;BR-116/RJ;Norte;Abalroamento longitudinal;1;;;;1;;;;;;50;;;;
07/03/2015;18:39:00;50;sem vítima;141,9;BR-116/RJ;Sul;Choque em objeto fixo;1;;;;;;;;;;1;;;;
08/03/2015;17:47:00;39;com vítima;82,6;BR-116/RJ;Norte;Abalroamento longitudinal;1;;1;;;;;;;;;2;;;
08/03/2015;02:47:00;6;sem vítima;133,5;BR-116/RJ;Norte;Choque em objeto fixo;1;;;;;;;;;;1;;;;
08/03/2015;20:36:00;54;sem vítima;142,3;BR-116/RJ;Sul;Abalroamento transversal;2;;;;;;;;;;2;;;;
09/03/2015;19:54:00;46;sem vítima;29,3;BR-116/RJ;Norte;Choque em objeto fixo;;;1;;;;;;;;1;;;;
09/03/2015;16:43:00;33;com vítima;29,4;BR-116/RJ;Norte;Colisão traseira;;;2;;;;;;;;3;3;;;
09/03/2015;07:35:00;9;sem vítima;136,4;BR-116/RJ;Sul;Choque em objeto fixo;1;;;;;;;;;;1;;;;
09/03/2015;14:29:00;27;com vítima;144;BR-116/RJ;Sul;Choque em objeto fixo;1;;;;;;;;;;;1;;;
10/03/2015;09:18:00;21;sem vítima;5,5;BR-116/RJ;Norte;Choque em barreira New Jersey ;1;;;;;;;;;;1;;;;
10/03/2015;22:52:00;69;com vítima;53,4;BR-116/RJ;Sul;Choque em objeto fixo;1;;;;;;;;;;;1;;;
10/03/2015;09:46:00;22;com vítima;94,6;BR-116/RJ;Sul;Capotamento;1;;;;;;;;;;;4;;;
10/03/2015;14:30:00;44;sem vítima;95,1;BR-116/RJ;Sul;Derrapagem;;;1;;;;;;;;1;;;;
10/03/2015;10:28:00;26;sem vítima;135,1;BR-116/RJ;Sul;Choque em objeto fixo;1;;;;;;;;;;0;;;;
11/03/2015;18:23:00;23;com vítima;27,6;BR-116/RJ;Norte;Abalroamento longitudinal;1;;1;;;;;;;;1;;;1;
11/03/2015;16:40:00;21;sem vítima;90,35;BR-116/RJ;Norte;Abalroamento longitudinal;2;;;;;;;;;;2;;;;
12/03/2015;06:19:00;9;sem vítima;140,5;BR-116/RJ;Norte;Capotamento;1;;;;;;;;;;1;;;;
12/03/2015;04:19:00;5;com vítima;142,7;BR-116/RJ;Sul;Colisão traseira;1;;1;;;;;;;;15;1;;;
12/03/2015;19:52:00;51;com vítima;142,8;BR-116/RJ;Sul;Queda de moto;;;;1;;;;;;;;1;;;
13/03/2015;16:40:00;33;sem vítima;125,5;BR-116/RJ;Norte;Derrapagem;1;;;;;;;;;;1;;;;
13/03/2015;16:40:00;34;sem vítima;125,5;BR-116/RJ;Norte;Derrapagem;1;;;;;;;;;;1;;;;
14/03/2015;10:15:00;26;com vítima;6,3;BR-116/RJ;Sul;Derrapagem;1;;;;;;;;;;;1;;;
14/03/2015;07:56:00;14;sem vítima;102,3;BR-116/RJ;Sul;Derrapagem;1;;;;;;;;;;1;;;;
14/03/2015;13:10:00;39;com vítima;104,4;BR-116/RJ;Norte;Derrapagem;1;;;;;;;;;;;2;;;
14/03/2015;11:09:00;29;sem vítima;133,4;BR-116/RJ;Norte;Abalroamento longitudinal;1;;1;;;;;;;;2;;;;
15/03/2015;02:31:00;3;com vítima;134,7;BR-116/RJ;Sul;Choque em objeto fixo;1;;;;;;;;;;1;;1;;
15/03/2015;07:19:00;11;com vítima;143,1;BR-116/RJ;Sul;Colisão traseira;2;;;;;;;;;;1;1;1;;
15/03/2015;08:42:00;13;sem vítima;144;BR-116/RJ;Sul;Abalroamento longitudinal;2;;;;;;;;;;4;;;;
16/03/2015;10:34:00;19;com vítima;17,05;BR-116/RJ;Sul;Queda de moto;1;;;;;;;;;;;1;;;
16/03/2015;07:10:00;8;com vítima;31,3;BR-116/RJ;Norte;Choque em objeto fixo;1;;;;;;;;;;;1;;;
16/03/2015;19:29:00;42;com vítima;93;BR-116/RJ;Sul;Derrapagem;1;;;;;;;;;;;1;;;
16/03/2015;21:10:00;44;com vítima;137,2;BR-116/RJ;Sul;Choque em defensa;1;;;;;;;;;;;1;;;
16/03/2015;16:38:00;36;sem vítima;142,3;BR-116/RJ;Sul;Colisão traseira;1;;2;;;;;;;;4;;;;
16/03/2015;07:13:00;7;com vítima;143,9;BR-116/RJ;Sul;Abalroamento longitudinal;1;;;1;;;;;;;1;1;;;
17/03/2015;17:21:00;41;com vítima;140,85;BR-116/RJ;Sul;Queda de moto;1;;;1;;;;;;;1;1;;;
18/03/2015;09:25:00;16;sem vítima;116,8;BR-116/RJ;Norte;Atropelamento de animal;1;;;;;;;;;;1;;;;
18/03/2015;06:18:00;5;com vítima;143;BR-116/RJ;Sul;Abalroamento longitudinal;1;;;;1;;;;;;63;1;;;
19/03/2015;07:08:00;10;com vítima;76,5;BR-116/RJ;Sul;Queda de moto;;;;1;;;;;;;1;;1;;
19/03/2015;17:49:00;35;com vítima;77,9;BR-116/RJ;Norte;Abalroamento longitudinal;;;2;;;;;;;;1;1;;;
19/03/2015;12:22:00;21;sem vítima;81,1;BR-116/RJ;Sul;Capotamento;1;;;;;;;;;;1;;;;
19/03/2015;07:08:00;9;com vítima;116,8;BR-116/RJ;Norte;Derrapagem;1;;;;;;;;;;;;1;;
20/03/2015;17:06:00;48;com vítima;90,3;BR-116/RJ;Sul;Abalroamento longitudinal;1;;1;;;;;;;;1;2;;;
20/03/2015;18:12:00;55;sem vítima;90,3;BR-116/RJ;Sul;Abalroamento longitudinal;1;;1;;;;;;;;3;;;;
20/03/2015;05:25:00;2;com vítima;142,4;BR-116/RJ;Norte;Colisão traseira;;;2;;1;;;;;;3;;;;1
20/03/2015;09:00:00;9;sem vítima;143;BR-116/RJ;Norte;Colisão traseira;;;1;;1;;;;;;2;;;;
21/03/2015;10:13:00;21;com vítima;61,1;BR-116/RJ;Norte;Choque em objeto fixo;1;;;;;;;;;;;3;;;
21/03/2015;05:28:00;6;com vítima;74,3;BR-116/RJ;Sul;Atropel. de pedestre caminhando;2;;;;;;;;;;3;;;1;
21/03/2015;12:02:00;28;com vítima;85,9;BR-116/RJ;Sul;Derrapagem;1;;;;;;;;;;;4;;;
21/03/2015;10:11:00;20;sem vítima;133,4;BR-116/RJ;Norte;Abalroamento longitudinal;2;;;;;;;;;;2;;;;
21/03/2015;16:06:00;34;sem vítima;139,5;BR-116/RJ;Norte;Choque em objeto fixo;1;;;;;;;;;;2;;;;
22/03/2015;12:33:00;17;com vítima;26,2;BR-116/RJ;Sul;Derrapagem;1;;;;;;;;;;2;1;;;
22/03/2015;01:00:00;3;sem vítima;76,4;BR-116/RJ;Norte;Choque em objeto fixo;1;;;;;;;;;;1;;;;
22/03/2015;01:02:00;4;com vítima;76,4;BR-116/RJ;Norte;Choque em veículo parado na pista;1;;;;;;;;;;;1;;;
22/03/2015;13:19:00;18;com vítima;95,8;BR-116/RJ;Sul;Abalroamento longitudinal;3;;;;;;;;;;3;1;;;
22/03/2015;14:09:00;23;sem vítima;118,4;BR-116/RJ;Norte;Choque em objeto fixo;1;;;;;;;;;;2;;;;
22/03/2015;13:39:00;19;sem vítima;125,5;BR-116/RJ;Norte;Choque em objeto fixo;1;;;;;;;;;;1;;;;
22/03/2015;13:44:00;20;com vítima;125,5;BR-116/RJ;Norte;Choque em objeto fixo;1;;;;;;;;;;;1;;;
22/03/2015;21:44:00;50;sem vítima;137,4;BR-116/RJ;Sul;Choque em objeto fixo;1;;;;;;;;;;1;;;;
23/03/2015;03:07:00;4;com vítima;63,98;BR-116/RJ;Norte;Choque em objeto na pista;;;;1;;;;;;;;;1;;
23/03/2015;05:45:00;5;sem vítima;94;BR-116/RJ;Sul;Choque em objeto fixo;1;;;;;;;;;;1;;;;
23/03/2015;20:10:00;47;sem vítima;96,99;BR-116/RJ;Sul;Colisão traseira;1;;1;;;;;;;;2;;;;
23/03/2015;16:35:00;40;com vítima;104,15;BR-116/RJ;Norte;Abalroamento longitudinal;1;;1;;;;;;;;1;;2;;
24/03/2015;14:35:00;40;com vítima;68,7;BR-116/RJ;Norte;Colisão traseira;2;;2;;;;;;;;;4;;;
24/03/2015;21:30:00;69;sem vítima;90,4;BR-116/RJ;Sul;Queda de moto;;;;1;;;;;;;1;;;;
24/03/2015;21:21:00;67;com vítima;90,45;BR-116/RJ;Norte;Colisão frontal;1;;1;;;;;;;;1;;2;;
24/03/2015;21:49:00;70;sem vítima;91,8;BR-116/RJ;Sul;Derrapagem;1;;;;;;;;;;1;;;;
24/03/2015;20:27:00;63;sem vítima;95,6;BR-116/RJ;Sul;Derrapagem;1;;;;;;;;;;1;;;;
25/03/2015;18:36:00;41;com vítima;80,1;BR-116/RJ;Norte;Colisão traseira;2;;;;;;;;;;;2;;;
25/03/2015;16:28:00;33;sem vítima;97,35;BR-116/RJ;Norte;Abalroamento longitudinal;1;;1;;;;;;;;2;;;;
26/03/2015;16:39:00;27;com vítima;61,95;BR-116/RJ;Sul;Abalroamento longitudinal;2;;;;;;;;;;2;2;;;
26/03/2015;06:40:00;4;com vítima;89,6;BR-116/RJ;Sul;Abalroamento transversal;1;;1;;;;;;;;1;1;;;
27/03/2015;15:03:00;22;com vítima;74,45;BR-116/RJ;Norte;Colisão traseira;1;;;1;;;;;;;;2;;;
27/03/2015;16:31:00;24;com vítima;106,2;BR-116/RJ;Norte;Abalroamento longitudinal;1;;;1;;;;;;;1;;1;;
27/03/2015;07:28:00;4;com vítima;106,3;BR-116/RJ;Norte;Queda de moto;;;;1;;;;;;;;;1;;
27/03/2015;11:37:00;17;sem vítima;122,3;BR-116/RJ;Sul;Capotamento;;;1;;;;;;;;1;;;;
28/03/2015;11:58:00;27;com vítima;32,5;BR-116/RJ;Norte;Queda de moto;;;;1;;;;;;;;;2;;
28/03/2015;03:28:00;3;com vítima;92,3;BR-116/RJ;Norte;Choque em objeto fixo;1;;;;;;;;;;3;1;;;
28/03/2015;09:15:00;17;com vítima;92,9;BR-116/RJ;Norte;Queda de moto;;;;1;;;;;;;;1;;;
29/03/2015;22:09:00;41;com vítima;125,5;BR-116/RJ;Norte;Capotamento;;;1;;;;;;;;;1;;;
29/03/2015;16:27:00;21;com vítima;131,2;BR-116/RJ;Sul;Colisão traseira;1;;;;1;;;;;;53;;3;;
29/03/2015;15:40:00;18;sem vítima;136,8;BR-116/RJ;Sul;Abalroamento longitudinal;2;;;;;;;;;;2;;;;
29/03/2015;20:12:00;36;com vítima;139,3;BR-116/RJ;Sul;Colisão traseira;3;;;;;;;;;;13;;1;;
29/03/2015;17:13:00;23;sem vítima;140,3;BR-116/RJ;Sul;Abalroamento longitudinal;2;;;;;;;;;;9;;;;
30/03/2015;08:02:00;8;com vítima;33,9;BR-116/RJ;Sul;Choque em objeto fixo;1;;;;;;;;;;;1;;;
30/03/2015;13:33:00;20;com vítima;48,8;BR-116/RJ;Sul;Derrapagem;1;;;;;;;;;;;1;;;