data;horario;n_da_ocorrencia;tipo_de_ocorrencia;km;trecho;sentido;tipo_de_acidente;automovel;bicicleta;caminhao;moto;onibus;outros;tracao_animal;transporte_de_cargas_especiais;trator_maquinas;utilitarios;ilesos;levemente_feridos;moderadamente_feridos;gravemente_feridos;mortos
30/03/2015;02:27:00;3;com vítima;102,9;BR-116/RJ;Sul;Choque em barreira New Jersey ;;;1;;;;;;;;;1;;;
31/03/2015;20:09:00;43;com vítima;13,05;BR-116/RJ;Norte;Choque em objeto fixo;;;1;;;;;;;;;;1;;
31/03/2015;16:40:00;29;com vítima;117,5;BR-116/RJ;Norte;Derrapagem;;;1;;;;;;;;;1;;;
31/03/2015;06:15:00;2;com vítima;143,2;BR-116/RJ;Sul;Abalroamento longitudinal;1;;;1;;;;;;;;1;1;;
01/04/2015;22:05:00;47;com vítima;113;BR-116/RJ;Norte;Colisão Traseira;1;;;1;;;;;;;1;1;;;
01/04/2015;13:12:00;24;com vítima;137,2;BR-116/RJ;Sul;Choque - Defensa, barreira ou "submarino";1;;;;;;;;;;1;1;;;
02/04/2015;08:46:00;17;com vítima;59,4;BR-116/RJ;Norte;Saida de Pista;1;;;;;;;;;;0;4;;;
02/04/2015;23:10:00;67;sem vítima;128,8;BR-116/RJ;Sul;Choque - Elemento de Drenagem;1;;;;;;;;;;1;;;;
03/04/2015;07:13:00;12;com vítima;96,6;BR-116/RJ;Sul;Colisão Frontal;2;;;;;;;;;;3;2;;;
03/04/2015;21:29:00;56;com vítima;110,95;BR-116/RJ;Norte;Colisão Traseira;2;;;;;;;;;;0;2;;;
03/04/2015;16:09:00;42;sem vítima;131,5;BR-116/RJ;Norte;Colisão Lateral;2;;;;;;;;;;5;;;;
03/04/2015;18:34:00;48;sem vítima;134,3;BR-116/RJ;Norte;Engavetamento;3;;;;;;;;;;4;;;;
03/04/2015;05:21:00;10;com vítima;138,1;BR-116/RJ;Norte;Choque - Defensa, barreira ou "submarino";1;;;;;;;;;;0;;;;1
03/04/2015;19:42:00;51;com vítima;143,6;BR-116/RJ;Sul;Colisão Traseira;1;;;;1;;;;;;3;1;;;
04/04/2015;09:10:00;13;com vítima;69,65;BR-116/RJ;Norte;Colisão Traseira;2;;;;;;;;;;0;4;;;
04/04/2015;15:43:00;42;com vítima;80;BR-116/RJ;Sul;Colisão Transversal;2;;;;;;;;;;5;2;;;
04/04/2015;02:53:00;4;sem vítima;105,1;BR-116/RJ;Sul;Choque - Defensa, barreira ou "submarino";1;;;;;;;;;;2;;;;
04/04/2015;07:24:00;7;sem vítima;123,6;BR-116/RJ;Sul;Saida de Pista;1;;;;;;;;;;1;;;;
04/04/2015;22:19:00;63;sem vítima;134;BR-116/RJ;Norte;Colisão Traseira;2;;;;;;;;;;6;;;;
04/04/2015;07:15:00;8;com vítima;137;BR-116/RJ;Norte;Colisão Traseira;2;;;;;;;;;;1;1;;;
05/04/2015;18:16:00;54;com vítima;54;BR-116/RJ;Norte;Colisão Frontal;2;;;;;;;;;;0;2;;;
05/04/2015;18:25:00;55;sem vítima;67;BR-116/RJ;Sul;Colisão Traseira;1;;;;1;;;;;;2;;;;
05/04/2015;18:37:00;56;sem vítima;70,2;BR-116/RJ;Sul;Colisão Traseira;2;;;;;;;;;;2;;;;
05/04/2015;13:51:00;27;com vítima;133,5;BR-116/RJ;Norte;Colisão Traseira;2;;;;;;;;;;2;1;;;
05/04/2015;18:56:00;57;sem vítima;141,2;BR-116/RJ;Sul;Engavetamento;3;;;;;;;;;;3;;;;
06/04/2015;08:28:00;19;com vítima;26,45;BR-116/RJ;Sul;Choque - Elemento de Drenagem;1;;;;;;;;;;0;5;;;
06/04/2015;08:12:00;18;sem vítima;27,1;BR-116/RJ;Norte;Choque - Elemento de Drenagem;1;;;;;;;;;;1;;;;
06/04/2015;09:04:00;17;com vítima;64,35;BR-116/RJ;Norte;Saida de Pista;1;;;;;;;;;;0;2;;;
06/04/2015;15:30:00;36;sem vítima;125,3;BR-116/RJ;Norte;Saida de Pista;1;;;;;;;;;;1;;;;
06/04/2015;14:15:00;32;sem vítima;133,5;BR-116/RJ;Norte;Colisão Traseira;2;;;;;;;;;;2;;;;
06/04/2015;05:13:00;10;com vítima;140,8;BR-116/RJ;Sul;Engavetamento;3;;;;;;;;;;1;2;;;
07/04/2015;04:50:00;4;com vítima;29,8;BR-116/RJ;Norte;Saida de Pista;;;1;;;;;;;;0;1;;;
07/04/2015;11:38:00;17;sem vítima;90,5;BR-116/RJ;Sul;Choque - Outros;1;;;;;;;;;;1;;;;
07/04/2015;15:47:00;26;sem vítima;99,4;BR-116/RJ;Sul;Saida de Pista;1;;;;;;;;;;1;;;;
07/04/2015;08:41:00;10;sem vítima;137,7;BR-116/RJ;Sul;Colisão Lateral;1;;1;;;;;;;;2;;;;
08/04/2015;07:27:00;7;com vítima;97,4;BR-116/RJ;Sul;Colisão Lateral;1;;1;;;;;;;;1;1;;;
08/04/2015;06:55:00;6;com vítima;133,5;BR-116/RJ;Norte;Colisão Traseira;;;2;;;;;;;;2;1;;;
09/04/2015;19:33:00;33;sem vítima;95,25;BR-116/RJ;Sul;Choque - Defensa, barreira ou "submarino";;;1;;;;;;;;1;;;;
09/04/2015;18:51:00;32;com vítima;132,4;BR-116/RJ;Norte;Queda de Moto;;;;1;;;;;;;0;1;;;
10/04/2015;12:25:00;20;com vítima;130,2;BR-116/RJ;Norte;Colisão Transversal;;;1;1;;;;;;;1;;;;1
10/04/2015;01:05:00;1;sem vítima;132,2;BR-116/RJ;Norte;Capotamento;1;;;;;;;;;;10;;;;
11/04/2015;23:12:00;54;com vítima;81,6;BR-116/RJ;Norte;Capotamento;1;;;;;;;;;;0;1;;;
11/04/2015;15:05:00;22;sem vítima;92,3;BR-116/RJ;Norte;Colisão Traseira;1;;;;;2;;;;;3;;;;
11/04/2015;19:37:00;47;com vítima;127,4;BR-116/RJ;Sul;Atropelamento - Ciclista;1;1;;;;;;;;;1;;;;1
12/04/2015;19:35:00;41;com vítima;35,15;BR-116/RJ;Sul;Colisão Lateral;2;;;;;;;;;;1;2;;;
12/04/2015;18:22:00;33;com vítima;106,05;BR-116/RJ;Sul;Colisão Frontal;2;;;;;;;;;;3;3;;;
12/04/2015;20:35:00;44;com vítima;141,05;BR-116/RJ;Sul;Choque - Defensa, barreira ou "submarino";1;;;;;;;;;;1;1;;;
13/04/2015;20:48:00;41;com vítima;83,8;BR-116/RJ;Sul;Colisão Frontal;1;;2;;;;;;;;2;1;;;
13/04/2015;14:53:00;30;sem vítima;84,35;BR-116/RJ;Norte;Colisão Traseira;1;;;1;;;;;;;2;;;;
13/04/2015;22:55:00;44;com vítima;126,3;BR-116/RJ;Norte;Colisão Traseira;1;;;;1;;;;;;1;1;;1;
13/04/2015;07:27:00;12;sem vítima;131,2;BR-116/RJ;Sul;Colisão Lateral;1;1;;;;;;;;;3;;;;
14/04/2015;06:55:00;9;com vítima;67,001;BR-116/RJ;Sul;Colisão Transversal;2;;;;;;;;;;3;1;;1;
14/04/2015;18:21:00;24;sem vítima;136,35;BR-116/RJ;Norte;Colisão Lateral;1;;1;;;;;;;;2;;;;
15/04/2015;12:40:00;26;sem vítima;127,4;BR-116/RJ;Sul;Choque - Defensa, barreira ou "submarino";1;;1;;;;;;;;2;;;;
15/04/2015;12:53:00;25;com vítima;131;BR-116/RJ;Sul;Queda de Moto;;;;1;;;;;;;0;1;;;
16/04/2015;14:36:00;31;com vítima;46,9;BR-116/RJ;Sul;Queda de Moto;;;;1;;;;;;;0;1;;;
16/04/2015;17:11:00;38;com vítima;110,9;BR-116/RJ;Norte;Saida de Pista;;;;1;;;;;;;0;1;;;
16/04/2015;09:02:00;14;sem vítima;133,5;BR-116/RJ;Norte;Colisão Lateral;1;;1;;;;;;;;2;;;;
16/04/2015;17:47:00;37;sem vítima;133,5;BR-116/RJ;Sul;Colisão Transversal;1;;;1;;;;;;;2;;;;
17/04/2015;23:33:00;48;sem vítima;40;BR-116/RJ;Norte;Colisão Lateral;2;;;;;;;;;;2;;;;
17/04/2015;19:35:00;40;com vítima;90,75;BR-116/RJ;Sul;Choque - Arvore;;;1;;;;;;;;0;1;;;1
17/04/2015;13:20:00;21;com vítima;91,3;BR-116/RJ;Sul;Choque - Defensa, barreira ou "submarino";1;;;;;;;;;;1;1;;;
17/04/2015;08:29:00;12;sem vítima;95,8;BR-116/RJ;Sul;Colisão Lateral;2;;;;;;;;;;2;;;;
17/04/2015;07:25:00;7;sem vítima;108,9;BR-116/RJ;Norte;Colisão Lateral;2;;;;;;;;;;2;;;;
17/04/2015;14:30:00;22;sem vítima;127,1;BR-116/RJ;Norte;Colisão Frontal;1;;1;;;;;;;;2;;;;
17/04/2015;07:19:00;5;sem vítima;133,5;BR-116/RJ;Norte;Colisão Traseira;;;2;;;;;;;;2;;;;
17/04/2015;07:30:00;8;sem vítima;135,1;BR-116/RJ;Sul;Choque - Defensa, barreira ou "submarino";1;;;;;;;;;;1;;;;
18/04/2015;05:58:00;7;com vítima;22,8;BR-116/RJ;Norte;Choque - Outros;1;;;;;;;;;;0;1;;;
18/04/2015;10:00:00;17;com vítima;35,1;BR-116/RJ;Norte;Saida de Pista;1;;;;;;;;;;0;2;;;
18/04/2015;15:36:00;38;sem vítima;100,2;BR-116/RJ;Norte;Choque - Defensa, barreira ou "submarino";;;1;;;;;;;;1;;;;
18/04/2015;05:00:00;6;com vítima;124,2;BR-116/RJ;Norte;Choque - Outros;1;;;;;;;;;;0;2;;;
19/04/2015;20:10:00;38;sem vítima;104,6;BR-116/RJ;Sul;Saida de Pista;1;;;;;;;;;;2;;;;
19/04/2015;02:51:00;4;sem vítima;127,1;BR-116/RJ;Sul;Choque - Outros;1;;;;;;;;;;2;;;;
19/04/2015;09:02:00;10;sem vítima;136;BR-116/RJ;Norte;Colisão Traseira;2;;;;;;;;;;2;;;;
19/04/2015;03:20:00;5;sem vítima;143,75;BR-116/RJ;Sul;Choque - Outros;1;;;;;;;;;;1;;;;
20/04/2015;12:49:00;24;com vítima;75,4;BR-116/RJ;Sul;Colisão Frontal;2;;;;;;;;;;0;3;;;
21/04/2015;14:00:00;28;com vítima;29,4;BR-116/RJ;Norte;Choque - Outros;1;;;;;;;;;;0;1;;;
21/04/2015;14:00:00;31;com vítima;53,2;BR-116/RJ;Sul;Saida de Pista;1;;;;;;;;;;0;2;;;
21/04/2015;10:04:00;14;com vítima;133,8;BR-116/RJ;Norte;Colisão Traseira;2;;;;;;;;;;3;1;;;
22/04/2015;21:12:00;45;sem vítima;26;BR-116/RJ;Norte;Saida de Pista;1;;;;;;;;;;3;;;;
22/04/2015;21:18:00;46;com vítima;26,3;BR-116/RJ;Sul;Colisão Lateral;1;;;;1;;;;;;4;2;;;
22/04/2015;19:02:00;38;sem vítima;133,5;BR-116/RJ;Sul;Colisão Lateral;1;;1;;;;;;;;7;;;;
22/04/2015;16:55:00;29;com vítima;143,5;BR-116/RJ;Sul;Colisão Traseira;2;;;;;;;;;;4;1;;;
23/04/2015;02:17:00;1;com vítima;85,6;BR-116/RJ;Sul;Colisão Traseira;2;;;;;;;;;;3;4;;;
23/04/2015;19:21:00;37;com vítima;107,6;BR-116/RJ;Norte;Colisão Frontal;2;;;;;;;;;;0;5;;;
23/04/2015;18:17:00;33;sem vítima;124,8;BR-116/RJ;Sul;Colisão Lateral;2;;;;;;;;;;2;;;;
23/04/2015;09:10:00;8;com vítima;142,8;BR-116/RJ;Norte;Engavetamento;3;;;;;;;;;;3;;1;;
24/04/2015;22:14:00;49;com vítima;16,9;BR-116/RJ;Sul;Saida de Pista;1;;;;;;;;;;0;3;;;
24/04/2015;23:20:00;52;com vítima;26,3;BR-116/RJ;Sul;Choque - Elemento de Drenagem;1;;;;;;;;;;0;1;;;
25/04/2015;10:44:00;16;com vítima;90,6;BR-116/RJ;Norte;Engavetamento;2;;2;;;;;;;;4;;2;;
25/04/2015;03:15:00;3;com vítima;101,95;BR-116/RJ;Sul;Saida de Pista;1;;;;;;;;;;0;1;;;
26/04/2015;10:52:00;15;com vítima;34,15;BR-116/RJ;Sul;Saida de Pista;1;;;;;;;;;;0;;1;;
26/04/2015;03:50:00;2;sem vítima;125,7;BR-116/RJ;Sul;Choque - Defensa, barreira ou "submarino";1;;;;;;;;;;1;;;;
26/04/2015;04:10:00;4;sem vítima;127,9;BR-116/RJ;Sul;Choque - Elemento de Drenagem;1;;;;;;;;;;2;;;;
26/04/2015;09:29:00;11;sem vítima;133,5;BR-116/RJ;Norte;Colisão Traseira;1;;;1;;;;;;;3;;;;
27/04/2015;13:10:00;25;sem vítima;71,6;BR-116/RJ;Sul;Colisão Traseira;1;;1;;;;;;;;2;;;;
27/04/2015;15:32:00;30;sem vítima;106,7;BR-116/RJ;Sul;Colisão Traseira;2;;;;;;;;;;2;;;;
27/04/2015;10:11:00;18;sem vítima;123,4;BR-116/RJ;Sul;Choque - Outros;1;;;;;;;;;;1;;;;
27/04/2015;23:18:00;48;sem vítima;134,8;BR-116/RJ;Norte;Colisão Lateral;1;;1;;;;;;;;2;;;;
27/04/2015;08:09:00;15;sem vítima;137;BR-116/RJ;Sul;Colisão Traseira;2;;;;;;;;;;2;;;;
27/04/2015;07:50:00;13;sem vítima;137,98;BR-116/RJ;Sul;Engavetamento;4;;1;;;;;;;;5;;;;
27/04/2015;07:38:00;12;sem vítima;139,5;BR-116/RJ;Sul;Colisão Traseira;2;;;;;;;;;;2;;;;
28/04/2015;03:35:00;5;sem vítima;28,3;BR-116/RJ;Norte;Choque - Defensa, barreira ou "submarino";1;;;;;;;;;;1;;;;
28/04/2015;11:30:00;20;sem vítima;60,75;BR-116/RJ;Norte;Colisão Traseira;2;;;;;;;;;;2;;;;
28/04/2015;16:08:00;34;com vítima;80,3;BR-116/RJ;Norte;Atropelamento - Ciclista;;1;1;;;;;;;;1;1;;;
28/04/2015;15:58:00;33;com vítima;133,55;BR-116/RJ;Sul;Colisão Transversal;1;;1;;;;;;;;1;;2;;
29/04/2015;15:22:00;25;sem vítima;131,8;BR-116/RJ;Sul;Colisão Traseira;2;;;;;;;;;;2;;;;
30/04/2015;23:18:00;42;sem vítima;104,2;BR-116/RJ;Norte;Colisão Lateral;2;;;;;;;;;;5;;;;
30/04/2015;12:30:00;20;sem vítima;125,3;BR-116/RJ;Norte;Choque - Defensa, barreira ou "submarino";;;1;;;;;;;;1;;;;
30/04/2015;09:57:00;17;sem vítima;133;BR-116/RJ;Sul;Colisão Lateral;2;;;;;;;;;;3;;;;
01/05/2015;17:49:00;29;sem vítima;44,85;BR-116/RJ;Sul;Choque - Defensa, barreira ou "submarino";;;1;;;;;;;;1;;;;
01/05/2015;13:16:00;23;com vítima;65,45;BR-116/RJ;Norte;Colisão Transversal;1;;;1;;;;;;;1;;;1;
01/05/2015;10:24:00;16;com vítima;72,6;BR-116/RJ;Norte;Colisão Traseira;1;1;;;;;;;;;1;;1;;
01/05/2015;19:02:00;32;com vítima;74,6;BR-116/RJ;Sul;Colisão Lateral;1;;;1;;;;;;;0;3;;;
01/05/2015;18:35:00;31;com vítima;88,1;BR-116/RJ;Norte;Saida de Pista;1;;;;;;;;;;0;1;;;
01/05/2015;12:29:00;21;com vítima;106,1;BR-116/RJ;Norte;Queda de Moto;;;;1;;;;;;;0;;1;;
02/05/2015;13:35:00;18;com vítima;80,3;BR-116/RJ;Norte;Colisão Traseira;1;;1;;;;;;;;2;4;;;
02/05/2015;15:40:00;24;sem vítima;103,3;BR-116/RJ;Norte;Colisão Traseira;1;;;;1;;;;;;2;;;;
02/05/2015;21:24:00;38;sem vítima;104,3;BR-116/RJ;Norte;Colisão Transversal;2;;;;;;;;;;7;;;;
02/05/2015;22:24:00;40;com vítima;138,4;BR-116/RJ;Sul;Queda de Moto;;;;1;;;;;;;0;1;;;
03/05/2015;21:05:00;46;com vítima;67,2;BR-116/RJ;Norte;Queda de Moto;;;;1;;;;;;;0;1;;;
03/05/2015;18:53:00;38;com vítima;83,7;BR-116/RJ;Norte;Colisão Transversal;2;;;;;;;;;;2;1;1;;
03/05/2015;14:28:00;21;com vítima;113;BR-116/RJ;Sul;Saida de Pista;1;;;;;;;;;;0;2;;;
03/05/2015;16:14:00;27;com vítima;114;BR-116/RJ;Sul;Capotamento;1;;;;;;;;;;0;1;;;
04/05/2015;20:47:00;52;com vítima;13,2;BR-116/RJ;Norte;Colisão Frontal;1;;1;;;;;;;;0;1;;;3
04/05/2015;07:52:00;14;com vítima;49,6;BR-116/RJ;Norte;Saida de Pista;1;;;;;;;;;;0;1;;;
04/05/2015;18:43:00;43;com vítima;70,2;BR-116/RJ;Sul;Colisão Lateral;2;;;;;;;;;;1;1;;;
04/05/2015;06:55:00;7;sem vítima;138;BR-116/RJ;Sul;Colisão Traseira;2;;;;;;;;;;2;;;;
05/05/2015;08:52:00;13;sem vítima;6,3;BR-116/RJ;Norte;Saida de Pista;1;;;;;;;;;;1;;;;
05/05/2015;20:38:00;39;sem vítima;94;BR-116/RJ;Norte;Colisão Lateral;2;;;;;;;;;;4;;;;
05/05/2015;13:10:00;23;com vítima;110,5;BR-116/RJ;Norte;Saida de Pista;1;;;;;;;;;;0;;1;;
05/05/2015;12:59:00;20;sem vítima;112,05;BR-116/RJ;Sul;Saida de Pista;1;;;;;;;;;;2;;;;
05/05/2015;16:00:00;31;sem vítima;123,1;BR-116/RJ;Norte;Engavetamento;;;3;;;;;;;;3;;;;
05/05/2015;09:43:00;15;com vítima;137,9;BR-116/RJ;Sul;Colisão Traseira;;;2;;;;;;;;2;1;;;
06/05/2015;09:05:00;9;com vítima;90,25;BR-116/RJ;Norte;Colisão Frontal;1;;1;;;;;;;;1;;2;;
06/05/2015;17:04:00;33;com vítima;103,5;BR-116/RJ;Sul;Colisão Traseira;1;;;;;1;;;;;1;1;;;
06/05/2015;13:20:00;22;com vítima;122;BR-116/RJ;Sul;Colisão Lateral;2;;;;;;;;;;2;1;;;
06/05/2015;16:08:00;32;com vítima;127,05;BR-116/RJ;Norte;Queda de Moto;;;;1;;;;;;;0;1;;;
06/05/2015;05:38:00;5;sem vítima;142,6;BR-116/RJ;Sul;Colisão Traseira;2;;;;;;;;;;2;;;;
07/05/2015;08:11:00;6;com vítima;78,3;BR-116/RJ;Sul;Colisão Transversal;1;;;1;;;;;;;1;1;;;
07/05/2015;21:39:00;60;sem vítima;124,2;BR-116/RJ;Sul;Atropelamento de Animal;1;;;;;;;;;;1;;;;
08/05/2015;21:44:00;59;com vítima;84,3;BR-116/RJ;Norte;Atropelamento - Sem Informação;;;;;;1;;;;;1;;;;1
08/05/2015;20:39:00;54;sem vítima;133,7;BR-116/RJ;Norte;Colisão Traseira;;;2;;;;;;;;2;;;;
09/05/2015;11:12:00;25;com vítima;107,1;BR-116/RJ;Norte;Saida de Pista;1;;;;;;;;;;0;;1;;
09/05/2015;13:58:00;33;com vítima;130,4;BR-116/RJ;Sul;Choque - Veiculo parado no acostamento;;;;;2;;;;;;2;1;;;
09/05/2015;11:36:00;26;com vítima;134,1;BR-116/RJ;Norte;Colisão Traseira;2;;;1;;;;;;;2;1;2;;
09/05/2015;16:50:00;41;sem vítima;141,7;BR-116/RJ;Sul;Atropelamento de animal;1;;;;;;;;;;1;;;;
10/05/2015;10:01:00;10;com vítima;13,5;BR-116/RJ;Norte;Queda de Moto;;;;1;;;;;;;0;;1;1;
10/05/2015;15:37:00;31;com vítima;87,95;BR-116/RJ;Sul;Colisão Traseira;3;;;;;;;;;;0;3;;;
10/05/2015;18:07:00;37;sem vítima;93,6;BR-116/RJ;Sul;Colisão Traseira;;;2;;;;;;;;2;;;;
10/05/2015;18:50:00;44;sem vítima;139,5;BR-116/RJ;Sul;Colisão Traseira;2;;;;;;;;;;2;;;;
11/05/2015;07:41:00;15;com vítima;5,7;BR-116/RJ;Sul;Saida de Pista;1;;;;;;;;;;0;1;;;
11/05/2015;10:44:00;26;com vítima;27,7;BR-116/RJ;Norte;Saida de Pista;1;;;;;;;;;;0;2;;;
11/05/2015;18:15:00;51;com vítima;47;BR-116/RJ;Norte;Choque - Objeto sobre a pista;;;;1;;;;;;;0;1;;;
11/05/2015;19:50:00;57;sem vítima;68,7;BR-116/RJ;Norte;Choque - Defensa, barreira ou "submarino";1;;;;;;;;;;1;;;;
12/05/2015;13:38:00;18;com vítima;34,05;BR-116/RJ;Norte;Saida de Pista;1;;;;;;;;;;0;1;;;
12/05/2015;15:44:00;32;sem vítima;131,5;BR-116/RJ;Sul;Colisão Transversal;1;;;;1;;;;;;2;;;;
12/05/2015;07:24:00;6;com vítima;140;BR-116/RJ;Norte;Atropelamento - Andarilho;1;;;;;;;;;;1;;;1;
13/05/2015;11:42:00;23;com vítima;53,3;BR-116/RJ;Sul;Saida de Pista;1;;;;;;;;;;0;;1;;
13/05/2015;18:42:00;43;sem vítima;106,5;BR-116/RJ;Norte;Choque - Defensa, barreira ou "submarino";1;;;;;;;;;;1;;;;
13/05/2015;14:28:00;27;sem vítima;126,95;BR-116/RJ;Norte;Colisão Traseira;2;;;;;;;;;;3;;;;
13/05/2015;17:30:00;41;sem vítima;135,3;BR-116/RJ;Sul;Colisão Lateral;;;2;;;;;;;;2;;;;
13/05/2015;11:05:00;21;com vítima;138,6;BR-116/RJ;Sul;Choque - Defensa, barreira ou "submarino";1;;;;;;;;;;0;1;;;
14/05/2015;13:07:00;29;com vítima;59,9;BR-116/RJ;Sul;Capotamento;1;;;;;;;;;;0;1;;;
14/05/2015;10:50:00;18;sem vítima;133,3;BR-116/RJ;Norte;Colisão Transversal;1;;1;;;;;;;;2;;;;
14/05/2015;08:45:00;7;sem vítima;137,7;BR-116/RJ;Sul;Colisão Lateral;1;;1;;;;;;;;2;;;;
15/05/2015;20:38:00;56;sem vítima;46,3;BR-116/RJ;Sul;Colisão Transversal;2;;;;;;;;;;2;;;;
15/05/2015;10:36:00;18;com vítima;64;BR-116/RJ;Sul;Atropelamento - Andarilho;;;;1;;;;;;;0;1;;;
15/05/2015;12:05:00;24;com vítima;79,5;BR-116/RJ;Sul;Colisão Transversal;2;;;;;;;;;;0;5;;;
15/05/2015;23:58:00;68;sem vítima;104,3;BR-116/RJ;Norte;Choque - Defensa, barreira ou "submarino";1;;;;;;;;;;1;;;;
15/05/2015;18:17:00;43;com vítima;138,8;BR-116/RJ;Norte;Colisão Traseira;1;;;1;;;;;;;1;1;;;
16/05/2015;20:20:00;45;com vítima;53,9;BR-116/RJ;Sul;Capotamento;1;;;;;;;;;;0;2;2;;
16/05/2015;04:30:00;6;sem vítima;114,7;BR-116/RJ;Norte;Atropelamento de Animal;1;;;;;;;;;;2;;;;
16/05/2015;16:29:00;33;sem vítima;125,5;BR-116/RJ;Sul;Choque - Defensa, barreira ou "submarino";1;;;;;;;;;;1;;;;
17/05/2015;20:14:00;57;com vítima;67,3;BR-116/RJ;Sul;Colisão Transversal;1;;;1;;;;;;;1;;1;;
17/05/2015;01:24:00;2;com vítima;69,3;BR-116/RJ;Norte;Colisão Transversal;2;;;;;;;;;;0;8;;;
17/05/2015;11:31:00;25;sem vítima;74,8;BR-116/RJ;Norte;Choque - Defensa, barreira ou "submarino";1;;;;;;;;;;1;;;;
17/05/2015;09:10:00;14;com vítima;94,7;BR-116/RJ;Sul;Choque - Defensa, barreira ou "submarino";;1;;;;;;;;;0;;1;;
18/05/2015;16:20:00;30;com vítima;88,05;BR-116/RJ;Norte;Choque - Defensa, barreira ou "submarino";1;;;;;;;;;;0;1;;;
18/05/2015;16:35:00;31;com vítima;114,1;BR-116/RJ;Sul;Saida de Pista;1;;;;;;;;;;1;1;;;
19/05/2015;19:15:00;27;com vítima;94,8;BR-116/RJ;Norte;Queda de Moto;;;;1;;;;;;;0;;1;;
21/05/2015;08:11:00;11;sem vítima;26,4;BR-116/RJ;Sul;Choque - Defensa, barreira ou "submarino";1;;;;;;;;;;1;;;;
21/05/2015;06:53:00;5;com vítima;144;BR-116/RJ;Sul;Choque - Defensa, barreira ou "submarino";1;;;;;;;;;;0;1;;;
22/05/2015;13:25:00;28;com vítima;5,2;BR-116/RJ;Norte;Saida de Pista;1;;;;;;;;;;0;2;;;
22/05/2015;14:48:00;29;com vítima;104,2;BR-116/RJ;Norte;Colisão Transversal;2;;;;;;;;;;0;2;;;
22/05/2015;08:35:00;12;com vítima;122;BR-116/RJ;Sul;Queda de Moto;;;;1;;;;;;;0;1;;;
22/05/2015;12:00:00;24;com vítima;126,9;BR-116/RJ;Sul;Saida de Pista;1;;;;;;;;;;0;1;;;
22/05/2015;20:59:00;53;sem vítima;140,99;BR-116/RJ;Sul;Colisão Traseira;1;;;;;1;;;;;2;;;;
23/05/2015;11:54:00;19;com vítima;76,2;BR-116/RJ;Sul;Colisão Frontal;;;;2;;;;;;;0;;2;;
23/05/2015;01:49:00;4;com vítima;80,4;BR-116/RJ;Norte;Capotamento;1;;;;;;;;;;0;1;2;;
23/05/2015;16:49:00;37;sem vítima;94,6;BR-116/RJ;Norte;Colisão Lateral;1;;1;;;;;;;;2;;;;
23/05/2015;14:32:00;28;com vítima;120,8;BR-116/RJ;Sul;Choque - Defensa, barreira ou "submarino";1;;;;;;;;;;0;;1;;
23/05/2015;13:23:00;23;com vítima;135,05;BR-116/RJ;Sul;Saida de Pista;1;;;;;;;;;;1;;1;;
23/05/2015;13:46:00;24;com vítima;135,05;BR-116/RJ;Sul;Colisão Traseira;1;;;;1;;;;;;2;1;;;
24/05/2015;04:23:00;4;com vítima;61,2;BR-116/RJ;Norte;Choque - Arvore;1;;;;;;;;;;0;;3;;
24/05/2015;18:07:00;32;com vítima;77,5;BR-116/RJ;Sul;Colisão Traseira;2;;;;;;;;;;0;2;;;
25/05/2015;17:55:00;32;sem vítima;94,1;BR-116/RJ;Sul;Colisão Lateral;1;;1;;;;;;;;2;;;;
25/05/2015;12:54:00;21;com vítima;117,014;BR-116/RJ;Norte;Colisão Traseira;2;;;;;;;;;;0;1;2;;
26/05/2015;05:02:00;4;sem vítima;35,45;BR-116/RJ;Norte;Choque - Defensa, barreira ou "submarino";1;;;;;;;;;;3;;;;
26/05/2015;19:47:00;41;com vítima;80,1;BR-116/RJ;Sul;Atropelamento - Sem Informação;;;;1;;;;;;;0;;2;;
27/05/2015;07:05:00;7;sem vítima;75,5;BR-116/RJ;Sul;Colisão Lateral;;;2;;;;;;;;2;;;;
28/05/2015;18:34:00;30;com vítima;62,7;BR-116/RJ;Sul;Atropelamento - Outros;1;;;;;;;;;;3;;1;1;
28/05/2015;14:52:00;19;sem vítima;143,8;BR-116/RJ;Sul;Colisão Lateral;1;;;;1;;;;;;2;;;;
29/05/2015;19:33:00;40;com vítima;40,1;BR-116/RJ;Norte;Colisão Frontal;2;;;;;;;;;;1;2;2;;
29/05/2015;13:43:00;19;com vítima;124,7;BR-116/RJ;Norte;Colisão Lateral;3;;;;;;;;;;2;2;;;
30/05/2015;00:03:00;1;com vítima;90,3;BR-116/RJ;Sul;Choque - Elemento de Drenagem;1;;;;;;;;;;1;1;;;
30/05/2015;14:02:00;25;com vítima;99,35;BR-116/RJ;Sul;Colisão Lateral;1;;;;;1;;;;;1;1;;;
30/05/2015;16:53:00;30;sem vítima;122,5;BR-116/RJ;Norte;Colisão Lateral;2;;;;;;;;;;2;;;;
31/05/2015;22:06:00;45;com vítima;61,3;BR-116/RJ;Sul;Saida de Pista;1;;;;;;;;;;1;1;;;
31/05/2015;01:38:00;5;com vítima;91,85;BR-116/RJ;Sul;Saida de Pista;1;;;;;;;;;;0;1;;;
31/05/2015;17:05:00;32;com vítima;119,3;BR-116/RJ;Sul;Colisão Lateral;2;;;;;;;;;;2;2;1;;
31/05/2015;00:40:00;3;sem vítima;122,5;BR-116/RJ;Norte;Queda de Moto;;;;1;;;;;;;1;;;;