data;horario;n_da_ocorrencia;tipo_de_ocorrencia;km;trecho;sentido;tipo_de_acidente;automovel;bicicleta;caminhao;moto;onibus;outros;tracao_animal;transporte_de_cargas_especiais;trator_maquinas;utilitarios;ilesos;levemente_feridos;moderadamente_feridos;gravemente_feridos;mortos
31/05/2015;05:13:00;10;sem vítima;127,1;BR-116/RJ;Norte;Choque - Outros;1;;;;;;;;;;1;;;;
31/05/2015;17:47:00;34;com vítima;143,4;BR-116/RJ;Sul;Colisão Lateral;1;;;1;;;;;;;1;2;;;
01/06/2015;09:23:00;13;com vítima;72,4;BR-116/RJ;Norte;Saida de Pista;1;;;;;;;;;;1;1;;;
01/06/2015;09:12:00;12;com vítima;90,3;BR-116/RJ;Norte;Colisão Lateral;1;;1;;;;;;;;1;1;;;
01/06/2015;23:33:00;43;com vítima;133,6;BR-116/RJ;Norte;Colisão Lateral;;;1;1;;;;;;;1;1;;;
01/06/2015;14:05:00;19;com vítima;137,05;BR-116/RJ;Norte;Choque - Defensa, barreira ou "submarino";1;;;;;;;;;;0;1;;;
01/06/2015;07:35:00;8;sem vítima;143,2;BR-116/RJ;Norte;Colisão Traseira;1;;1;;;;;;;;2;;;;
02/06/2015;20:55:00;39;com vítima;25,6;BR-116/RJ;Sul;Saida de Pista;1;;;;;;;;;;0;1;2;;
02/06/2015;17:15:00;29;com vítima;26,5;BR-116/RJ;Norte;Saida de Pista;1;;;;;;;;;;0;1;1;;
02/06/2015;12:45:00;21;sem vítima;116,5;BR-116/RJ;Norte;Saida de Pista;1;;;;;;;;;;1;;;;
02/06/2015;08:38:00;13;com vítima;127,2;BR-116/RJ;Sul;Colisão Lateral;1;;;1;;;;;;;1;1;;;
03/06/2015;12:01:00;18;com vítima;78,2;BR-116/RJ;Norte;Colisão Transversal;1;;;1;;;;;;;0;1;;1;
03/06/2015;12:24:00;19;com vítima;130,05;BR-116/RJ;Norte;Queda de Moto;;;;1;;;;;;;0;;;1;
03/06/2015;11:50:00;17;com vítima;142,5;BR-116/RJ;Norte;Colisão Frontal;2;;;;;;;;;;1;;1;;
04/06/2015;09:27:00;19;com vítima;29,8;BR-116/RJ;Norte;Engavetamento;4;;;;;;;;;;1;3;;;
04/06/2015;16:04:00;38;com vítima;61,9;BR-116/RJ;Sul;Colisão Frontal;2;;;;;;;;;;2;2;1;1;
04/06/2015;09:52:00;21;com vítima;87,5;BR-116/RJ;Sul;Colisão Traseira;1;;;1;;;;;;;1;1;;;
04/06/2015;08:35:00;15;sem vítima;99,5;BR-116/RJ;Norte;Colisão Traseira;2;;;;;;;;;;2;;;;
04/06/2015;17:50:00;45;com vítima;129,4;BR-116/RJ;Norte;Queda de Moto;;;;1;;;;;;;0;1;;;
05/06/2015;15:37:00;31;sem vítima;97,1;BR-116/RJ;Norte;Colisão Lateral;1;;;;;;;;;;1;;;;
05/06/2015;15:35:00;30;com vítima;97,7;BR-116/RJ;Sul;Colisão Traseira;1;;;;;;;;;;0;;2;;
05/06/2015;15:20:00;29;com vítima;99,55;BR-116/RJ;Sul;Saida de Pista;;;1;;;;;;;;0;;;2;
05/06/2015;12:40:00;19;com vítima;142,95;BR-116/RJ;Norte;Capotamento;1;;;;;;;;;;1;1;;;
06/06/2015;06:30:00;7;com vítima;17,7;BR-116/RJ;Norte;Saida de Pista;1;;;;;;;;;;1;1;;;
06/06/2015;01:00:00;2;com vítima;29,3;BR-116/RJ;Norte;Tombamento;;;1;;;;;;;;0;;;;1
06/06/2015;17:57:00;50;com vítima;75,5;BR-116/RJ;Norte;Choque - Defensa, barreira ou "submarino";1;;;;;;;;;;0;1;;;
06/06/2015;14:46:00;35;com vítima;120,45;BR-116/RJ;Sul;Colisão Lateral;;1;;;1;;;;;;1;;1;;
06/06/2015;11:53:00;29;com vítima;137,6;BR-116/RJ;Norte;Colisão Traseira;1;;;1;;;;;;;1;1;;;
07/06/2015;16:50:00;32;com vítima;17,1;BR-116/RJ;Norte;Capotamento;1;;;;;;;;;;2;1;;;
07/06/2015;17:20:00;33;com vítima;48;BR-116/RJ;Sul;Choque - Defensa, barreira ou "submarino";3;;;;;;;;;;0;5;;;
07/06/2015;13:29:00;21;com vítima;101;BR-116/RJ;Sul;Colisão Lateral;;;;1;;1;;;;;1;1;;;
07/06/2015;18:36:00;39;sem vítima;136,8;BR-116/RJ;Sul;Engavetamento;2;;;;;1;;;;;9;;;;
07/06/2015;05:01:00;3;com vítima;137,5;BR-116/RJ;Norte;Saida de Pista;1;;;;;;;;;;0;2;;;
07/06/2015;15:45:00;26;com vítima;141;BR-116/RJ;Norte;Choque - Defensa, barreira ou "submarino";1;;;;;;;;;;0;1;;;
08/06/2015;01:09:00;3;com vítima;128,6;BR-116/RJ;Norte;Saida de Pista;1;;;;;;;;;;0;1;;;
08/06/2015;07:49:00;9;sem vítima;139,2;BR-116/RJ;Norte;Choque - Defensa, barreira ou "submarino";1;;;;;;;;;;1;;;;
08/06/2015;18:22:00;42;sem vítima;143,5;BR-116/RJ;Sul;Colisão Traseira;2;;;;;;;;;;2;;;;
09/06/2015;19:56:00;34;com vítima;91,2;BR-116/RJ;Sul;Choque - Defensa, barreira ou "submarino";1;;;;;;;;;;1;2;;;
09/06/2015;04:54:00;8;sem vítima;138,7;BR-116/RJ;Norte;Colisão Traseira;1;;1;;;;;;;;2;;;;
10/06/2015;11:18:00;11;com vítima;40,1;BR-116/RJ;Norte;Queda de Moto;;;;1;;;;;;;0;1;;;
10/06/2015;16:41:00;20;com vítima;99,3;BR-116/RJ;Norte;Queda de Moto;;;;1;;;;;;;0;1;;;
10/06/2015;20:00:00;28;sem vítima;143,8;BR-116/RJ;Sul;Colisão Traseira;2;;;;;;;;;;2;;;;
11/06/2015;11:39:00;20;com vítima;6,3;BR-116/RJ;Sul;Tombamento;;;1;;;;;;;;0;1;;;
11/06/2015;08:19:00;7;sem vítima;73;BR-116/RJ;Norte;Choque - Elemento de Drenagem;1;;;;;;;;;;1;;;;
11/06/2015;14:45:00;26;com vítima;95,05;BR-116/RJ;Norte;Colisão Frontal;1;;;1;;;;;;;1;1;;;
11/06/2015;08:30:00;8;com vítima;136;BR-116/RJ;Sul;Colisão Lateral;1;;;;;1;;;;;1;1;;;
12/06/2015;22:00:00;52;com vítima;47,9;BR-116/RJ;Norte;Saida de Pista;1;;;;;;;;;;0;2;;;
12/06/2015;13:20:00;28;com vítima;78,6;BR-116/RJ;Sul;Colisão Traseira;1;;;1;;;;;;;1;1;;;
12/06/2015;14:58:00;32;sem vítima;144;BR-116/RJ;Sul;Choque - Defensa, barreira ou "submarino";;;;;1;;;;;;1;;;;
14/06/2015;06:42:00;11;com vítima;53,45;BR-116/RJ;Sul;Saida de Pista;1;;;;;;;;;;0;1;1;;
14/06/2015;20:33:00;50;com vítima;72,6;BR-116/RJ;Sul;Colisão Frontal;2;;;;;;;;;;1;;2;;
14/06/2015;23:47:00;59;com vítima;99,3;BR-116/RJ;Sul;Queda de Moto;;;;1;;;;;;;0;;1;;
14/06/2015;16:25:00;29;com vítima;107;BR-116/RJ;Norte;Colisão Traseira;1;;;1;;;;;;;1;1;;;
14/06/2015;05:05:00;10;sem vítima;125,4;BR-116/RJ;Norte;Choque - Defensa, barreira ou "submarino";1;;;;;;;;;;1;;;;
14/06/2015;04:56:00;8;com vítima;128,6;BR-116/RJ;Norte;Queda de Moto;;;;1;;;;;;;0;1;;;
14/06/2015;20:02:00;49;sem vítima;139,5;BR-116/RJ;Sul;Colisão Lateral;1;;1;;;;;;;;2;;;;
14/06/2015;18:28:00;40;sem vítima;141,7;BR-116/RJ;Sul;Colisão Traseira;2;;;;;;;;;;2;;;;
15/06/2015;15:35:00;21;sem vítima;81;BR-116/RJ;Sul;Choque - Defensa, barreira ou "submarino";1;;;;;;;;;;1;;;;
15/06/2015;15:09:00;18;com vítima;90,25;BR-116/RJ;Sul;Queda de Moto;;;;1;;;;;;;0;;1;;
15/06/2015;18:08:00;30;sem vítima;125,5;BR-116/RJ;Norte;Choque - Defensa, barreira ou "submarino";1;;;;;;;;;;2;;;;
15/06/2015;18:15:00;31;sem vítima;125,5;BR-116/RJ;Norte;Choque - Defensa, barreira ou "submarino";1;;;;;;;;;;6;;;;
15/06/2015;14:38:00;16;sem vítima;126,6;BR-116/RJ;Norte;Choque - Defensa, barreira ou "submarino";1;;;;;1;;;;;2;;;;
16/06/2015;09:40:00;22;sem vítima;7,4;BR-116/RJ;Norte;Saida de Pista;1;;;;;;;;;;1;;;;
16/06/2015;07:59:00;10;com vítima;26,4;BR-116/RJ;Sul;Saida de Pista;1;;;;;;;;;;0;1;;;
16/06/2015;12:14:00;27;com vítima;26,5;BR-116/RJ;Norte;Saida de Pista;1;;;;;;;;;;0;1;;;
16/06/2015;21:55:00;50;com vítima;64,4;BR-116/RJ;Sul;Colisão Frontal;;;1;1;;;;;;;1;;;1;
16/06/2015;23:48:00;54;com vítima;133,9;BR-116/RJ;Sul;Choque - Defensa, barreira ou "submarino";1;;;;;;;;;;0;4;;;
16/06/2015;07:20:00;9;sem vítima;138,6;BR-116/RJ;Norte;Choque - Defensa, barreira ou "submarino";1;;;;;;;;;;1;;;;
17/06/2015;17:10:00;37;com vítima;87,5;BR-116/RJ;Norte;Colisão Transversal;1;;1;;;;;;;;0;4;;;
17/06/2015;17:55:00;41;sem vítima;139,4;BR-116/RJ;Norte;Choque - Defensa, barreira ou "submarino";1;;;;;;;;;;1;;;;
17/06/2015;20:22:00;48;sem vítima;140,25;BR-116/RJ;Norte;Engavetamento;4;;;;;;;;;;12;;;;
17/06/2015;18:27:00;42;sem vítima;142,9;BR-116/RJ;Norte;Engavetamento;1;;2;;;;;;;;3;;;;
18/06/2015;22:36:00;49;sem vítima;57;BR-116/RJ;Sul;Atropelamento de Animal;;;1;;;;;;;;1;;;;
18/06/2015;08:07:00;9;com vítima;100,05;BR-116/RJ;Sul;Colisão Traseira;1;;;1;;;;;;;1;1;;;
18/06/2015;12:10:00;22;sem vítima;143,2;BR-116/RJ;Sul;Colisão Lateral;1;;1;;;;;;;;2;;;;
19/06/2015;06:48:00;4;com vítima;49,4;BR-116/RJ;Norte;Colisão Lateral;1;;1;;;;;;;;1;3;;;
19/06/2015;21:19:00;39;com vítima;72,4;BR-116/RJ;Sul;Saida de Pista;1;;;;;;;;;;0;1;;;
19/06/2015;22:47:00;48;com vítima;88,7;BR-116/RJ;Sul;Choque - Suporte de Sinalização;;;;1;;;;;;;0;;1;;
19/06/2015;14:01:00;17;sem vítima;90;BR-116/RJ;Norte;Colisão Traseira;1;;1;;1;;;;;;3;;;;
19/06/2015;22:18:00;47;com vítima;91,05;BR-116/RJ;Sul;Colisão Frontal;;;1;;;;;;;1;3;;2;1;
19/06/2015;20:22:00;35;sem vítima;107,4;BR-116/RJ;Norte;Colisão Traseira;1;;;;;1;;;;;2;;;;
19/06/2015;05:46:00;3;sem vítima;132;BR-116/RJ;Sul;Colisão Traseira;1;;;;;;;;;;1;;;;
19/06/2015;16:45:00;25;sem vítima;143;BR-116/RJ;Sul;Colisão Traseira;;;;;2;;;;;;2;;;;
20/06/2015;04:55:00;5;sem vítima;103;BR-116/RJ;Norte;Choque - Defensa, barreira ou "submarino";1;;;;;;;;;;3;;;;
21/06/2015;07:15:00;8;sem vítima;5,3;BR-116/RJ;Sul;Choque - Defensa, barreira ou "submarino";1;;;;;;;;;;1;;;;
21/06/2015;18:39:00;31;com vítima;33,7;BR-116/RJ;Sul;Choque - Defensa, barreira ou "submarino";1;;;;;;;;;;0;1;;;
21/06/2015;07:30:00;9;com vítima;35,05;BR-116/RJ;Norte;Choque - Elemento de Drenagem;1;;;;;;;;;;0;2;;;
21/06/2015;03:11:00;5;com vítima;62,6;BR-116/RJ;Norte;Colisão Lateral;1;;;;;;;;;;0;1;;;
21/06/2015;23:21:00;46;com vítima;67,8;BR-116/RJ;Norte;Saida de Pista;1;;;;;;;;;;0;;1;1;1
21/06/2015;12:52:00;15;com vítima;86,3;BR-116/RJ;Sul;Queda de Moto;;;;1;;;;;;;0;1;;;
21/06/2015;21:07:00;39;com vítima;90,6;BR-116/RJ;Norte;Choque - Defensa, barreira ou "submarino";1;;;;;;;;;;4;1;;;
21/06/2015;01:02:00;2;sem vítima;97,3;BR-116/RJ;Norte;Colisão Lateral;1;;1;;;;;;;;2;;;;
21/06/2015;22:31:00;42;sem vítima;100,9;BR-116/RJ;Norte;Colisão Lateral;1;;;;;;;;;1;2;;;;
21/06/2015;08:50:00;10;sem vítima;104;BR-116/RJ;Norte;Choque - Suporte de Sinalização;1;;;;;;;;;;1;;;;
21/06/2015;05:41:00;7;sem vítima;121;BR-116/RJ;Sul;Saida de Pista;1;;;;;;;;;;1;;;;
22/06/2015;11:57:00;23;com vítima;6,2;BR-116/RJ;Norte;Saida de Pista;1;;;;;;;;;;0;1;;;
22/06/2015;05:35:00;2;sem vítima;27,7;BR-116/RJ;Norte;Choque - Defensa, barreira ou "submarino";1;;;;;;;;;;1;;;;
22/06/2015;02:21:00;1;sem vítima;53,3;BR-116/RJ;Norte;Saida de Pista;1;;;;;;;;;;1;;;;
22/06/2015;08:49:00;9;com vítima;78,8;BR-116/RJ;Sul;Colisão Traseira;2;;;;;;;;;;1;;1;;
22/06/2015;17:22:00;38;com vítima;79,05;BR-116/RJ;Sul;Colisão Traseira;1;;1;;;;;;;;1;1;;;
22/06/2015;09:53:00;12;sem vítima;93,1;BR-116/RJ;Sul;Colisão Lateral;;;2;;;;;;;;2;;;;
22/06/2015;12:28:00;25;sem vítima;136,1;BR-116/RJ;Norte;Engavetamento;2;;1;;;;;;;;3;;;;
22/06/2015;11:11:00;17;com vítima;143,1;BR-116/RJ;Sul;Engavetamento;4;;;;;;;;;;4;1;;;
23/06/2015;21:37:00;49;sem vítima;29,1;BR-116/RJ;Norte;Choque - Defensa, barreira ou "submarino";;;1;;;;;;;;1;;;;
23/06/2015;16:12:00;31;sem vítima;133;BR-116/RJ;Sul;Colisão Transversal;1;;;1;;;;;;;2;;;;
23/06/2015;06:48:00;4;sem vítima;133,5;BR-116/RJ;Sul;Choque - Outros;;;1;;;;;;;;1;;;;
24/06/2015;16:11:00;32;com vítima;17;BR-116/RJ;Sul;Choque - Outros;1;;;;;;;;;;1;2;;;
24/06/2015;12:45:00;18;com vítima;26,05;BR-116/RJ;Norte;Choque - Defensa, barreira ou "submarino";1;;;;;;;;;;0;1;;;
24/06/2015;14:20:00;25;com vítima;26,15;BR-116/RJ;Norte;Choque - Defensa, barreira ou "submarino";1;;;;;;;;;;0;1;;;
24/06/2015;12:20:00;17;com vítima;53,3;BR-116/RJ;Norte;Saida de Pista;1;;;;;;;;;;0;1;;;
24/06/2015;14:03:00;30;com vítima;53,5;BR-116/RJ;Sul;Saida de Pista;1;;;;;;;;;;0;;1;;
24/06/2015;17:47:00;35;com vítima;104,8;BR-116/RJ;Norte;Choque - Defensa, barreira ou "submarino";1;;;;;;;;;;0;1;;;
24/06/2015;10:26:00;9;com vítima;125,4;BR-116/RJ;Norte;Saida de Pista;1;;;;;;;;;;1;1;;;
24/06/2015;13:48:00;24;sem vítima;127,4;BR-116/RJ;Norte;Colisão Lateral;2;;;;;;;;;;2;;;;
25/06/2015;16:03:00;27;sem vítima;86,001;BR-116/RJ;Norte;Colisão Traseira;1;;1;;;;;;;;2;;;;
25/06/2015;10:23:00;16;com vítima;90;BR-116/RJ;Norte;Choque - Defensa, barreira ou "submarino";1;;;;;;;;;;0;1;;;
25/06/2015;19:01:00;36;com vítima;94,7;BR-116/RJ;Sul;Colisão Frontal;1;;1;;;;;;;;0;2;;;
25/06/2015;17:43:00;33;com vítima;133,7;BR-116/RJ;Norte;Colisão Traseira;1;;;1;;;;;;;3;1;;;
25/06/2015;21:25:00;43;sem vítima;134,45;BR-116/RJ;Sul;Colisão Lateral;1;;1;;;;;;;;3;;;;
26/06/2015;18:12:00;64;sem vítima;79,5;BR-116/RJ;Norte;Colisão Traseira;3;;1;;;;;;;;4;;;;
27/06/2015;23:20:00;59;sem vítima;77,05;BR-116/RJ;Sul;Tombamento;;;1;;;;;;;;1;;;;
27/06/2015;21:21:00;55;com vítima;77,75;BR-116/RJ;Norte;Engavetamento;3;;;1;;;;;;;2;2;;;
27/06/2015;21:21:00;54;com vítima;85,97;BR-116/RJ;Sul;Choque - Defensa, barreira ou "submarino";1;;;;;;;;;;0;1;;;
27/06/2015;16:09:00;42;com vítima;92,6;BR-116/RJ;Norte;Colisão Traseira;2;;;;;;;;;;1;1;;;
27/06/2015;06:43:00;16;com vítima;100,5;BR-116/RJ;Norte;Choque - Defensa, barreira ou "submarino";1;;;;;;;;;;0;1;;;
27/06/2015;02:49:00;7;sem vítima;125,6;BR-116/RJ;Sul;Choque - Defensa, barreira ou "submarino";1;;;;;;;;;;1;;;;
27/06/2015;06:36:00;15;sem vítima;127,65;BR-116/RJ;Sul;Choque - Defensa, barreira ou "submarino";1;;;;;;;;;;1;;;;
27/06/2015;04:05:00;8;sem vítima;130;BR-116/RJ;Sul;Atropelamento de Animal;1;;;;;;;;;;1;;;;
27/06/2015;13:26:00;36;com vítima;139;BR-116/RJ;Sul;Colisão Traseira;1;1;;;;;;;;;1;;;1;
29/06/2015;15:49:00;25;sem vítima;133;BR-116/RJ;Norte;Colisão Traseira;1;;1;;;;;;;;2;;;;
30/06/2015;18:25:00;42;sem vítima;96,2;BR-116/RJ;Sul;Choque - Defensa, barreira ou "submarino";1;;;;;;;;;;1;;;;
01/07/2015;02:18:00;4;com vítima;127,2;BR-116/RJ;Sul;Queda de Moto;;;;1;;;;;;;0;;1;;
02/07/2015;11:03:00;19;com vítima;80,3;BR-116/RJ;Sul;Choque - Defensa, barreira ou "submarino";1;;;;;;;;;;0;1;;;
02/07/2015;12:37:00;22;com vítima;99,9;BR-116/RJ;Norte;Colisão Traseira;2;;;;;;;;;;1;3;;;
02/07/2015;18:06:00;33;sem vítima;106,2;BR-116/RJ;Sul;Saida de Pista;1;;;;;;;;;;1;;;;
02/07/2015;14:13:00;26;sem vítima;127,2;BR-116/RJ;Norte;Tombamento;;;1;;;;;;;;2;;;;
02/07/2015;09:06:00;13;sem vítima;133,5;BR-116/RJ;Sul;Colisão Lateral;;;1;;1;;;;;;2;;;;
03/07/2015;19:09:00;46;com vítima;10,1;BR-116/RJ;Norte;Choque - Outros;;;;1;;;;;;;0;1;;;
03/07/2015;15:44:00;36;sem vítima;90;BR-116/RJ;Norte;Colisão Traseira;3;;1;;;;;;;;4;;;;
03/07/2015;14:40:00;32;com vítima;104;BR-116/RJ;Sul;Colisão Lateral;1;;;;;;;;;1;0;2;;;
03/07/2015;20:20:00;48;sem vítima;107,75;BR-116/RJ;Sul;Saida de Pista;1;;;;;;;;;;1;;;;
04/07/2015;14:11:00;37;sem vítima;33,8;BR-116/RJ;Sul;Choque - Defensa, barreira ou "submarino";1;;;;;;;;;;1;;;;
04/07/2015;05:27:00;7;com vítima;89;BR-116/RJ;Sul;Queda de Moto;;;;1;;;;;;;0;1;;;
04/07/2015;20:19:00;61;sem vítima;123,5;BR-116/RJ;Norte;Choque - Defensa, barreira ou "submarino";1;;;;;;;;;;1;;;;
04/07/2015;13:25:00;30;sem vítima;137;BR-116/RJ;Sul;Colisão Lateral;2;;;;;;;;;;2;;;;
04/07/2015;22:12:00;64;sem vítima;137,8;BR-116/RJ;Sul;Colisão Traseira;1;;;;;1;;;;;2;;;;
05/07/2015;21:12:00;45;com vítima;59,8;BR-116/RJ;Norte;Colisão Lateral;2;;;;;;;;;;1;4;;1;
05/07/2015;11:15:00;14;com vítima;80;BR-116/RJ;Sul;Colisão Traseira;3;;;;;;;;;;0;2;2;;
05/07/2015;15:17:00;24;com vítima;101,3;BR-116/RJ;Norte;Colisão Transversal;1;;;1;;;;;;;0;;2;;
05/07/2015;19:20:00;32;sem vítima;133,5;BR-116/RJ;Norte;Colisão Traseira;2;;;;;;;;;;6;;;;
06/07/2015;00:58:00;1;com vítima;62,15;BR-116/RJ;Sul;Saida de Pista;1;;;;;;;;;;0;1;1;;
06/07/2015;13:50:00;34;sem vítima;103;BR-116/RJ;Norte;Colisão Transversal;1;;1;;;;;;;;2;;;;
06/07/2015;15:50:00;41;com vítima;106,1;BR-116/RJ;Sul;Choque - Defensa, barreira ou "submarino";1;;;;;;;;;;0;1;;;
06/07/2015;05:55:00;7;sem vítima;112,8;BR-116/RJ;Sul;Choque - Defensa, barreira ou "submarino";1;;;;;;;;;;1;;;;
06/07/2015;14:11:00;35;sem vítima;140,5;BR-116/RJ;Norte;Colisão Lateral;2;;1;;;;;;;;3;;;;
06/07/2015;08:43:00;17;com vítima;141,8;BR-116/RJ;Sul;Colisão Traseira;1;;;;1;;;;;;2;1;;;
07/07/2015;13:11:00;19;com vítima;78,3;BR-116/RJ;Sul;Colisão Lateral;2;;;;;;;;;;3;4;;;
07/07/2015;05:25:00;3;com vítima;94,85;BR-116/RJ;Sul;Choque - Defensa, barreira ou "submarino";;;1;;;;;;;;0;1;;;
07/07/2015;16:35:00;30;com vítima;111,85;BR-116/RJ;Norte;Choque - Defensa, barreira ou "submarino";1;;;;;;;;;;0;2;;;
08/07/2015;13:35:00;25;com vítima;124,8;BR-116/RJ;Sul;Colisão Lateral;1;;1;;;;;;;;1;1;;;
09/07/2015;06:10:00;2;com vítima;49,8;BR-116/RJ;Norte;Choque - Defensa, barreira ou "submarino";1;;;;;;;;;;0;1;;;
09/07/2015;07:34:00;5;com vítima;74,6;BR-116/RJ;Sul;Saida de Pista;1;;;;;;;;;;0;;;2;
09/07/2015;19:46:00;41;sem vítima;133,7;BR-116/RJ;Norte;Colisão Traseira;1;;;1;;;;;;;3;;;;
09/07/2015;07:27:00;4;sem vítima;136,7;BR-116/RJ;Norte;Choque - Defensa, barreira ou "submarino";;;1;;;;;;;;1;;;;
09/07/2015;11:23:00;13;com vítima;142;BR-116/RJ;Norte;Atropelamento - Sem Informação;1;;;;;;;;;;1;;1;;
09/07/2015;12:03:00;16;com vítima;143,8;BR-116/RJ;Sul;Colisão Lateral;;;;1;;1;;;;;1;1;;;
11/07/2015;15:24:00;35;com vítima;74,9;BR-116/RJ;Sul;Choque - Outros;1;;;;;;;;;;0;1;;;
11/07/2015;08:12:00;10;sem vítima;133,5;BR-116/RJ;Norte;Colisão Lateral;1;;1;;;;;;;;2;;;;
11/07/2015;14:05:00;30;com vítima;136,8;BR-116/RJ;Norte;Colisão Lateral;;;;1;;1;;;;;1;;2;;
12/07/2015;16:13:00;25;com vítima;55,3;BR-116/RJ;Sul;Colisão Traseira;2;;;;;;;;;;1;6;;;
12/07/2015;20:10:00;39;com vítima;62,8;BR-116/RJ;Norte;Queda de Moto;;;;;;1;;;;;0;1;;;
12/07/2015;21:55:00;45;com vítima;69,1;BR-116/RJ;Norte;Colisão Frontal;2;;;;;;;;;;0;4;;;
12/07/2015;04:27:00;6;sem vítima;76,1;BR-116/RJ;Sul;Queda de Moto;;;;1;;;;;;;2;;;;
12/07/2015;17:10:00;27;sem vítima;89,05;BR-116/RJ;Sul;Engavetamento;3;;;;;;;;;;3;;;;
12/07/2015;03:50:00;4;sem vítima;106,3;BR-116/RJ;Sul;Choque - Defensa, barreira ou "submarino";1;;;;;;;;;;1;;;;
12/07/2015;20:23:00;40;sem vítima;125,5;BR-116/RJ;Sul;Colisão Traseira;2;;;;;;;;;;2;;;;
12/07/2015;04:22:00;5;com vítima;125,9;BR-116/RJ;Norte;Choque - Defensa, barreira ou "submarino";1;;;;;;;;;;0;1;;;
12/07/2015;10:41:00;12;sem vítima;133,4;BR-116/RJ;Sul;Engavetamento;3;;;;;;;;;;3;;;;
12/07/2015;18:40:00;34;sem vítima;135,6;BR-116/RJ;Sul;Colisão Traseira;2;;;;;;;;;;2;;;;
12/07/2015;05:56:00;7;sem vítima;141,9;BR-116/RJ;Sul;Colisão Lateral;2;;;;;;;;;;2;;;;
14/07/2015;09:14:00;14;com vítima;86,7;BR-116/RJ;Norte;Tombamento;;;1;;;;;;;;0;1;;;
14/07/2015;15:52:00;40;sem vítima;107;BR-116/RJ;Norte;Colisão Lateral;;;2;;;;;;;;2;;;;
14/07/2015;18:40:00;49;sem vítima;122,8;BR-116/RJ;Sul;Colisão Traseira;1;;1;;;;;;;;2;;;;
15/07/2015;18:39:00;35;com vítima;52,8;BR-116/RJ;Sul;Colisão Lateral;2;;;1;;;;;;;1;1;1;1;
15/07/2015;16:35:00;28;com vítima;75,2;BR-116/RJ;Sul;Colisão Traseira;3;;;;;;;;;;0;3;;;
15/07/2015;20:07:00;42;com vítima;95,025;BR-116/RJ;Norte;Colisão Lateral;1;;1;;;;;;;;1;2;;;
15/07/2015;04:13:00;3;sem vítima;132,1;BR-116/RJ;Sul;Saida de Pista;;;;;1;;;;;;1;;;;
15/07/2015;08:07:00;8;com vítima;144;BR-116/RJ;Sul;Queda de Moto;;;;1;;;;;;;0;;1;;
16/07/2015;21:05:00;58;sem vítima;95;BR-116/RJ;Norte;Colisão Lateral;1;;1;;;;;;;;2;;;;
16/07/2015;20:45:00;57;sem vítima;96,5;BR-116/RJ;Sul;Colisão Traseira;1;;1;;;;;;;;2;;;;
16/07/2015;21:29:00;61;com vítima;113,1;BR-116/RJ;Norte;Queda de Moto;;;;1;;;;;;;0;;;;2
16/07/2015;07:48:00;8;sem vítima;137,8;BR-116/RJ;Sul;Engavetamento;4;;;;;;;;;;4;;;;
17/07/2015;20:13:00;44;sem vítima;132,4;BR-116/RJ;Sul;Tombamento;;;1;;;;;;;;1;;;;
18/07/2015;14:35:00;29;sem vítima;104,1;BR-116/RJ;Norte;Colisão Transversal;2;;;;;;;;;;2;;;;
18/07/2015;02:22:00;5;sem vítima;121,55;BR-116/RJ;Sul;Choque - Defensa, barreira ou "submarino";1;;;;;;;;;;4;;;;
18/07/2015;06:35:00;11;com vítima;122;BR-116/RJ;Norte;Queda de Moto;;;;1;;;;;;;0;1;;;
18/07/2015;06:45:00;12;com vítima;122;BR-116/RJ;Sul;Colisão Traseira;3;;;;;;;;;;2;1;;;
18/07/2015;21:26:00;50;sem vítima;143,6;BR-116/RJ;Norte;Colisão Lateral;2;;;;;;;;;;4;;;;
19/07/2015;05:23:00;4;com vítima;63,2;BR-116/RJ;Norte;Choque - Elemento de Drenagem;1;;;;;;;;;;0;1;;;
19/07/2015;19:08:00;36;sem vítima;129,15;BR-116/RJ;Sul;Engavetamento;3;;;;;;;;;;6;;;;
20/07/2015;21:22:00;63;com vítima;3,2;BR-116/RJ;Norte;Colisão Traseira;;;2;;;;;;;;0;2;;;
20/07/2015;15:20:00;34;sem vítima;89,5;BR-116/RJ;Sul;Colisão Lateral;1;;;;;1;;;;;2;;;;
20/07/2015;01:54:00;3;sem vítima;135,7;BR-116/RJ;Norte;Colisão Traseira;2;;;;;;;;;;2;;;;
20/07/2015;12:23:00;23;com vítima;137,7;BR-116/RJ;Sul;Colisão Lateral;1;;;1;;;;;;;1;1;;;
20/07/2015;16:38:00;42;sem vítima;144;BR-116/RJ;Sul;Colisão Lateral;2;;;;;;;;;;2;;;;
21/07/2015;05:37:00;6;com vítima;107,7;BR-116/RJ;Norte;Capotamento;1;;;;;;;;;;0;4;;;
21/07/2015;06:13:00;8;sem vítima;139;BR-116/RJ;Sul;Choque - Defensa, barreira ou "submarino";1;;;;;;;;;;1;;;;
22/07/2015;13:58:00;31;com vítima;5,8;BR-116/RJ;Norte;Colisão Lateral;1;;1;;;;;;;;1;1;;;
22/07/2015;20:25:00;52;sem vítima;19,95;BR-116/RJ;Sul;Atropelamento de Animal;1;;;;;;;;;;1;;;;