data;horario;n_da_ocorrencia;tipo_de_ocorrencia;km;trecho;sentido;tipo_de_acidente;automovel;bicicleta;caminhao;moto;onibus;outros;tracao_animal;transporte_de_cargas_especiais;trator_maquinas;utilitarios;ilesos;levemente_feridos;moderadamente_feridos;gravemente_feridos;mortos
06/09/2015;22:55:00;61;sem vítima;94,2;BR-116/RJ;Norte;Choque - Defensa, barreira ou "submarino";1;;;;;;;;;;2;;;;
06/09/2015;17:38:00;48;com vítima;126,15;BR-116/RJ;Norte;Engavetamento;;;1;;2;;;;;;2;7;1;;
06/09/2015;20:32:00;56;com vítima;126,8;BR-116/RJ;Norte;Queda de Moto;;;;1;;;;;;;0;;1;;
06/09/2015;03:46:00;6;com vítima;127,05;BR-116/RJ;Sul;Colisão Frontal;2;;;;;;;;;;3;;1;;
06/09/2015;04:20:00;7;sem vítima;127,15;BR-116/RJ;Norte;Capotamento;1;;;;;;;;;;1;;;;
07/09/2015;15:32:00;28;com vítima;26,6;BR-116/RJ;Sul;Choque - Defensa, barreira ou "submarino";1;;;;;;;;;;1;1;;;
07/09/2015;15:54:00;31;com vítima;26,6;BR-116/RJ;Norte;Saida de Pista;1;;;;;;;;;;1;1;;;
07/09/2015;14:38:00;24;com vítima;34,1;BR-116/RJ;Sul;Capotamento;1;;;;;;;;;;0;1;;;
07/09/2015;16:11:00;34;com vítima;48,8;BR-116/RJ;Sul;Colisão Frontal;2;;;;;;;;;;0;3;2;;
07/09/2015;19:00:00;50;com vítima;101,15;BR-116/RJ;Norte;Colisão Traseira;1;;;;;;;;;;7;1;;;
07/09/2015;04:16:00;6;sem vítima;125,4;BR-116/RJ;Sul;Saida de Pista;;;1;;;;;;;;1;;;;
07/09/2015;04:48:00;7;com vítima;131,5;BR-116/RJ;Sul;Saida de Pista;;;1;;;;;;;;0;;2;1;
07/09/2015;00:35:00;2;com vítima;135,8;BR-116/RJ;Sul;Atropelamento - Ciclista;1;1;;;;;;;;;1;;;1;
07/09/2015;17:28:00;39;sem vítima;143,35;BR-116/RJ;Sul;Colisão Traseira;1;;;;;1;;;;;2;;;;
08/09/2015;07:59:00;10;sem vítima;17,5;BR-116/RJ;Norte;Saida de Pista;1;;;;;;;;;;1;;;;
08/09/2015;09:10:00;19;sem vítima;25,9;BR-116/RJ;Sul;Saida de Pista;1;;;;;;;;;;1;;;;
08/09/2015;06:58:00;8;sem vítima;26,5;BR-116/RJ;Norte;Saida de Pista;1;;;;;;;;;;1;;;;
08/09/2015;21:53:00;63;sem vítima;56,8;BR-116/RJ;Sul;Colisão Traseira;;;2;;;;;;;;2;;;;
08/09/2015;08:20:00;12;com vítima;59,9;BR-116/RJ;Norte;Saida de Pista;1;;;;;;;;;;0;1;;;
08/09/2015;09:26:00;21;com vítima;64,8;BR-116/RJ;Sul;Colisão Frontal;2;;;;;;;;;;0;;;4;1
08/09/2015;11:30:00;32;sem vítima;64,8;BR-116/RJ;Sul;Choque - Defensa, barreira ou "submarino";1;;;;;;;;;;1;;;;
08/09/2015;10:51:00;29;com vítima;106,4;BR-116/RJ;Norte;Colisão Lateral;1;;;1;;;;;;;1;2;;;
08/09/2015;07:59:00;9;sem vítima;133,4;BR-116/RJ;Sul;Colisão Traseira;1;;1;;;;;;;;2;;;;
08/09/2015;16:53:00;44;com vítima;133,5;BR-116/RJ;Sul;Engavetamento;2;;1;;;;;;;;2;1;;;
08/09/2015;10:44:00;27;com vítima;139,4;BR-116/RJ;Norte;Colisão Traseira;;1;;1;;;;;;;1;;1;;
08/09/2015;17:54:00;48;com vítima;143,5;BR-116/RJ;Sul;Colisão Traseira;1;1;;;;;;;;;0;1;;;1
09/09/2015;07:33:00;4;com vítima;27;BR-116/RJ;Norte;Choque - Outros;1;;;;;;;;;;0;1;;;
09/09/2015;09:16:00;9;com vítima;34,1;BR-116/RJ;Sul;Choque - Outros;1;;;;;;;;;;0;1;;;
10/09/2015;09:51:00;12;com vítima;26,1;BR-116/RJ;Sul;Saida de Pista;1;;;;;;;;;;0;1;;;
10/09/2015;10:15:00;13;com vítima;34;BR-116/RJ;Sul;Saida de Pista;1;;;;;;;;;;0;1;;;
10/09/2015;10:34:00;14;sem vítima;49,55;BR-116/RJ;Sul;Choque - Defensa, barreira ou "submarino";1;;;;;;;;;;1;;;;
10/09/2015;13:09:00;19;com vítima;59,95;BR-116/RJ;Sul;Choque - Objeto sobre a pista;1;;;;;;;;;;0;1;;;
10/09/2015;11:28:00;17;sem vítima;93;BR-116/RJ;Sul;Colisão Lateral;1;;1;;;;;;;;2;;;;
10/09/2015;08:12:00;9;com vítima;99,5;BR-116/RJ;Sul;Queda de Moto;;;;1;;;;;;;0;1;;;
10/09/2015;06:56:00;3;sem vítima;139,8;BR-116/RJ;Sul;Engavetamento;4;;;;;;;;;;4;;;;
11/09/2015;07:47:00;13;sem vítima;26;BR-116/RJ;Norte;Choque - Defensa, barreira ou "submarino";1;;;;;;;;;;1;;;;
11/09/2015;10:15:00;22;sem vítima;26,4;BR-116/RJ;Sul;Choque - Defensa, barreira ou "submarino";1;;;;;;;;;;1;;;;
11/09/2015;22:32:00;58;com vítima;32,4;BR-116/RJ;Sul;Choque - Defensa, barreira ou "submarino";1;;;;;;;;;;0;1;;;
11/09/2015;06:33:00;8;com vítima;35,1;BR-116/RJ;Sul;Colisão Lateral;1;;1;;;;;;;;0;1;2;;
11/09/2015;08:25:00;15;com vítima;38,4;BR-116/RJ;Sul;Choque - Defensa, barreira ou "submarino";1;;;;;;;;;;1;1;;;
11/09/2015;10:44:00;24;com vítima;60;BR-116/RJ;Sul;Capotamento;1;;;;;;;;;;0;1;;;
11/09/2015;06:10:00;7;com vítima;61;BR-116/RJ;Sul;Queda de Moto;;;;1;;;;;;;0;1;;;
11/09/2015;13:19:00;30;com vítima;80;BR-116/RJ;Sul;Colisão Transversal;2;;;;;;;;;;1;3;;;
11/09/2015;10:34:00;23;com vítima;136,9;BR-116/RJ;Sul;Colisão Traseira;;;;1;;1;;;;;1;1;;;
11/09/2015;09:00:00;17;sem vítima;141,25;BR-116/RJ;Sul;Choque - Defensa, barreira ou "submarino";;;;;1;;;;;;1;;;;
12/09/2015;11:10:00;34;com vítima;33,9;BR-116/RJ;Norte;Saida de Pista;1;;;;;;;;;;0;;1;;
12/09/2015;10:59:00;33;com vítima;95,15;BR-116/RJ;Norte;Colisão Lateral;1;;1;;;;;;;;1;2;;;
12/09/2015;17:57:00;48;sem vítima;122,4;BR-116/RJ;Sul;Saida de Pista;1;;;;;;;;;;1;;;;
13/09/2015;08:30:00;14;sem vítima;27,8;BR-116/RJ;Sul;Saida de Pista;1;;;;;;;;;;1;;;;
13/09/2015;07:10:00;10;sem vítima;53;BR-116/RJ;Norte;Saida de Pista;1;;;;;;;;;;1;;;;
13/09/2015;08:19:00;12;com vítima;64,3;BR-116/RJ;Sul;Saida de Pista;1;;;;;;;;;;0;1;;;
13/09/2015;06:50:00;8;sem vítima;109,3;BR-116/RJ;Sul;Saida de Pista;1;;;;;;;;;;1;;;;
13/09/2015;14:38:00;25;sem vítima;120;BR-116/RJ;Sul;Atropelamento de Animal;1;;;;;;;;;;1;;;;
13/09/2015;21:41:00;42;sem vítima;125,5;BR-116/RJ;Norte;Choque - Defensa, barreira ou "submarino";1;;;;;;;;;;2;;;;
13/09/2015;21:41:00;43;com vítima;127;BR-116/RJ;Norte;Choque - Elemento de Drenagem;1;;;;;;;;;;2;1;;;
13/09/2015;05:20:00;6;com vítima;142,8;BR-116/RJ;Norte;Choque - Defensa, barreira ou "submarino";1;;;;;;;;;;3;1;1;;
14/09/2015;07:25:00;12;com vítima;46,8;BR-116/RJ;Sul;Choque - Defensa, barreira ou "submarino";1;;;;;;;;;;0;1;;;
14/09/2015;07:52:00;14;sem vítima;133,5;BR-116/RJ;Sul;Colisão Traseira;1;;1;;;;;;;;2;;;;
15/09/2015;21:33:00;43;com vítima;38,65;BR-116/RJ;Norte;Colisão Lateral;2;;;;;;;;;;1;3;;;
15/09/2015;07:28:00;5;com vítima;127,1;BR-116/RJ;Norte;Choque - Defensa, barreira ou "submarino";1;;;;;;;;;;0;1;;;
15/09/2015;19:53:00;39;com vítima;142,45;BR-116/RJ;Norte;Colisão Lateral;2;;;;;;;;;;1;1;;;
16/09/2015;17:25:00;34;sem vítima;103,3;BR-116/RJ;Norte;Saida de Pista;1;;;;;;;;;;1;;;;
16/09/2015;10:42:00;7;com vítima;109,4;BR-116/RJ;Sul;Saida de Pista;;;1;;;;;;;;0;;1;;
17/09/2015;09:05:00;13;com vítima;127,1;BR-116/RJ;Norte;Colisão Lateral;3;;;;;;;;;;1;4;;;
18/09/2015;22:40:00;85;com vítima;48,3;BR-116/RJ;Norte;Colisão Lateral;1;;;;1;;;;;;1;1;;;
18/09/2015;00:28:00;2;com vítima;129,5;BR-116/RJ;Norte;Saida de Pista;1;;;;;;;;;;0;1;;;
19/09/2015;09:03:00;11;com vítima;83,1;BR-116/RJ;Norte;Colisão Traseira;2;;;;;;;;;;1;;1;;
19/09/2015;00:36:00;3;sem vítima;131,6;BR-116/RJ;Sul;Colisão Lateral;2;;;;;;;;;;2;;;;
20/09/2015;12:29:00;22;sem vítima;77,4;BR-116/RJ;Sul;Colisão Traseira;1;;1;;;;;;;;2;;;;
20/09/2015;05:51:00;8;sem vítima;125,5;BR-116/RJ;Sul;Saida de Pista;1;;;;;;;;;;1;;;;
20/09/2015;11:10:00;15;com vítima;135,3;BR-116/RJ;Sul;Choque - Defensa, barreira ou "submarino";1;;;;;;;;;;1;1;;;
20/09/2015;19:50:00;53;com vítima;137;BR-116/RJ;Norte;Queda de Moto;;;;1;;;;;;;0;1;;;
21/09/2015;09:52:00;19;com vítima;101,8;BR-116/RJ;Sul;Colisão Traseira;2;;;;;;;;;;2;1;;;
21/09/2015;14:11:00;34;sem vítima;102,6;BR-116/RJ;Norte;Colisão Lateral;2;;;;;;;;;;2;;;;
21/09/2015;18:13:00;50;sem vítima;137,45;BR-116/RJ;Sul;Colisão Frontal;2;;;;;;;;;;6;;;;
21/09/2015;22:42:00;65;sem vítima;140,05;BR-116/RJ;Norte;Atropelamento de Animal;1;;;;;;;;;;1;;;;
22/09/2015;12:20:00;23;sem vítima;93,3;BR-116/RJ;Sul;Colisão Lateral;1;;1;;;;;;;;2;;;;
23/09/2015;07:49:00;8;sem vítima;101,8;BR-116/RJ;Sul;Engavetamento;3;;;;;;;;;;3;;;;
23/09/2015;22:03:00;52;sem vítima;139,1;BR-116/RJ;Sul;Colisão Traseira;2;;;;;;;;;;2;;;;
24/09/2015;13:02:00;33;sem vítima;60,95;BR-116/RJ;Norte;Colisão Lateral;;;2;;;;;;;;2;;;;
24/09/2015;10:13:00;19;sem vítima;110,07;BR-116/RJ;Norte;Colisão Traseira;2;;;;;;;;;;2;;;;
24/09/2015;12:16:00;31;sem vítima;116,6;BR-116/RJ;Norte;Saida de Pista;1;;;;;;;;;;1;;;;
25/09/2015;13:00:00;28;sem vítima;4;BR-116/RJ;Norte;Colisão Lateral;1;;;;;;;;;;1;;;;
25/09/2015;16:47:00;40;com vítima;137;BR-116/RJ;Norte;Queda de Moto;;;;1;;;;;;;0;;2;;
26/09/2015;11:30:00;25;com vítima;104,7;BR-116/RJ;Norte;Colisão Lateral;1;;;1;;;;;;;2;;1;;
26/09/2015;21:18:00;45;com vítima;144;BR-116/RJ;Sul;Choque - Defensa, barreira ou "submarino";2;;;3;;;;;;;6;1;1;;
27/09/2015;09:07:00;16;com vítima;112,05;BR-116/RJ;Sul;Colisão Lateral;2;;;;;1;;;;;3;;1;;
27/09/2015;13:30:00;24;com vítima;125;BR-116/RJ;Norte;Colisão Lateral;1;;;1;;;;;;;1;1;;;
27/09/2015;22:42:00;58;sem vítima;139,7;BR-116/RJ;Sul;Colisão Lateral;2;;;;;;;;;;2;;;;
28/09/2015;04:55:00;3;sem vítima;122,65;BR-116/RJ;Sul;Colisão Lateral;;;1;;1;;;;;;3;;;;
29/09/2015;15:16:00;27;sem vítima;17,1;BR-116/RJ;Sul;Choque - Defensa, barreira ou "submarino";1;;;;;;;;;;2;;;;
29/09/2015;18:28:00;38;com vítima;76,6;BR-116/RJ;Norte;Colisão Lateral;1;;;1;;;;;;;1;1;;;
29/09/2015;13:10:00;19;com vítima;80,3;BR-116/RJ;Sul;Colisão Transversal;1;1;;;;;;;;;1;;1;;
30/09/2015;17:56:00;44;sem vítima;102,2;BR-116/RJ;Norte;Saida de Pista;1;;;;;;;;;;1;;;;
30/09/2015;17:13:00;39;sem vítima;127,5;BR-116/RJ;Norte;Engavetamento;2;;1;;;;;;;;3;;;;
30/09/2015;15:45:00;34;sem vítima;133,5;BR-116/RJ;Sul;Colisão Traseira;2;;;;;;;;;;2;;;;
30/09/2015;12:36:00;29;com vítima;142,68;BR-116/RJ;Sul;Colisão Lateral;;;1;1;;;;;;;1;1;;;
30/09/2015;18:30:00;45;com vítima;143,3;BR-116/RJ;Sul;Engavetamento;3;;;;;;;;;;2;;1;;
01/10/2015;10:40:00;28;sem vítima;135;BR-116/RJ;Norte;Colisão Traseira;2;;;;;;;;;;2;;;;
01/10/2015;09:48:00;24;com vítima;140,8;BR-116/RJ;Sul;Atropelamento de Animal;;;;1;;;;;;;0;1;;;
02/10/2015;07:11:00;8;com vítima;24,05;BR-116/RJ;Norte;Colisão Lateral;1;;1;;;;;;;;1;;;1;
02/10/2015;20:06:00;55;com vítima;74,7;BR-116/RJ;Norte;Queda de Moto;;;;1;;;;;;;0;1;1;;
02/10/2015;09:28:00;15;sem vítima;76,6;BR-116/RJ;Norte;Colisão Frontal;1;;;1;;;;;;;2;;;;
02/10/2015;14:30:00;29;com vítima;77,2;BR-116/RJ;Sul;Colisão Lateral;1;;;1;;;;;;;1;;1;;
02/10/2015;02:22:00;2;com vítima;85,6;BR-116/RJ;Sul;Tombamento;;;1;;;;;;;;0;1;;;
03/10/2015;20:14:00;52;sem vítima;122,9;BR-116/RJ;Sul;Colisão Traseira;2;;;;;;;;;;2;;;;
03/10/2015;15:16:00;35;sem vítima;142;BR-116/RJ;Sul;Colisão Lateral;1;;1;;;;;;;;2;;;;
04/10/2015;17:12:00;40;com vítima;53,3;BR-116/RJ;Norte;Saida de Pista;1;;;;;;;;;;0;2;;;
04/10/2015;07:52:00;10;sem vítima;75,3;BR-116/RJ;Sul;Saida de Pista;1;;;;;;;;;;1;;;;
04/10/2015;23:34:00;56;sem vítima;105;BR-116/RJ;Norte;Choque - Defensa, barreira ou "submarino";1;;;;;;;;;;1;;;;
04/10/2015;22:40:00;52;sem vítima;133,5;BR-116/RJ;Sul;Choque - Veiculo parado na pista;1;;1;;;;;;;;2;;;;
04/10/2015;18:30:00;44;sem vítima;137,9;BR-116/RJ;Sul;Colisão Lateral;2;;;;;;;;;;2;;;;
05/10/2015;13:18:00;26;com vítima;106,3;BR-116/RJ;Sul;Choque - Outros;;;;;1;;;;;;1;2;;;
06/10/2015;01:28:00;1;com vítima;91,3;BR-116/RJ;Sul;Choque - Defensa, barreira ou "submarino";1;;;;;;;;;;0;1;;;
06/10/2015;06:17:00;6;sem vítima;125,9;BR-116/RJ;Norte;Saida de Pista;1;;;;;;;;;;1;;;;
06/10/2015;06:20:00;7;sem vítima;133,4;BR-116/RJ;Norte;Colisão Lateral;1;;;;1;;;;;;2;;;;
07/10/2015;17:30:00;35;com vítima;136,05;BR-116/RJ;Norte;Choque - Defensa, barreira ou "submarino";1;;;;;;;;;;2;1;;;
09/10/2015;16:57:00;41;com vítima;2,3;BR-116/RJ;Norte;Choque - Defensa, barreira ou "submarino";;;;1;;;;;;;0;;1;;
09/10/2015;09:15:00;10;sem vítima;53,95;BR-116/RJ;Norte;Colisão Traseira;1;;1;;;;;;;;2;;;;
09/10/2015;23:39:00;69;sem vítima;133,5;BR-116/RJ;Norte;Colisão Lateral;1;;1;;;;;;;;2;;;;
09/10/2015;13:53:00;28;sem vítima;137,4;BR-116/RJ;Norte;Colisão Lateral;2;;;;;;;;;;2;;;;
10/10/2015;04:19:00;20;sem vítima;93,8;BR-116/RJ;Norte;Choque - Defensa, barreira ou "submarino";1;;;;;;;;;;1;;;;
10/10/2015;10:02:00;48;com vítima;111,4;BR-116/RJ;Norte;Colisão Lateral;;1;1;;;;;;;;1;;;1;
10/10/2015;04:22:00;22;sem vítima;139,15;BR-116/RJ;Norte;Colisão Traseira;2;;;;;;;;;;2;;;;
10/10/2015;04:11:00;19;com vítima;139,95;BR-116/RJ;Norte;Choque - Defensa, barreira ou "submarino";1;;;;;;;;;;0;;1;;
10/10/2015;08:30:00;35;com vítima;142;BR-116/RJ;Sul;Colisão Traseira;3;;;;;;;;;;3;1;;;
11/10/2015;04:15:00;6;com vítima;80,6;BR-116/RJ;Sul;Choque - Defensa, barreira ou "submarino";1;;;;;;;;;;0;1;;;
11/10/2015;03:02:00;4;com vítima;123,7;BR-116/RJ;Sul;Choque - Defensa, barreira ou "submarino";1;;;;;;;;;;0;;1;;
12/10/2015;20:14:00;61;com vítima;75,3;BR-116/RJ;Norte;Queda de Moto;;;;1;;;;;;;0;1;;;
12/10/2015;04:40:00;5;com vítima;95,95;BR-116/RJ;Norte;Tombamento;;;;;1;;;;;;10;26;10;;
12/10/2015;00:39:00;1;com vítima;104,3;BR-116/RJ;Norte;Choque - Defensa, barreira ou "submarino";;;;1;;;;;;;0;2;;;
13/10/2015;07:31:00;10;sem vítima;127,5;BR-116/RJ;Norte;Colisão Lateral;1;;;;1;;;;;;2;;;;
14/10/2015;10:30:00;23;com vítima;142;BR-116/RJ;Norte;Colisão Traseira;1;;1;;;;;;;;1;1;;;
15/10/2015;06:36:00;6;com vítima;92,8;BR-116/RJ;Sul;Choque - Defensa, barreira ou "submarino";;;1;;;;;;;;0;1;;;
15/10/2015;17:24:00;38;com vítima;93,85;BR-116/RJ;Norte;Colisão Lateral;1;;;1;;;;;;;1;2;;;
15/10/2015;22:22:00;69;com vítima;117,5;BR-116/RJ;Sul;Saida de Pista;1;;;;;;;;;;0;1;;;
15/10/2015;20:58:00;58;com vítima;132,7;BR-116/RJ;Sul;Engavetamento;2;;1;;;;;;;;2;2;;;
15/10/2015;22:18:00;72;com vítima;133,5;BR-116/RJ;Sul;Engavetamento;2;;1;;;;;;;;3;1;;;
16/10/2015;16:14:00;63;sem vítima;91,7;BR-116/RJ;Sul;Colisão Lateral;2;;;;;;;;;;2;;;;
16/10/2015;06:49:00;11;sem vítima;112,7;BR-116/RJ;Sul;Choque - Defensa, barreira ou "submarino";1;;;;;;;;;;1;;;;
16/10/2015;20:50:00;85;sem vítima;117,6;BR-116/RJ;Sul;Choque - Defensa, barreira ou "submarino";1;;;;;;;;;;1;;;;
16/10/2015;05:09:00;5;sem vítima;118,9;BR-116/RJ;Norte;Colisão Traseira;2;;;;;;;;;;3;;;;
16/10/2015;18:28:00;74;com vítima;124,9;BR-116/RJ;Sul;Saida de Pista;1;;;;;;;;;;0;3;;;
17/10/2015;01:36:00;2;com vítima;49,7;BR-116/RJ;Sul;Saida de Pista;1;;;;;;;;;;0;1;;;
17/10/2015;19:07:00;39;com vítima;75,7;BR-116/RJ;Sul;Colisão Lateral;1;;;;;;;;;;0;2;;;
17/10/2015;05:25:00;6;sem vítima;90,1;BR-116/RJ;Sul;Choque - Defensa, barreira ou "submarino";1;;;;;;;;;;1;;;;
17/10/2015;23:42:00;47;sem vítima;125,5;BR-116/RJ;Sul;Choque - Defensa, barreira ou "submarino";1;;;;;;;;;;1;;;;
17/10/2015;15:10:00;28;com vítima;129,4;BR-116/RJ;Norte;Capotamento;1;;;;;;;;;;0;;1;;
17/10/2015;16:22:00;31;sem vítima;133,5;BR-116/RJ;Norte;Colisão Lateral;2;;;;;;;;;;2;;;;
18/10/2015;05:26:00;4;sem vítima;76,5;BR-116/RJ;Sul;Atropelamento de Animal;;;;;1;;;;;;1;;;;
18/10/2015;11:54:00;18;com vítima;85,5;BR-116/RJ;Norte;Colisão Lateral;2;;1;;;;;;;;3;;1;2;1
18/10/2015;17:59:00;34;com vítima;104,8;BR-116/RJ;Sul;Colisão Transversal;2;;;;;;;;;;2;1;;;
18/10/2015;22:26:00;51;com vítima;112,5;BR-116/RJ;Sul;Saida de Pista;1;;;;;;;;;;0;1;;;
18/10/2015;08:06:00;10;com vítima;125;BR-116/RJ;Norte;Saida de Pista;1;;;;;;;;;;1;1;;;
18/10/2015;08:05:00;9;sem vítima;125,4;BR-116/RJ;Norte;Saida de Pista;1;;;;;;;;;;1;;;;
18/10/2015;04:29:00;3;sem vítima;140,7;BR-116/RJ;Sul;Choque - Defensa, barreira ou "submarino";1;;;;;;;;;;1;;;;
19/10/2015;08:03:00;11;com vítima;77,4;BR-116/RJ;Sul;Colisão Transversal;2;;;;;;;;;;1;2;;;
19/10/2015;07:16:00;8;com vítima;90,3;BR-116/RJ;Norte;Colisão Transversal;2;;;;;;;;;;0;2;;;
19/10/2015;03:48:00;4;sem vítima;94,3;BR-116/RJ;Sul;Choque - Defensa, barreira ou "submarino";;;;;1;;;;;;1;;;;
20/10/2015;19:10:00;45;com vítima;114;BR-116/RJ;Sul;Atropelamento - Pessoa;1;;;;;;;;;;1;;;;1
20/10/2015;23:50:00;64;com vítima;129,2;BR-116/RJ;Sul;Queda de Moto;;;;1;;;;;;;0;2;;;
20/10/2015;18:42:00;44;com vítima;138,2;BR-116/RJ;Norte;Choque - Defensa, barreira ou "submarino";1;;;;;;;;;;0;1;;;
21/10/2015;13:37:00;15;com vítima;74;BR-116/RJ;Norte;Choque - Defensa, barreira ou "submarino";;;1;;;;;;;;0;1;;;
21/10/2015;07:33:00;5;sem vítima;122,8;BR-116/RJ;Sul;Colisão Traseira;1;;;;;;;;;;1;;;;
21/10/2015;11:40:00;12;sem vítima;127,05;BR-116/RJ;Norte;Colisão Lateral;1;;;;1;;;;;;2;;;;
22/10/2015;12:27:00;14;com vítima;67,3;BR-116/RJ;Norte;Saida de Pista;2;;;;;;;;;;1;1;;;
22/10/2015;17:32:00;34;sem vítima;71,9;BR-116/RJ;Norte;Saida de Pista;1;;;;;;;;;;1;;;;
22/10/2015;12:02:00;11;com vítima;75,3;BR-116/RJ;Sul;Colisão Frontal;1;;;;1;;;;;;2;1;;;
22/10/2015;16:03:00;27;com vítima;80,4;BR-116/RJ;Sul;Colisão Lateral;1;;1;;;;;;;;1;;;3;
22/10/2015;16:28:00;30;com vítima;80,4;BR-116/RJ;Norte;Colisão Traseira;1;;;1;;;;;;;1;;1;;
22/10/2015;16:50:00;31;sem vítima;125,3;BR-116/RJ;Norte;Colisão Traseira;1;;1;;;;;;;;2;;;;
22/10/2015;18:35:00;37;com vítima;129,1;BR-116/RJ;Sul;Choque - Defensa, barreira ou "submarino";1;;;;;;;;;;0;1;;;
22/10/2015;16:53:00;32;com vítima;136,5;BR-116/RJ;Sul;Choque - Defensa, barreira ou "submarino";;;1;;;;;;;;0;2;1;;
23/10/2015;00:01:00;1;com vítima;25,9;BR-116/RJ;Sul;Saida de Pista;;;1;;;;;;;;0;;1;;
23/10/2015;15:30:00;23;sem vítima;72,5;BR-116/RJ;Sul;Colisão Transversal;2;;;;;;;;;;3;;;;
24/10/2015;16:09:00;47;com vítima;57,7;BR-116/RJ;Norte;Colisão Lateral;3;;;;;;;;;;0;7;;;1
24/10/2015;00:25:00;2;sem vítima;77,2;BR-116/RJ;Sul;Saida de Pista;1;;;;;;;;;;1;;;;
24/10/2015;15:53:00;43;sem vítima;110;BR-116/RJ;Sul;Atropelamento de Cachorro;1;;;;;;;;;;1;;;;
24/10/2015;11:20:00;29;com vítima;110,99;BR-116/RJ;Norte;Colisão Traseira;2;;;;;;;;;;1;1;;;
24/10/2015;18:25:00;51;com vítima;116,4;BR-116/RJ;Sul;Capotamento;1;;;;;;;;;;0;1;4;;
24/10/2015;09:18:00;22;sem vítima;123;BR-116/RJ;Norte;Choque - Defensa, barreira ou "submarino";1;;;;;;;;;;1;;;;
25/10/2015;04:24:00;4;com vítima;76,08;BR-116/RJ;Sul;Atropelamento - Pessoa;;;;;;1;;;;;1;;;2;
25/10/2015;17:44:00;23;com vítima;98,7;BR-116/RJ;Norte;Queda de Moto;;;;1;;;;;;;0;2;;;
25/10/2015;20:21:00;34;sem vítima;129,1;BR-116/RJ;Sul;Choque - Defensa, barreira ou "submarino";1;;;;;;;;;;1;;;;
25/10/2015;10:15:00;13;sem vítima;133,5;BR-116/RJ;Sul;Colisão Traseira;1;;1;;;;;;;;2;;;;
26/10/2015;07:09:00;15;sem vítima;26,2;BR-116/RJ;Norte;Saida de Pista;1;;;;;;;;;;2;;;;
26/10/2015;16:48:00;41;sem vítima;103,2;BR-116/RJ;Norte;Colisão Lateral;1;;;;;1;;;;;2;;;;
27/10/2015;14:01:00;19;sem vítima;26,35;BR-116/RJ;Norte;Choque - Defensa, barreira ou "submarino";1;;;;;;;;;;2;;;;
27/10/2015;14:05:00;20;sem vítima;26,35;BR-116/RJ;Sul;Choque - Defensa, barreira ou "submarino";1;;;;;;;;;;1;;;;
27/10/2015;18:18:00;39;sem vítima;26,4;BR-116/RJ;Sul;Choque - Defensa, barreira ou "submarino";1;;;;;;;;;;1;;;;
27/10/2015;20:49:00;44;com vítima;74,5;BR-116/RJ;Norte;Choque - Defensa, barreira ou "submarino";1;;;;;;;;;;0;1;;;
27/10/2015;05:48:00;5;sem vítima;137,95;BR-116/RJ;Sul;Engavetamento;2;;;;2;;;;;;4;;;;
27/10/2015;05:06:00;3;sem vítima;139,3;BR-116/RJ;Sul;Colisão Traseira;1;;;;1;;;;;;2;;;;
28/10/2015;10:45:00;11;com vítima;7,4;BR-116/RJ;Norte;Capotamento;1;;;;;;;;;;0;1;;;
29/10/2015;06:56:00;6;com vítima;36,4;BR-116/RJ;Norte;Atropelamento - Pessoa;1;;;;;;;;;;1;;;;1
29/10/2015;16:12:00;27;com vítima;95,05;BR-116/RJ;Norte;Colisão Lateral;1;;1;;;;;;;;1;1;;;
30/10/2015;11:25:00;19;sem vítima;13,2;BR-116/RJ;Sul;Choque - Defensa, barreira ou "submarino";1;;;;;;;;;;1;;;;
30/10/2015;07:29:00;13;com vítima;27,8;BR-116/RJ;Sul;Colisão Frontal;2;;;;;;;;;;1;2;;1;
30/10/2015;10:35:00;16;sem vítima;35;BR-116/RJ;Norte;Capotamento;1;;;;;;;;;;1;;;;
30/10/2015;06:31:00;11;sem vítima;74,5;BR-116/RJ;Norte;Saida de Pista;1;;;;;;;;;;1;;;;
30/10/2015;23:53:00;62;com vítima;98,6;BR-116/RJ;Norte;Colisão Lateral;3;;;;;;;;;;1;1;3;;
30/10/2015;23:49:00;61;com vítima;123,7;BR-116/RJ;Norte;Colisão Traseira;1;;;;1;;;;;;1;1;1;;
30/10/2015;22:12:00;55;com vítima;135,2;BR-116/RJ;Sul;Engavetamento;2;;1;;;;;;;;1;2;1;;
31/10/2015;07:40:00;20;com vítima;35;BR-116/RJ;Sul;Choque - Defensa, barreira ou "submarino";1;;;;;;;;;;0;1;;;
31/10/2015;12:14:00;28;com vítima;77;BR-116/RJ;Sul;Atropelamento - Pessoa;;;;1;;;;;;;1;;1;;
31/10/2015;13:37:00;33;sem vítima;90,5;BR-116/RJ;Norte;Colisão Traseira;2;;;;;;;;;;2;;;;
31/10/2015;03:30:00;7;sem vítima;93,5;BR-116/RJ;Norte;Colisão Lateral;1;;1;;;;;;;;2;;;;
31/10/2015;11:18:00;26;com vítima;94;BR-116/RJ;Sul;Colisão Lateral;1;;;1;;;;;;;1;;1;;
31/10/2015;20:37:00;52;com vítima;107,8;BR-116/RJ;Sul;Colisão Frontal;2;;;;;;;;;;1;;1;;