data;horario;n_da_ocorrencia;tipo_de_ocorrencia;km;trecho;sentido;tipo_de_acidente;automovel;bicicleta;caminhao;moto;onibus;outros;tracao_animal;transporte_de_cargas_especiais;trator_maquinas;utilitarios;ilesos;levemente_feridos;moderadamente_feridos;gravemente_feridos;mortos
31/10/2015;20:30:00;51;sem vítima;133;BR-116/RJ;Norte;Colisão Traseira;2;;;;;;;;;;2;;;;
01/11/2015;07:05:00;11;com vítima;51,85;BR-116/RJ;Norte;Choque - Talude;1;;;;;;;;;;0;1;;;
02/11/2015;15:43:00;23;sem vítima;83,4;BR-116/RJ;Sul;Colisão Traseira;2;;;;;;;;;;2;;;;
02/11/2015;22:41:00;58;sem vítima;94,5;BR-116/RJ;Norte;Colisão Lateral;1;;;;1;;;;;;2;;;;
02/11/2015;09:03:00;5;com vítima;127,3;BR-116/RJ;Norte;Choque - Veiculo parado no acostamento;3;;;;;;;;;;0;6;;;
02/11/2015;06:32:00;3;sem vítima;139,7;BR-116/RJ;Norte;Choque - Defensa, barreira ou "submarino";1;;;;;;;;;;1;;;;
02/11/2015;19:21:00;37;com vítima;140,025;BR-116/RJ;Sul;Engavetamento;3;;;;;;;;;;2;3;;;
03/11/2015;17:29:00;38;sem vítima;107;BR-116/RJ;Norte;Atropelamento de Cachorro;1;;;;;;;;;;1;;;;
03/11/2015;18:40:00;40;com vítima;133,5;BR-116/RJ;Sul;Engavetamento;;;3;;;;;;;;2;2;;;
03/11/2015;18:49:00;41;sem vítima;133,5;BR-116/RJ;Sul;Colisão Traseira;1;;1;;;;;;;;2;;;;
03/11/2015;02:43:00;11;sem vítima;139,65;BR-116/RJ;Norte;Choque - Elemento de Drenagem;1;;;;;;;;;;4;;;;
03/11/2015;05:36:00;15;sem vítima;142;BR-116/RJ;Sul;Colisão Traseira;2;;;;;;;;;;2;;;;
03/11/2015;14:55:00;31;com vítima;142,4;BR-116/RJ;Norte;Colisão Traseira;;1;;;;1;;;;;1;;1;;
03/11/2015;16:39:00;36;sem vítima;142,95;BR-116/RJ;Sul;Colisão Lateral;1;;1;;;;;;;;2;;;;
04/11/2015;12:08:00;16;sem vítima;18,4;BR-116/RJ;Sul;Saida de Pista;1;;;;;;;;;;1;;;;
04/11/2015;22:38:00;50;com vítima;60,96;BR-116/RJ;Sul;Choque - Defensa, barreira ou "submarino";;;;1;;;;;;;0;1;;;
04/11/2015;13:23:00;20;com vítima;64,5;BR-116/RJ;Norte;Saida de Pista;1;;;;;;;;;;0;1;;;
04/11/2015;06:46:00;3;com vítima;81,05;BR-116/RJ;Norte;Saida de Pista;1;;;;;;;;;;0;2;2;;
04/11/2015;21:47:00;46;com vítima;85,8;BR-116/RJ;Sul;Choque - Defensa, barreira ou "submarino";;;1;;;;;;;;0;1;;;
04/11/2015;14:54:00;30;com vítima;126,4;BR-116/RJ;Norte;Colisão Traseira;1;;1;;;;;;;;1;;1;;
04/11/2015;04:43:00;1;com vítima;139,4;BR-116/RJ;Sul;Engavetamento;;;2;;1;;;;;;2;1;;;
05/11/2015;05:28:00;8;sem vítima;32;BR-116/RJ;Sul;Atropelamento de Cachorro;1;;;;;;;;;;1;;;;
05/11/2015;07:28:00;11;com vítima;76;BR-116/RJ;Norte;Atropelamento de Cachorro;;;;1;;;;;;;0;;2;;
05/11/2015;03:44:00;3;sem vítima;141,3;BR-116/RJ;Sul;Choque - Defensa, barreira ou "submarino";1;;;;;;;;;;1;;;;
06/11/2015;19:36:00;43;sem vítima;26,1;BR-116/RJ;Sul;Saida de Pista;1;;;;;;;;;;1;;;;
06/11/2015;21:20:00;52;com vítima;28,7;BR-116/RJ;Sul;Choque - Defensa, barreira ou "submarino";1;;;;;;;;;;0;1;;;
06/11/2015;18:19:00;39;com vítima;51,1;BR-116/RJ;Sul;Saida de Pista;1;;;;;;;;;;0;4;;;
06/11/2015;21:11:00;51;com vítima;54;BR-116/RJ;Sul;Choque - Defensa, barreira ou "submarino";1;;;;;;;;;;0;1;;;
06/11/2015;05:12:00;3;sem vítima;139,1;BR-116/RJ;Norte;Colisão Traseira;;;3;;;;;;;;3;;;;
06/11/2015;08:30:00;8;sem vítima;142,6;BR-116/RJ;Norte;Colisão Traseira;1;;;;;1;;;;;2;;;;
07/11/2015;08:00:00;13;com vítima;17,95;BR-116/RJ;Sul;Saida de Pista;1;;;;;;;;;;0;;1;;
07/11/2015;07:53:00;14;com vítima;17,1;BR-116/RJ;Sul;Saida de Pista;1;;;;;;;;;;0;1;2;;
07/11/2015;06:53:00;10;sem vítima;53,55;BR-116/RJ;Sul;Saida de Pista;1;;;;;;;;;;1;;;;
07/11/2015;07:55:00;12;sem vítima;59,8;BR-116/RJ;Sul;Saida de Pista;1;;;;;;;;;;1;;;;
07/11/2015;18:03:00;43;sem vítima;86,1;BR-116/RJ;Sul;Choque - Defensa, barreira ou "submarino";1;;;;;;;;;;1;;;;
07/11/2015;09:10:00;16;sem vítima;99,05;BR-116/RJ;Norte;Colisão Lateral;2;;;;;;;;;;2;;;;
07/11/2015;02:07:00;5;com vítima;102,6;BR-116/RJ;Sul;Choque - Defensa, barreira ou "submarino";;;1;;;;;;;;0;1;;;
07/11/2015;23:49:00;51;sem vítima;114,7;BR-116/RJ;Sul;Choque - Defensa, barreira ou "submarino";1;;;;;;;;;;7;;;;
07/11/2015;12:00:00;24;sem vítima;130,5;BR-116/RJ;Norte;Engavetamento;3;;;;;;;;;;4;;;;
07/11/2015;15:46:00;38;sem vítima;131,058;BR-116/RJ;Norte;Choque - Defensa, barreira ou "submarino";1;;;;;;;;;;1;;;;
08/11/2015;05:30:00;6;sem vítima;125,5;BR-116/RJ;Norte;Choque - Outros;1;;;;;;;;;;1;;;;
08/11/2015;05:20:00;5;sem vítima;129,3;BR-116/RJ;Norte;Choque - Defensa, barreira ou "submarino";2;;;;;;;;;;2;;;;
08/11/2015;16:13:00;23;sem vítima;133,5;BR-116/RJ;Sul;Colisão Lateral;1;;1;;;;;;;;2;;;;
08/11/2015;05:31:00;7;sem vítima;144;BR-116/RJ;Sul;Choque - Defensa, barreira ou "submarino";1;;;;;;;;;;1;;;;
09/11/2015;08:19:00;15;com vítima;102,85;BR-116/RJ;Sul;Tombamento;1;;2;;;;;;;;1;2;1;;
10/11/2015;14:00:00;19;com vítima;13,4;BR-116/RJ;Sul;Queda de Moto;;;;1;;;;;;;0;;1;;
10/11/2015;06:51:00;2;com vítima;111,7;BR-116/RJ;Norte;Atropelamento - Pessoa;2;;;;;;;;;;0;;3;;2
10/11/2015;08:58:00;7;com vítima;112,1;BR-116/RJ;Norte;Colisão Traseira;2;;1;;;;;;;;2;;;1;
11/11/2015;17:55:00;34;sem vítima;98,5;BR-116/RJ;Sul;Colisão Traseira;2;;;;;;;;;;2;;;;
11/11/2015;20:53:00;39;sem vítima;124,9;BR-116/RJ;Norte;Choque - Defensa, barreira ou "submarino";1;;;;;;;;;;1;;;;
12/11/2015;18:52:00;44;com vítima;66,9;BR-116/RJ;Sul;Colisão Traseira;1;;;1;;;;;;;1;1;;;
12/11/2015;13:14:00;26;com vítima;129;BR-116/RJ;Norte;Queda de Moto;;;;1;;;;;;;0;1;;;
13/11/2015;08:16:00;8;sem vítima;17,7;BR-116/RJ;Sul;Saida de Pista;1;;;;;;;;;;1;;;;
13/11/2015;09:23:00;11;com vítima;17,9;BR-116/RJ;Sul;Saida de Pista;1;;;;;;;;;;0;1;;;
13/11/2015;07:28:00;7;com vítima;35,1;BR-116/RJ;Norte;Choque - Defensa, barreira ou "submarino";1;;;;;;;;;;0;1;;;
13/11/2015;13:37:00;22;com vítima;78,3;BR-116/RJ;Sul;Colisão Traseira;1;;;1;;;;;;;2;;1;;
13/11/2015;21:15:00;53;com vítima;122,7;BR-116/RJ;Norte;Colisão Traseira;2;;;;;;;;;;2;1;;;
13/11/2015;18:44:00;36;sem vítima;133,5;BR-116/RJ;Norte;Engavetamento;2;;1;;;;;;;;3;;;;
14/11/2015;23:59:00;68;com vítima;42,3;BR-116/RJ;Sul;Queda de Moto;;;;1;;;;;;;0;;1;;
14/11/2015;08:30:00;14;sem vítima;122;BR-116/RJ;Sul;Engavetamento;3;;;;;;;;;;3;;;;
14/11/2015;07:15:00;10;sem vítima;124;BR-116/RJ;Norte;Choque - Defensa, barreira ou "submarino";1;;;;;;;;;;1;;;;
15/11/2015;17:49:00;37;sem vítima;26,3;BR-116/RJ;Sul;Saida de Pista;1;;;;;;;;;;1;;;;
15/11/2015;18:00:00;44;sem vítima;26,3;BR-116/RJ;Sul;Saida de Pista;1;;;;;;;;;;1;;;;
15/11/2015;16:23:00;35;sem vítima;35,2;BR-116/RJ;Sul;Saida de Pista;1;;;;;;;;;;1;;;;
15/11/2015;18:42:00;52;com vítima;35,05;BR-116/RJ;Sul;Colisão Lateral;4;;1;;;;;;;;4;;3;;
15/11/2015;17:25:00;42;sem vítima;59,7;BR-116/RJ;Sul;Saida de Pista;1;;;;;;;;;;3;;;;
15/11/2015;18:25:00;49;sem vítima;61,1;BR-116/RJ;Norte;Choque - Defensa, barreira ou "submarino";1;;;;;;;;;;1;;;;
15/11/2015;17:05:00;41;sem vítima;64,4;BR-116/RJ;Sul;Choque - Defensa, barreira ou "submarino";1;;;;;;;;;;1;;;;
15/11/2015;19:36:00;56;sem vítima;67,5;BR-116/RJ;Sul;Choque - Defensa, barreira ou "submarino";1;;;;;;;;;;1;;;;
15/11/2015;15:10:00;34;com vítima;75,7;BR-116/RJ;Sul;Saida de Pista;1;;;;;;;;;;1;;1;;
15/11/2015;18:29:00;50;sem vítima;89,5;BR-116/RJ;Sul;Saida de Pista;1;;;;;;;;;;1;;;;
15/11/2015;02:38:00;4;com vítima;100,6;BR-116/RJ;Norte;Saida de Pista;1;;;;;;;;;;0;1;;;
15/11/2015;00:45:00;2;com vítima;102,9;BR-116/RJ;Norte;Colisão Lateral;2;;;;;;;;;;0;2;;;
15/11/2015;15:06:00;31;sem vítima;124,3;BR-116/RJ;Norte;Choque - Elemento de Drenagem;1;;;;;;;;;;1;;;;
15/11/2015;21:20:00;60;sem vítima;133,5;BR-116/RJ;Sul;Choque - Defensa, barreira ou "submarino";;;1;;;;;;;;1;;;;
15/11/2015;11:08:00;19;com vítima;138,8;BR-116/RJ;Norte;Colisão Traseira;1;;;1;;;;;;;1;1;;;
16/11/2015;09:43:00;20;sem vítima;27,5;BR-116/RJ;Sul;Saida de Pista;1;;;;;;;;;;1;;;;
16/11/2015;18:56:00;31;com vítima;53,25;BR-116/RJ;Sul;Capotamento;1;;;;;;;;;;0;1;;;
16/11/2015;21:53:00;36;com vítima;79,2;BR-116/RJ;Norte;Colisão Transversal;2;;;;;;;;;;1;;1;1;
16/11/2015;14:26:00;25;sem vítima;125,25;BR-116/RJ;Norte;Tombamento;;;1;;;;;;;;1;;;;
17/11/2015;00:16:00;1;sem vítima;26,2;BR-116/RJ;Sul;Choque - Elemento de Drenagem;1;;;;;;;;;;3;;;;
17/11/2015;16:30:00;30;com vítima;81,2;BR-116/RJ;Norte;Colisão Lateral;2;;;;;;;;;;0;1;1;;
17/11/2015;17:36:00;32;com vítima;95,15;BR-116/RJ;Norte;Colisão Frontal;2;;;;;;;;;;0;4;;;
17/11/2015;07:20:00;10;sem vítima;96;BR-116/RJ;Sul;Saida de Pista;1;;;;;;;;;;1;;;;
17/11/2015;00:53:00;2;sem vítima;108;BR-116/RJ;Sul;Colisão Traseira;;;;;;2;;;;;2;;;;
18/11/2015;06:45:00;4;sem vítima;26,4;BR-116/RJ;Sul;Choque - Outros;1;;;;;;;;;;2;;;;
18/11/2015;17:13:00;29;com vítima;34,2;BR-116/RJ;Norte;Saida de Pista;1;;;;;;;;;;0;1;;;
18/11/2015;09:30:00;9;sem vítima;49,5;BR-116/RJ;Norte;Choque - Defensa, barreira ou "submarino";1;;;;;;;;;;1;;;;
18/11/2015;18:10:00;32;com vítima;60;BR-116/RJ;Norte;Choque - Defensa, barreira ou "submarino";1;;;;;;;;;;1;1;;;
18/11/2015;16:40:00;27;com vítima;63;BR-116/RJ;Sul;Queda de Moto;;;;1;;;;;;;0;1;;;
19/11/2015;13:22:00;24;com vítima;53,8;BR-116/RJ;Sul;Tombamento;1;;2;;;;;;;;1;1;2;;
19/11/2015;21:20:00;47;com vítima;54,3;BR-116/RJ;Sul;Colisão Traseira;1;;;1;;;;;;;1;;1;;
19/11/2015;14:44:00;33;com vítima;80,7;BR-116/RJ;Sul;Tombamento;;;1;;;;;;;;0;1;;;
19/11/2015;14:00:00;27;sem vítima;110,8;BR-116/RJ;Norte;Capotamento;1;;;;;;;;;;1;;;;
19/11/2015;16:35:00;37;sem vítima;120,9;BR-116/RJ;Sul;Choque - Defensa, barreira ou "submarino";;;1;;;;;;;;1;;;;
19/11/2015;03:33:00;3;com vítima;142,4;BR-116/RJ;Sul;Colisão Lateral;;1;;;;1;;;;;1;;;1;
20/11/2015;10:13:00;18;sem vítima;17,5;BR-116/RJ;Norte;Saida de Pista;1;;;;;;;;;;1;;;;
20/11/2015;11:25:00;20;sem vítima;26;BR-116/RJ;Norte;Saida de Pista;1;;;;;;;;;;1;;;;
20/11/2015;09:23:00;13;sem vítima;27;BR-116/RJ;Sul;Saida de Pista;1;;;;;;;;;;1;;;;
20/11/2015;10:18:00;19;sem vítima;34,05;BR-116/RJ;Sul;Saida de Pista;1;;;;;;;;;;1;;;;
20/11/2015;08:43:00;9;com vítima;59,9;BR-116/RJ;Norte;Saida de Pista;1;;;;;;;;;;0;1;;;
21/11/2015;12:55:00;18;com vítima;65,1;BR-116/RJ;Norte;Saida de Pista;1;;;;;;;;;;0;1;;;
21/11/2015;20:13:00;33;sem vítima;133,45;BR-116/RJ;Norte;Colisão Traseira;2;;;;;;;;;;2;;;;
21/11/2015;11:37:00;16;com vítima;137,7;BR-116/RJ;Sul;Colisão Traseira;2;;;;;1;;;;;1;4;;;
22/11/2015;02:40:00;1;sem vítima;6,4;BR-116/RJ;Norte;Choque - Defensa, barreira ou "submarino";1;;;;;;;;;;1;;;;
22/11/2015;22:55:00;53;sem vítima;93,4;BR-116/RJ;Norte;Colisão Lateral;;;1;;;1;;;;;2;;;;
23/11/2015;13:53:00;30;com vítima;7;BR-116/RJ;Norte;Capotamento;1;;;;;;;;;;0;1;;;
23/11/2015;09:30:00;14;sem vítima;53,3;BR-116/RJ;Norte;Saida de Pista;1;;;;;;;;;;1;;;;
23/11/2015;08:29:00;8;sem vítima;90,2;BR-116/RJ;Norte;Colisão Traseira;2;;;;;;;;;;2;;;;
23/11/2015;05:13:00;3;sem vítima;100;BR-116/RJ;Sul;Saida de Pista;1;;;;;;;;;;1;;;;
23/11/2015;08:00:00;7;sem vítima;118,3;BR-116/RJ;Norte;Saida de Pista;1;;;;;;;;;;1;;;;
23/11/2015;09:15:00;13;sem vítima;125,7;BR-116/RJ;Norte;Colisão Lateral;1;;;;;;;;;;1;;;;
23/11/2015;10:32:00;16;sem vítima;143,7;BR-116/RJ;Sul;Colisão Traseira;1;;;;1;;;;;;2;;;;
24/11/2015;06:35:00;7;sem vítima;22,08;BR-116/RJ;Sul;Saida de Pista;;;1;;;;;;;;1;;;;
24/11/2015;05:04:00;4;com vítima;26,4;BR-116/RJ;Norte;Saida de Pista;1;;;;;;;;;;0;1;;;
24/11/2015;19:46:00;47;sem vítima;139,2;BR-116/RJ;Norte;Engavetamento;1;;1;;1;;;;;;69;;;;
25/11/2015;06:31:00;2;com vítima;96,9;BR-116/RJ;Norte;Saida de Pista;;;1;;;;;;;;0;1;;;
25/11/2015;18:08:00;34;com vítima;108,8;BR-116/RJ;Sul;Choque - Veiculo parado no acostamento;1;;1;;;;;;;;1;1;;;
25/11/2015;16:17:00;26;com vítima;110,2;BR-116/RJ;Norte;Queda de Moto;;;;1;;;;;;;0;2;;;
26/11/2015;16:40:00;21;sem vítima;7,4;BR-116/RJ;Sul;Saida de Pista;1;;;;;;;;;;1;;;;
26/11/2015;12:48:00;16;com vítima;84;BR-116/RJ;Norte;Colisão Traseira;1;;1;;;;;;;;0;3;;;
26/11/2015;05:05:00;3;sem vítima;92,7;BR-116/RJ;Sul;Choque - Defensa, barreira ou "submarino";1;;;;;;;;;;1;;;;
26/11/2015;07:34:00;7;sem vítima;136;BR-116/RJ;Sul;Colisão Lateral;1;;2;;;;;;;;3;;;;
26/11/2015;18:32:00;26;com vítima;142,85;BR-116/RJ;Norte;Colisão Lateral;1;;;1;;;;;;;1;;1;1;
27/11/2015;20:05:00;43;sem vítima;94,05;BR-116/RJ;Norte;Saida de Pista;1;;;;;;;;;;1;;;;
28/11/2015;02:50:00;10;sem vítima;21,8;BR-116/RJ;Norte;Choque - Defensa, barreira ou "submarino";1;;;;;;;;;;2;;;;
28/11/2015;15:28:00;58;com vítima;63,3;BR-116/RJ;Norte;Saida de Pista;1;;;;;;;;;;0;2;;;
28/11/2015;13:00:00;46;com vítima;87;BR-116/RJ;Sul;Colisão Traseira;1;1;;;;;;;;;1;;;1;
28/11/2015;21:46:00;82;sem vítima;135,2;BR-116/RJ;Sul;Colisão Traseira;2;;;;;;;;;;2;;;;
28/11/2015;19:55:00;73;com vítima;137,3;BR-116/RJ;Norte;Atropelamento - Pessoa;;;;1;;;;;;;0;1;1;;
28/11/2015;06:48:00;19;com vítima;141;BR-116/RJ;Norte;Capotamento;1;;;;;;;;;;1;1;;;
28/11/2015;04:02:00;14;com vítima;143,95;BR-116/RJ;Sul;Atropelamento - Andarilho;1;;;;;;;;;;1;;;1;
29/11/2015;17:50:00;43;sem vítima;17;BR-116/RJ;Sul;Choque - Defensa, barreira ou "submarino";1;;;;;;;;;;1;;;;
29/11/2015;16:50:00;39;com vítima;26,4;BR-116/RJ;Sul;Saida de Pista;1;;;;;;;;;;1;;1;;
29/11/2015;19:15:00;56;com vítima;59,9;BR-116/RJ;Sul;Choque - Defensa, barreira ou "submarino";1;;;;;;;;;;0;1;;;
29/11/2015;14:30:00;33;com vítima;82;BR-116/RJ;Norte;Colisão Traseira;1;;;1;;;;;;;1;;1;;
29/11/2015;15:47:00;37;sem vítima;87,9;BR-116/RJ;Norte;Choque - Defensa, barreira ou "submarino";1;;;;;;;;;;1;;;;
29/11/2015;17:20:00;44;com vítima;114,5;BR-116/RJ;Sul;Colisão Frontal;2;;;;;;;;;;0;5;;;
29/11/2015;17:42:00;49;com vítima;129,1;BR-116/RJ;Sul;Engavetamento;3;;;;;;;;;;3;3;;;
29/11/2015;17:59:00;50;sem vítima;132,4;BR-116/RJ;Sul;Engavetamento;3;;;;;;;;;;3;;;;
30/11/2015;18:36:00;33;com vítima;52,5;BR-116/RJ;Norte;Colisão Lateral;1;;1;;;;;;;;0;4;1;;
30/11/2015;16:43:00;28;com vítima;61,85;BR-116/RJ;Norte;Saida de Pista;1;;;;;;;;;;0;5;;;
30/11/2015;19:08:00;36;sem vítima;100;BR-116/RJ;Norte;Choque - Defensa, barreira ou "submarino";1;;;;;;;;;;1;;;;
30/11/2015;00:32:00;1;sem vítima;104,9;BR-116/RJ;Norte;Saida de Pista;1;;;;;;;;;;1;;;;
30/11/2015;02:23:00;5;sem vítima;104,8;BR-116/RJ;Sul;Choque - Defensa, barreira ou "submarino";1;;;;;;;;;;1;;;;
30/11/2015;07:03:00;8;com vítima;133,5;BR-116/RJ;Sul;Queda de Moto;;;;1;;;;;;;0;1;;;
30/11/2015;16:04:00;27;sem vítima;141;BR-116/RJ;Sul;Choque - Defensa, barreira ou "submarino";1;;;;;;;;;;1;;;;
30/11/2015;07:46:00;9;com vítima;143,95;BR-116/RJ;Sul;Queda de Moto;;;;1;;;;;;;1;1;;;
01/12/2015;16:06:00;28;com vítima;66,5;BR-116/RJ;Sul;Saida de Pista;1;;;;;;;;;;0;;1;;
01/12/2015;17:33:00;35;sem vítima;74,5;BR-116/RJ;Norte;Saida de Pista;1;;;;;;;;;;1;;;;
01/12/2015;00:27:00;2;sem vítima;140,6;BR-116/RJ;Norte;Atropelamento de Animal;1;;;;;;;;;;2;;;;
02/12/2015;19:03:00;52;com vítima;61,4;BR-116/RJ;Sul;Colisão Frontal;1;;;;1;;;;;;28;6;1;;
02/12/2015;18:10:00;47;sem vítima;86,3;BR-116/RJ;Sul;Choque - Defensa, barreira ou "submarino";1;;;;;;;;;;1;;;;
02/12/2015;15:20:00;39;com vítima;94,9;BR-116/RJ;Sul;Queda de Moto;;;;1;;;;;;;0;1;;;
02/12/2015;12:28:00;26;com vítima;114,5;BR-116/RJ;Sul;Colisão Transversal;1;1;;;;;;;;;1;;;1;
02/12/2015;13:38:00;33;com vítima;123,9;BR-116/RJ;Norte;Choque - Defensa, barreira ou "submarino";1;;;;;;;;;;0;2;;;
03/12/2015;12:47:00;22;com vítima;65;BR-116/RJ;Sul;Queda de Moto;;;;1;;;;;;;0;1;;;
03/12/2015;08:51:00;11;com vítima;94;BR-116/RJ;Norte;Saida de Pista;1;;;;;;;;;;0;1;;;
03/12/2015;23:48:00;51;sem vítima;114,15;BR-116/RJ;Norte;Saida de Pista;1;;;;;;;;;;1;;;;
03/12/2015;14:14:00;28;sem vítima;125,4;BR-116/RJ;Sul;Saida de Pista;1;;;;;;;;;;1;;;;
03/12/2015;02:05:00;1;sem vítima;130,5;BR-116/RJ;Sul;Choque - Elemento de Drenagem;;;1;;;;;;;;1;;;;
03/12/2015;21:17:00;47;sem vítima;132,1;BR-116/RJ;Sul;Choque - Defensa, barreira ou "submarino";1;;;;;;;;;;1;;;;
04/12/2015;18:20:00;34;com vítima;70;BR-116/RJ;Sul;Queda de Moto;1;;;;;;;;;;0;;;1;
04/12/2015;10:58:00;12;com vítima;127,8;BR-116/RJ;Norte;Saida de Pista;1;;;;;;;;;;1;1;;;
05/12/2015;20:08:00;49;com vítima;12,3;BR-116/RJ;Norte;Atropelamento de Animal;1;;;;;;;;;;0;1;;;
05/12/2015;08:52:00;17;com vítima;63,2;BR-116/RJ;Sul;Tombamento;;;1;;;;;;;;0;1;;;
05/12/2015;01:29:00;4;sem vítima;129,3;BR-116/RJ;Norte;Colisão Lateral;2;;;;;;;;;;2;;;;
06/12/2015;09:45:00;19;sem vítima;95,4;BR-116/RJ;Norte;Choque - Defensa, barreira ou "submarino";1;;;;;;;;;;1;;;;
06/12/2015;23:50:00;62;com vítima;123,45;BR-116/RJ;Norte;Queda de Moto;;;;1;;;;;;;0;;;1;
06/12/2015;18:17:00;41;com vítima;127,5;BR-116/RJ;Norte;Saida de Pista;1;;;;;;;;;;1;1;;;
06/12/2015;04:00:00;6;sem vítima;132,5;BR-116/RJ;Sul;Choque - Defensa, barreira ou "submarino";1;;;;;;;;;;1;;;;
06/12/2015;17:17:00;37;sem vítima;137,5;BR-116/RJ;Sul;Choque - Defensa, barreira ou "submarino";1;;;;;;;;;;1;;;;
06/12/2015;05:40:00;9;com vítima;141,7;BR-116/RJ;Norte;Colisão Lateral;3;;;1;;;;;;;3;;1;;
07/12/2015;08:59:00;15;com vítima;11,2;BR-116/RJ;Norte;Saida de Pista;1;;;;;;;;;;0;;1;;
07/12/2015;23:30:00;57;com vítima;18,95;BR-116/RJ;Norte;Saida de Pista;1;;;;;;;;;;0;1;1;;
07/12/2015;11:12:00;23;com vítima;64,95;BR-116/RJ;Sul;Saida de Pista;1;;;;;;;;;;0;1;;;
07/12/2015;18:12:00;45;com vítima;80,6;BR-116/RJ;Norte;Colisão Lateral;1;;1;;;;;;;;1;1;;;
07/12/2015;12:38:00;26;com vítima;95,05;BR-116/RJ;Sul;Colisão Frontal;1;;1;;;;;;;;1;;;2;
07/12/2015;07:30:00;10;com vítima;128;BR-116/RJ;Norte;Saida de Pista;1;;;;;;;;;;0;;1;;
08/12/2015;13:00:00;29;com vítima;19;BR-116/RJ;Norte;Saida de Pista;1;;;;;;;;;;0;1;;;
08/12/2015;14:30:00;31;sem vítima;95,6;BR-116/RJ;Norte;Colisão Lateral;2;;;;;;;;;;2;;;;
08/12/2015;17:22:00;44;com vítima;101,6;BR-116/RJ;Norte;Colisão Transversal;1;;1;;;;;;;;1;;2;;1
08/12/2015;19:03:00;50;com vítima;139,9;BR-116/RJ;Norte;Colisão Traseira;1;;;1;;;;;;;1;1;;;
08/12/2015;00:16:00;3;sem vítima;143,02;BR-116/RJ;Norte;Choque - Defensa, barreira ou "submarino";1;;;;;;;;;;1;;;;
08/12/2015;15:25:00;35;com vítima;144;BR-116/RJ;Sul;Queda de Moto;;;;1;;;;;;;0;1;;;
09/12/2015;06:30:00;5;sem vítima;91,1;BR-116/RJ;Sul;Saida de Pista;;;1;;;;;;;;1;;;;
09/12/2015;17:45:00;31;com vítima;142,7;BR-116/RJ;Norte;Colisão Lateral;1;;2;;;;;;;;2;;1;;
10/12/2015;07:34:00;10;com vítima;97,7;BR-116/RJ;Norte;Colisão Traseira;1;;;1;;;;;;;1;;;1;
10/12/2015;17:05:00;39;sem vítima;133,5;BR-116/RJ;Sul;Colisão Traseira;1;;1;;;;;;;;3;;;;
10/12/2015;10:16:00;17;sem vítima;141,5;BR-116/RJ;Sul;Atropelamento de Animal;1;;;;;;;;;;1;;;;
12/12/2015;19:20:00;47;com vítima;87,3;BR-116/RJ;Sul;Choque - Defensa, barreira ou "submarino";1;;;;;;;;;;0;1;;;
12/12/2015;23:33:00;56;com vítima;99,85;BR-116/RJ;Norte;Colisão Frontal;2;;;;;;;;;;0;1;5;;
12/12/2015;23:38:00;57;com vítima;104,4;BR-116/RJ;Norte;Saida de Pista;1;;;;;;;;;;1;;1;;
12/12/2015;07:34:00;12;com vítima;125,8;BR-116/RJ;Norte;Queda de Moto;;;;1;;;;;;;0;1;;;
12/12/2015;15:58:00;36;sem vítima;142;BR-116/RJ;Norte;Choque - Defensa, barreira ou "submarino";1;;;;;;;;;;1;;;;
13/12/2015;20:09:00;52;com vítima;92,05;BR-116/RJ;Sul;Colisão Frontal;2;;;;;;;;;;0;4;2;;
13/12/2015;22:26:00;56;com vítima;92,9;BR-116/RJ;Norte;Saida de Pista;;;1;;;;;;;;0;1;;;
13/12/2015;11:40:00;22;com vítima;95;BR-116/RJ;Norte;Colisão Lateral;1;;;1;;;;;;;1;;;1;
13/12/2015;16:47:00;40;com vítima;95,5;BR-116/RJ;Norte;Colisão Frontal;1;;;1;;;;;;;1;2;;;
13/12/2015;05:31:00;7;sem vítima;103;BR-116/RJ;Sul;Choque - Defensa, barreira ou "submarino";1;;;;;;;;;;1;;;;
13/12/2015;04:03:00;4;sem vítima;123,7;BR-116/RJ;Norte;Atropelamento de Animal;1;;;;;;;;;;1;;;;
14/12/2015;11:50:00;23;com vítima;112,9;BR-116/RJ;Norte;Choque - Defensa, barreira ou "submarino";;;1;;;;;;;;0;3;;;
14/12/2015;00:17:00;1;com vítima;116;BR-116/RJ;Sul;Atropelamento de Animal;1;;;;;;;;;;1;1;;;
14/12/2015;18:19:00;41;com vítima;143,15;BR-116/RJ;Sul;Queda de Moto;;;;1;;;;;;;0;2;;;
14/12/2015;07:54:00;11;sem vítima;144;BR-116/RJ;Sul;Choque - Defensa, barreira ou "submarino";1;;;;;;;;;;1;;;;
15/12/2015;21:02:00;77;com vítima;76,05;BR-116/RJ;Norte;Queda de Moto;;;;1;;;;;;;0;;2;;
15/12/2015;07:37:00;12;com vítima;107;BR-116/RJ;Norte;Choque - Veiculo parado no acostamento;1;;;;1;;;;;;1;1;;;
15/12/2015;22:29:00;80;com vítima;107;BR-116/RJ;Norte;Atropelamento - Pessoa;1;;;;;;;;;;1;;1;;
15/12/2015;18:16:00;57;com vítima;127,05;BR-116/RJ;Sul;Queda de Moto;;;;1;;;;;;;0;;2;;