data;horario;n_da_ocorrencia;tipo_de_ocorrencia;km;trecho;sentido;tipo_de_acidente;automovel;bicicleta;caminhao;moto;onibus;outros;tracao_animal;transporte_de_cargas_especiais;trator_maquinas;utilitarios;ilesos;levemente_feridos;moderadamente_feridos;gravemente_feridos;mortos
15/12/2015;20:48:00;76;com vítima;142;BR-116/RJ;Norte;Atropelamento - Pessoa;1;;;;;;;;;;1;;1;;
16/12/2015;18:32:00;32;sem vítima;139,8;BR-116/RJ;Sul;Colisão Traseira;;;2;;;;;;;;2;;;;
17/12/2015;21:25:00;35;com vítima;79;BR-116/RJ;Sul;Atropelamento - Pessoa;1;1;;;;;;;;;1;;1;;
17/12/2015;10:25:00;11;com vítima;104,3;BR-116/RJ;Norte;Saida de Pista;1;;;;;;;;;;0;1;;;
17/12/2015;21:53:00;37;sem vítima;135,4;BR-116/RJ;Sul;Colisão Traseira;2;;;;;;;;;;2;;;;
18/12/2015;14:42:00;39;sem vítima;6,3;BR-116/RJ;Sul;Colisão Lateral;2;;1;;;;;;;;3;;;;
18/12/2015;07:25:00;10;com vítima;127,75;BR-116/RJ;Sul;Colisão Traseira;;;2;;;;;;;;2;;;1;
18/12/2015;13:22:00;27;sem vítima;141;BR-116/RJ;Sul;Colisão Lateral;1;;1;;;;;;;;2;;;;
18/12/2015;06:00:00;7;com vítima;142,5;BR-116/RJ;Norte;Saida de Pista;1;;;;;;;;;;0;3;;;
18/12/2015;11:28:00;24;com vítima;143,8;BR-116/RJ;Sul;Colisão Lateral;1;;;1;;;;;;;1;1;;;
19/12/2015;11:30:00;21;com vítima;19,3;BR-116/RJ;Sul;Queda de Moto;;;;1;;;;;;;0;;2;;
19/12/2015;18:47:00;55;com vítima;77,5;BR-116/RJ;Norte;Colisão Traseira;1;;;;;1;;;;;2;1;;;
19/12/2015;22:19:00;73;com vítima;104,7;BR-116/RJ;Norte;Capotamento;1;;;;;;;;;;1;1;;;
19/12/2015;16:54:00;41;sem vítima;114,4;BR-116/RJ;Sul;Colisão Traseira;2;;;;;;;;;;2;;;;
19/12/2015;09:53:00;18;com vítima;122,8;BR-116/RJ;Norte;Capotamento;1;;;;;;;;;;0;1;;;
19/12/2015;19:07:00;57;com vítima;125,85;BR-116/RJ;Norte;Choque - Defensa, barreira ou "submarino";1;;;;;;;;;;0;3;;;
19/12/2015;18:47:00;54;com vítima;133,5;BR-116/RJ;Norte;Colisão Traseira;1;;;;;1;;;;;3;1;;;
19/12/2015;18:13:00;47;sem vítima;136,05;BR-116/RJ;Sul;Saida de Pista;1;;;;;;;;;;1;;;;
19/12/2015;14:55:00;32;com vítima;138,65;BR-116/RJ;Norte;Colisão Traseira;4;;4;;;;;;;;7;4;;;
19/12/2015;06:54:00;10;sem vítima;139,1;BR-116/RJ;Norte;Colisão Traseira;1;;;;1;;;;;;2;;;;
19/12/2015;06:25:00;9;sem vítima;144;BR-116/RJ;Sul;Colisão Transversal;;;;1;;1;;;;;2;;;;
20/12/2015;19:13:00;56;sem vítima;56,4;BR-116/RJ;Sul;Atropelamento de Cachorro;1;;;;;;;;;;2;;;;
20/12/2015;13:15:00;27;com vítima;75,4;BR-116/RJ;Norte;Colisão Frontal;2;;;;;;;;;;0;1;6;;
20/12/2015;14:24:00;31;com vítima;82;BR-116/RJ;Sul;Queda de Moto;;;;1;;;;;;;0;;;1;
20/12/2015;07:32:00;10;com vítima;85,65;BR-116/RJ;Norte;Colisão Frontal;;;;2;;;;;;;0;2;;;
20/12/2015;19:11:00;55;com vítima;104,6;BR-116/RJ;Norte;Choque - Defensa, barreira ou "submarino";;;;1;;;;;;;0;;;1;
20/12/2015;18:34:00;52;com vítima;139,05;BR-116/RJ;Norte;Colisão Traseira;2;;;;;;;;;;0;3;;;
21/12/2015;22:30:00;69;sem vítima;64,7;BR-116/RJ;Sul;Choque - Elemento de Drenagem;1;;;;;;;;;;1;;;;
21/12/2015;02:30:00;3;com vítima;144;BR-116/RJ;Sul;Queda de Moto;;;;1;;;;;;;0;1;;;
22/12/2015;01:48:00;1;sem vítima;2,3;BR-116/RJ;Norte;Choque - Defensa, barreira ou "submarino";1;;;;;;;;;;1;;;;
22/12/2015;17:15:00;43;com vítima;37,8;BR-116/RJ;Sul;Colisão Lateral;1;;1;;;;;;;;1;1;;;
22/12/2015;04:57:00;4;com vítima;69,2;BR-116/RJ;Norte;Saida de Pista;;;1;;;;;;;;0;;1;;
22/12/2015;08:05:00;11;com vítima;92,6;BR-116/RJ;Sul;Colisão Lateral;1;;;1;;;;;;;1;;2;;
22/12/2015;19:38:00;53;sem vítima;137,4;BR-116/RJ;Norte;Colisão Traseira;1;;;;1;;;;;;44;;;;
23/12/2015;12:05:00;25;sem vítima;53,8;BR-116/RJ;Norte;Colisão traseira;1;;1;;;;;;;;2;;;;
23/12/2015;16:22:00;37;com vítima;62,3;BR-116/RJ;Sul;Queda de Moto;;;;1;;;;;;;0;;1;;
23/12/2015;14:23:00;32;com vítima;101;BR-116/RJ;Norte;Atropelamento - Pessoa;;;;;;1;;;;;1;1;;;
23/12/2015;00:46:00;2;com vítima;124,8;BR-116/RJ;Sul;Colisão Traseira;1;;;1;;;;;;;1;;1;;
23/12/2015;11:46:00;23;sem vítima;130;BR-116/RJ;Sul;Choque - Defensa, barreira ou "submarino";1;;;;;;;;;;1;;;;
23/12/2015;06:27:00;7;com vítima;134;BR-116/RJ;Sul;Colisão Traseira;1;;1;;;;;;;;0;2;;;
24/12/2015;10:18:00;22;com vítima;95,1;BR-116/RJ;Norte;Colisão Lateral;1;;;1;;;;;;;1;;;1;
24/12/2015;04:51:00;10;com vítima;102;BR-116/RJ;Sul;Queda de Moto;;;;1;;;;;;;0;;1;;
24/12/2015;15:20:00;44;com vítima;108,05;BR-116/RJ;Norte;Saida de Pista;1;;;;;;;;;;0;1;;;
24/12/2015;03:39:00;8;sem vítima;137;BR-116/RJ;Norte;Atropelamento de Animal;1;;;;;;;;;;1;;;;
24/12/2015;12:50:00;30;com vítima;143,8;BR-116/RJ;Sul;Colisão Traseira;1;;;1;;;;;;;2;1;;;
25/12/2015;22:51:00;50;com vítima;48,45;BR-116/RJ;Sul;Colisão Frontal;;;1;1;;;;;;;2;;;;2
25/12/2015;17:04:00;27;com vítima;53,2;BR-116/RJ;Sul;Queda de Moto;;;;1;;;;;;;0;;1;1;
25/12/2015;00:54:00;1;com vítima;71,1;BR-116/RJ;Norte;Queda de Moto;;;;1;;;;;;;0;1;;;
26/12/2015;10:20:00;16;sem vítima;134;BR-116/RJ;Norte;Engavetamento;4;;;;;;;;;;4;;;;
27/12/2015;17:39:00;59;com vítima;3,7;BR-116/RJ;Norte;Colisão Traseira;2;;;;;;;;;;2;;1;;
27/12/2015;18:53:00;72;com vítima;17,1;BR-116/RJ;Norte;Saida de Pista;1;;;;;;;;;;1;1;;;
27/12/2015;17:50:00;63;com vítima;44,1;BR-116/RJ;Norte;Choque - Defensa, barreira ou "submarino";1;;;;;;;;;;0;1;;;
27/12/2015;16:19:00;41;sem vítima;65,9;BR-116/RJ;Norte;Colisão Lateral;2;;;;;;;;;;2;;;;
27/12/2015;20:05:00;82;com vítima;72,7;BR-116/RJ;Norte;Colisão Lateral;2;;;;;;;;;;1;1;3;;
27/12/2015;15:38:00;51;sem vítima;92;BR-116/RJ;Norte;Choque - Defensa, barreira ou "submarino";1;;;;;;;;;;1;;;;
27/12/2015;01:13:00;2;com vítima;94,2;BR-116/RJ;Norte;Tombamento;;;1;;;;;;;;0;;1;;
27/12/2015;15:40:00;52;com vítima;129,4;BR-116/RJ;Sul;Choque - Defensa, barreira ou "submarino";1;;;;;;;;;;0;2;1;;
27/12/2015;16:02:00;53;sem vítima;132,5;BR-116/RJ;Sul;Choque - Defensa, barreira ou "submarino";1;;;;;;;;;;1;;;;
27/12/2015;17:58:00;64;com vítima;132;BR-116/RJ;Sul;Colisão Lateral;1;;;1;;;;;;;1;1;1;;
29/12/2015;12:11:00;22;com vítima;102,3;BR-116/RJ;Norte;Tombamento;1;;;;;;;;;;0;3;;;
29/12/2015;16:13:00;32;sem vítima;131,5;BR-116/RJ;Sul;Colisão Traseira;2;;;;;;;;;;2;;;;
29/12/2015;00:36:00;1;com vítima;140,05;BR-116/RJ;Norte;Colisão Traseira;1;;;1;;;;;;;1;;1;;
30/12/2015;16:05:00;34;sem vítima;34,8;BR-116/RJ;Norte;Queda de vegetação c/ veículo;1;;;;;;;;;;2;;;;
30/12/2015;16:28:00;35;com vítima;141,8;BR-116/RJ;Norte;Choque - Defensa, barreira ou "submarino";;;1;;;;;;;;1;2;;;
30/12/2015;20:00:00;56;sem vítima;141,1;BR-116/RJ;Norte;Colisão Lateral;1;;1;;;;;;;;3;;;;
31/12/2015;01:55:00;5;com vítima;85,8;BR-116/RJ;Norte;Choque - Defensa, barreira ou "submarino";;;1;;;;;;;;0;;;2;1
31/12/2015;17:30:00;51;sem vítima;92,9;BR-116/RJ;Norte;Saida de Pista;1;;;;;;;;;;1;;;;
31/12/2015;00:47:00;4;sem vítima;96,3;BR-116/RJ;Sul;Engavetamento;;;1;;;3;;;;;6;;;;
31/12/2015;19:18:00;58;sem vítima;125,6;BR-116/RJ;Sul;Choque - Defensa, barreira ou "submarino";1;;;;;;;;;;1;;;;
31/12/2015;14:39:00;29;sem vítima;143;BR-116/RJ;Norte;Colisão Lateral;3;;;;;;;;;;3;;;;
31/12/2015;14:08:00;36;sem vítima;143,1;BR-116/RJ;Norte;Engavetamento;2;;1;;;;;;;;3;;;;
20/04/2016;08:25:00;10;sem vítima;2,4;BR-116/RJ;Norte;Colisão Frontal;1;;;;;;;;;;1;;;;
24/03/2016;14:11:00;38;sem vítima;2,2;BR-116/RJ;Norte;Colisão Traseira;2;;;;;;;;;;2;;;;
04/03/2016;12:17:00;29;com vítima;2,5;BR-116/RJ;Sul;Saida de Pista;;;1;;;;;;;;0;;;1;
23/04/2016;03:45:00;2;com vítima;3,4;BR-116/RJ;Norte;Colisão Lateral;2;;;;;;;;;;0;2;1;;
25/08/2016;22:26:00;34;sem vítima;3,4;BR-116/RJ;Norte;Atropelamento de Animal;1;;;;;;;;;;1;;;;
10/07/2016;02:08:00;5;sem vítima;4,1;BR-116/RJ;Norte;Atropelamento - Animal;1;;;;;;;;;;1;;;;
15/04/2016;13:43:00;25;sem vítima;4,6;BR-116/RJ;Norte;Saida de Pista;1;;;;;;;;;;1;;;;
02/07/2016;12:04:00;22;com vítima;4,8;BR-116/RJ;Sul;Choque - Defensa, barreira ou "submarino";;;;1;;;;;;;0;;2;;
09/07/2016;10:08:00;18;com vítima;5,004;BR-116/RJ;Norte;Saida de Pista;1;;;;;;;;;;0;1;;;
04/08/2016;09:26:00;16;com vítima;5,8;BR-116/RJ;Sul;Tombamento;;;1;;;;;;;;0;;1;;
13/02/2016;08:46:00;10;com vítima;5,3;BR-116/RJ;Sul;Capotamento;1;;;;;;;;;;0;3;;;
21/08/2016;11:31:00;16;sem vítima;6;BR-116/RJ;Sul;Saida de Pista;1;;;;;;;;;;5;;;;
08/07/2016;12:54:00;26;com vítima;6,2;BR-116/RJ;Sul;Saida de Pista;1;;;;;;;;;;0;1;2;;
01/08/2016;19:38:00;41;com vítima;6,4;BR-116/RJ;Sul;Saida de Pista;1;;;;;;;;;;0;2;;;
17/01/2016;16:20:00;28;com vítima;7,5;BR-116/RJ;Norte;Saida de Pista;1;;;;;;;;;;0;1;;;
26/06/2016;15:20:00;24;sem vítima;7,1;BR-116/RJ;Norte;Capotamento;1;;;;;;;;;;1;;;;
04/03/2016;08:58:00;19;com vítima;7,3;BR-116/RJ;Norte;Saida de Pista;;;;;;;;;;1;0;1;;;
29/05/2016;02:15:00;7;sem vítima;8,1;BR-116/RJ;Sul;Atropelamento - Animal;;;;;1;;;;;;24;;;;
11/04/2016;12:56:00;35;com vítima;9;BR-116/RJ;Norte;Queda de Moto;;;;1;;;;;;;0;;1;;
06/02/2016;05:32:00;30;sem vítima;10,3;BR-116/RJ;Norte;Choque - Outros;1;;;;;;;;;;1;;;;
21/07/2016;23:18:00;36;com vítima;12,6;BR-116/RJ;Norte;Saida de Pista;1;;;;;;;;;;0;;2;;
08/03/2016;21:04:00;38;com vítima;13,05;BR-116/RJ;Norte;Tombamento;;;1;;;;;;;;0;;1;;
21/02/2016;10:10:00;21;sem vítima;14;BR-116/RJ;Norte;Colisão Transversal;2;;;;;;;;;;4;;;;
21/05/2016;02:52:00;9;com vítima;15,8;BR-116/RJ;Sul;Queda de Moto;;;;1;;;;;;;0;2;;;
29/04/2016;10:06:00;19;com vítima;17,1;BR-116/RJ;Sul;Capotamento;1;;;;;;;;;;0;5;1;;
02/01/2016;19:01:00;42;com vítima;17,5;BR-116/RJ;Norte;Saida de Pista;1;;;;;;;;;;0;1;;;
03/01/2016;17:20:00;33;com vítima;17,8;BR-116/RJ;Norte;Saida de Pista;1;;;;;;;;;;0;1;;;
12/01/2016;15:17:00;19;com vítima;17,9;BR-116/RJ;Norte;Saida de Pista;1;;;;;;;;;;0;2;;;
31/05/2016;08:55:00;17;com vítima;17,9;BR-116/RJ;Sul;Saida de Pista;1;;;;;;;;;;0;1;;;
04/03/2016;15:20:00;37;sem vítima;17,1;BR-116/RJ;Sul;Choque - Defensa, barreira ou "submarino";1;;;;;;;;;;1;;;;
04/03/2016;14:57:00;35;sem vítima;17,4;BR-116/RJ;Sul;Choque - Defensa, barreira ou "submarino";1;;;;;;;;;;1;;;;
03/02/2016;10:20:00;11;com vítima;17,9;BR-116/RJ;Sul;Tombamento;;;1;;;;;;;;0;;1;;
18/02/2016;06:43:00;5;sem vítima;17,9;BR-116/RJ;Norte;Saida de Pista;1;;;;;;;;;;1;;;;
01/06/2016;15:35:00;29;com vítima;17,95;BR-116/RJ;Sul;Choque - Defensa, barreira ou "submarino";1;;;;;;;;;;1;1;;;
31/07/2016;06:40:00;8;sem vítima;18,2;BR-116/RJ;Sul;Saida de Pista;1;;;;;;;;;;1;;;;
08/07/2016;19:55:00;53;sem vítima;18,7;BR-116/RJ;Norte;Colisão Lateral;;;2;;;;;;;;2;;;;
11/02/2016;19:25:00;39;sem vítima;19,05;BR-116/RJ;Sul;Choque - Defensa, barreira ou "submarino";1;;;;;;;;;;5;;;;
14/02/2016;08:56:00;9;com vítima;19,7;BR-116/RJ;Norte;Capotamento;1;;;;;;;;;;0;;1;;
28/04/2016;14:45:00;19;com vítima;22,5;BR-116/RJ;Norte;Colisão Frontal;2;;;;;;;;;;0;1;2;;
21/01/2016;13:00:00;25;sem vítima;23,3;BR-116/RJ;Sul;Saida de Pista;1;;;;;;;;;;1;;;;
12/08/2016;11:06:00;21;sem vítima;23,4;BR-116/RJ;Norte;Capotamento;1;;;;;;;;;;1;;;;
26/08/2016;18:35:00;44;sem vítima;23,4;BR-116/RJ;Norte;Colisão Transversal;2;;;;;;;;;;2;;;;
02/06/2016;17:50:00;42;com vítima;23,4;BR-116/RJ;Sul;Colisão Transversal;1;;;;;;;;;1;0;2;;;
31/07/2016;08:20:00;11;com vítima;24,2;BR-116/RJ;Norte;Capotamento;1;;;;;;;;;;0;2;;;
02/06/2016;11:14:00;20;com vítima;24,1;BR-116/RJ;Sul;Choque - Defensa, barreira ou "submarino";1;;;;;;;;;;0;1;;;
21/05/2016;01:20:00;6;sem vítima;25,7;BR-116/RJ;Sul;Saida de Pista;1;;;;;;;;;;1;;;;
03/06/2016;23:33:00;51;com vítima;25,9;BR-116/RJ;Sul;Choque - Defensa, barreira ou "submarino";1;;;;;;;;;;0;1;;;
15/01/2016;21:14:00;41;com vítima;26,1;BR-116/RJ;Norte;Saida de Pista;1;;;;;;;;;;0;1;;;
18/01/2016;12:55:00;30;com vítima;26,3;BR-116/RJ;Sul;Saida de Pista;1;;;;;;;;;;0;1;;;
17/01/2016;18:21:00;35;sem vítima;26,4;BR-116/RJ;Norte;Choque - Defensa, barreira ou "submarino";1;;;;;;;;;;1;;;;
31/07/2016;09:30:00;12;com vítima;26,4;BR-116/RJ;Norte;Queda de Moto;;;;1;;;;;;;0;;1;;
27/04/2016;15:55:00;41;com vítima;26,5;BR-116/RJ;Sul;Capotamento;1;;;;;;;;;;0;1;;;
18/05/2016;20:34:00;34;com vítima;26,5;BR-116/RJ;Norte;Saida de Pista;1;;;;;;;;;;0;2;;;
18/01/2016;13:29:00;31;com vítima;26,6;BR-116/RJ;Sul;Choque - Defensa, barreira ou "submarino";1;;;;;;;;;;0;1;;;
27/04/2016;16:30:00;42;com vítima;26,7;BR-116/RJ;Norte;Atropelamento - Pessoa;1;;;;;;;;;;0;1;1;;
10/08/2016;21:32:00;48;sem vítima;26,7;BR-116/RJ;Sul;Choque - Defensa, barreira ou "submarino";1;;;;;;;;;;1;;;;
19/01/2016;17:48:00;25;sem vítima;26,95;BR-116/RJ;Norte;Choque - Defensa, barreira ou "submarino";1;;;;;;;;;;1;;;;
15/02/2016;16:20:00;43;sem vítima;26,3;BR-116/RJ;Sul;Saida de Pista;1;;;;;;;;;;1;;;;
04/03/2016;08:40:00;18;com vítima;26,5;BR-116/RJ;Sul;Capotamento;1;;;;;;;;;;0;3;;;
17/01/2016;10:13:00;15;com vítima;27;BR-116/RJ;Sul;Saida de Pista;1;;;;;;;;;;0;2;;;
15/01/2016;14:39:00;16;com vítima;27,3;BR-116/RJ;Sul;Saida de Pista;1;;;;;;;;;;0;1;;;
10/08/2016;21:45:00;49;com vítima;27,6;BR-116/RJ;Norte;Colisão Frontal;2;;;;;;;;;;1;1;1;;
16/01/2016;02:18:00;11;sem vítima;27,9;BR-116/RJ;Norte;Choque - Defensa, barreira ou "submarino";1;;;;;;;;;;1;;;;
26/02/2016;17:50:00;44;sem vítima;27,3;BR-116/RJ;Sul;Colisão Lateral;2;;;;;;;;;;6;;;;
27/03/2016;08:47:00;12;sem vítima;27,4;BR-116/RJ;Norte;Saida de Pista;1;;;;;;;;;;1;;;;
04/06/2016;06:42:00;8;com vítima;27,5;BR-116/RJ;Norte;Saida de Pista;1;;;;;;;;;;0;1;;;
30/05/2016;21:21:00;46;sem vítima;28,5;BR-116/RJ;Norte;Queda de vegetação c/ veículo;1;;;;;;;;;;1;;;;
12/08/2016;08:55:00;9;com vítima;29,4;BR-116/RJ;Norte;Tombamento;;;1;;;;;;;;0;1;;;
03/04/2016;13:17:00;26;sem vítima;29,6;BR-116/RJ;Norte;Colisão Traseira;1;;;;;1;;;;;3;;;;
21/04/2016;07:55:00;16;com vítima;29,6;BR-116/RJ;Norte;Saida de Pista;1;;;;;;;;;;0;1;;;
27/04/2016;11:46:00;24;sem vítima;29,6;BR-116/RJ;Norte;Colisão Traseira;3;;;;;;;;;;3;;;;
16/08/2016;19:10:00;43;sem vítima;29,6;BR-116/RJ;Norte;Colisão Traseira;2;;;;;;;;;;2;;;;
25/02/2016;06:48:00;8;com vítima;29;BR-116/RJ;Norte;Tombamento;;;1;;;;;;;;0;;1;;
10/06/2016;08:30:00;14;com vítima;29;BR-116/RJ;Norte;Colisão Lateral;;;2;;;;;;;;1;;1;;
14/06/2016;20:14:00;42;sem vítima;29,05;BR-116/RJ;Norte;Colisão Traseira;;;2;;;;;;;;3;;;;
24/03/2016;06:00:00;15;com vítima;29,4;BR-116/RJ;Norte;Colisão Traseira;2;;;;;;;;;;0;5;;;
10/06/2016;07:05:00;8;com vítima;29,6;BR-116/RJ;Norte;Colisão Traseira;2;;;;;;;;;;0;5;;;
24/06/2016;10:40:00;27;com vítima;29,7;BR-116/RJ;Norte;Colisão Traseira;2;;;;;;;;;;0;5;;;
03/04/2016;15:34:00;35;com vítima;32;BR-116/RJ;Sul;Capotamento;1;;;;;;;;;;0;3;;;
22/07/2016;05:56:00;7;com vítima;32,3;BR-116/RJ;Norte;Choque - Defensa, barreira ou "submarino";1;;;;;;;;;;0;;2;;
06/03/2016;22:12:00;62;com vítima;32,9;BR-116/RJ;Norte;Choque - Outros;1;;;;;;;;;;1;1;;;
31/07/2016;06:45:00;9;com vítima;33;BR-116/RJ;Sul;Saida de Pista;1;;;;;;;;;;0;1;;;
17/08/2016;03:10:00;2;sem vítima;33;BR-116/RJ;Norte;Choque - Defensa, barreira ou "submarino";1;;;;;;;;;;1;;;;
01/04/2016;20:08:00;62;sem vítima;33,6;BR-116/RJ;Norte;Saida de Pista;1;;;;;;;;;;1;;;;
20/03/2016;05:25:00;4;com vítima;33,95;BR-116/RJ;Sul;Choque - Defensa, barreira ou "submarino";1;;;;;;;;;;0;1;;;
19/05/2016;08:14:00;12;sem vítima;34,1;BR-116/RJ;Norte;Choque - Outros;1;;;;;;;;;;1;;;;
01/07/2016;06:14:00;10;sem vítima;34,3;BR-116/RJ;Sul;Capotamento;1;;;;;;;;;;1;;;;
17/03/2016;13:34:00;14;sem vítima;34,05;BR-116/RJ;Norte;Saida de Pista;1;;;;;;;;;;1;;;;
19/05/2016;07:15:00;5;com vítima;35;BR-116/RJ;Sul;Colisão Traseira;2;;;;;;;;;;1;1;1;;
01/07/2016;06:50:00;11;com vítima;35;BR-116/RJ;Norte;Choque - Outros;1;;;;;;;;;;0;1;;;
12/05/2016;10:02:00;18;com vítima;35,04;BR-116/RJ;Norte;Saida de Pista;1;;;;;;;;;;0;1;;;
29/04/2016;11:25:00;23;sem vítima;35,1;BR-116/RJ;Norte;Saida de Pista;1;;;;;;;;;;1;;;;
07/07/2016;20:03:00;39;com vítima;35,7;BR-116/RJ;Sul;Choque - Defensa, barreira ou "submarino";;;1;;;;;;;;0;;1;;
15/02/2016;17:22:00;45;sem vítima;35;BR-116/RJ;Sul;Saida de Pista;1;;;;;;;;;;1;;;;
01/06/2016;09:16:00;12;sem vítima;35;BR-116/RJ;Norte;Choque - Outros;1;;;;;;;;;;1;;;;
03/06/2016;22:33:00;48;com vítima;35,1;BR-116/RJ;Norte;Capotamento;1;;;;;;;;;;0;2;;;
10/01/2016;20:46:00;62;com vítima;36,5;BR-116/RJ;Sul;Saida de Pista;;;;1;;;;;;;0;;1;;
22/03/2016;15:36:00;21;com vítima;37;BR-116/RJ;Sul;Atropelamento - Cachorro;;;;1;;;;;;;0;1;;;
06/02/2016;14:12:00;74;com vítima;37,15;BR-116/RJ;Sul;Queda de Moto;;;;1;;;;;;;0;;1;;
14/07/2016;12:53:00;22;com vítima;38,7;BR-116/RJ;Norte;Choque - Suporte de Sinalização;;;;1;;;;;;;0;;;1;
09/01/2016;13:41:00;26;com vítima;38,8;BR-116/RJ;Norte;Colisão Lateral;1;;;1;;;;;;;1;;2;;
01/02/2016;20:14:00;36;com vítima;39,3;BR-116/RJ;Norte;Colisão Traseira;;;;1;;;;;1;;1;;1;;
05/06/2016;18:31:00;49;com vítima;39,9;BR-116/RJ;Sul;Colisão Frontal;2;;;;;;;;;;1;2;1;;
08/01/2016;16:01:00;27;com vítima;40;BR-116/RJ;Sul;Colisão Lateral;1;;;;;;;;;1;1;;1;;
22/04/2016;19:41:00;46;com vítima;40,3;BR-116/RJ;Sul;Colisão Lateral;1;;;1;;;;;;;1;2;;;
19/07/2016;10:56:00;23;com vítima;40,5;BR-116/RJ;Sul;Colisão Traseira;3;;;;;;;;;;2;1;;;
05/03/2016;16:10:00;29;com vítima;40,05;BR-116/RJ;Sul;Atropelamento - Animal;;;;1;;;;;;;0;2;;;
01/06/2016;17:53:00;35;sem vítima;40,35;BR-116/RJ;Norte;Colisão Traseira;;;2;;;;;;;;2;;;;
29/06/2016;21:29:00;38;com vítima;40,6;BR-116/RJ;Norte;Colisão Traseira;;;2;;;;;;;;0;2;;;
12/07/2016;12:50:00;21;sem vítima;41,5;BR-116/RJ;Sul;Colisão Traseira;2;;;;;;;;;;2;;;;
02/08/2016;09:15:00;11;com vítima;41,9;BR-116/RJ;Norte;Engavetamento;1;;1;1;;;;;;;2;;1;;
05/02/2016;08:25:00;21;com vítima;41;BR-116/RJ;Norte;Colisão Traseira;1;;1;;;;;;;;0;2;;;
12/02/2016;22:40:00;54;com vítima;41;BR-116/RJ;Sul;Colisão Lateral;1;;;1;;;;;;;0;5;1;;
05/02/2016;15:58:00;59;com vítima;41,3;BR-116/RJ;Sul;Colisão Transversal;2;;;;;;;;;;1;1;;;
12/08/2016;19:18:00;57;sem vítima;42,3;BR-116/RJ;Norte;Saida de Pista;1;;;;;;;;;;1;;;;
04/06/2016;17:57:00;38;sem vítima;42;BR-116/RJ;Sul;Colisão Lateral;2;;;;;;;;;;2;;;;
02/01/2016;15:35:00;25;com vítima;43,2;BR-116/RJ;Norte;Choque - Suporte de Sinalização;1;;;;;;;;;;0;1;;;
12/01/2016;08:23:00;8;com vítima;43,4;BR-116/RJ;Norte;Saida de Pista;;;1;;;;;;;;0;1;;;
31/05/2016;07:28:00;12;com vítima;43,5;BR-116/RJ;Sul;Saida de Pista;1;;;;;;;;;;0;;1;;
24/06/2016;19:29:00;58;com vítima;43,8;BR-116/RJ;Norte;Capotamento;1;;;;;;;;;;0;;2;;
09/02/2016;11:57:00;24;com vítima;44,9;BR-116/RJ;Sul;Colisão Transversal;2;;;;;;;;;;1;2;;;
06/03/2016;17:50:00;45;com vítima;44,9;BR-116/RJ;Sul;Colisão Transversal;2;;;;;;;;;;0;3;;;
18/08/2016;12:34:00;17;com vítima;47,7;BR-116/RJ;Sul;Colisão Transversal;2;;;;;;;;;;1;;1;;
01/05/2016;16:50:00;26;sem vítima;48;BR-116/RJ;Sul;Atropelamento - Cachorro;1;;;;;;;;;;1;;;;
09/07/2016;03:25:00;6;sem vítima;48;BR-116/RJ;Norte;Saida de Pista;1;;;;;;;;;;1;;;;
05/02/2016;07:35:00;17;com vítima;48,1;BR-116/RJ;Norte;Saida de Pista;1;;;;;;;;;;0;1;;;
19/05/2016;05:03:00;4;com vítima;49,5;BR-116/RJ;Norte;Choque - Defensa, barreira ou "submarino";1;;;;;;;;;;0;1;;;
06/02/2016;14:07:00;73;sem vítima;49;BR-116/RJ;Sul;Choque - Defensa, barreira ou "submarino";1;;;;;;;;;;1;;;;
12/06/2016;19:44:00;49;sem vítima;49,7;BR-116/RJ;Norte;Colisão Lateral;1;;;1;;;;;;;2;;;;
06/03/2016;03:39:00;5;com vítima;51,3;BR-116/RJ;Norte;Saida de Pista;1;;;;;;;;;;0;1;;;
28/07/2016;03:02:00;3;com vítima;52,7;BR-116/RJ;Sul;Atropelamento - Animal;;;1;;;;;;;;0;2;;;
15/02/2016;16:11:00;42;sem vítima;52,8;BR-116/RJ;Sul;Saida de Pista;1;;;;;;;;;;1;;;;
27/04/2016;15:48:00;40;sem vítima;53;BR-116/RJ;Sul;Saida de Pista;1;;;;;;;;;;1;;;;
10/08/2016;20:00:00;45;com vítima;53,2;BR-116/RJ;Norte;Choque - Defensa, barreira ou "submarino";1;;;;;1;;;;;1;3;;;
13/01/2016;09:04:00;7;sem vítima;53,3;BR-116/RJ;Norte;Saida de Pista;1;;;;;;;;;;1;;;;
20/05/2016;06:34:00;4;com vítima;53,6;BR-116/RJ;Sul;Saida de Pista;1;;;;;;;;;;0;1;;;
29/04/2016;22:00:00;57;com vítima;53,8;BR-116/RJ;Norte;Saida de Pista;1;;;;;;;;;;0;2;;;
11/02/2016;18:30:00;36;com vítima;53,25;BR-116/RJ;Sul;Colisão Frontal;2;;;;;;;;;;0;;3;1;1
15/02/2016;16:10:00;41;sem vítima;53,3;BR-116/RJ;Sul;Saida de Pista;1;;;;;;;;;;1;;;;
28/02/2016;21:42:00;67;sem vítima;53,4;BR-116/RJ;Norte;Choque - Defensa, barreira ou "submarino";;;1;;;;;;;;1;;;;
28/02/2016;21:42:00;58;sem vítima;53,5;BR-116/RJ;Sul;Choque - Defensa, barreira ou "submarino";1;;;;;;;;;;3;;;;
21/02/2016;23:18:00;58;com vítima;53,6;BR-116/RJ;Norte;Saida de Pista;1;;;;;;;;;;0;2;1;;
26/07/2016;03:46:00;4;com vítima;54,05;BR-116/RJ;Sul;Saida de Pista;1;;;;;;;;;;0;;1;;