data;horario;n_da_ocorrencia;tipo_de_ocorrencia;km;trecho;sentido;tipo_de_acidente;automovel;bicicleta;caminhao;moto;onibus;outros;tracao_animal;transporte_de_cargas_especiais;trator_maquinas;utilitarios;ilesos;levemente_feridos;moderadamente_feridos;gravemente_feridos;mortos
30/05/2016;19:10:00;35;com vítima;54,3;BR-116/RJ;Norte;Queda de vegetação c/ veículo;1;;;;;;;;;;0;1;;;
27/01/2016;21:54:00;63;com vítima;54,8;BR-116/RJ;Norte;Capotamento;1;;;;;;;;;;0;1;1;;
01/08/2016;20:27:00;44;com vítima;54,8;BR-116/RJ;Sul;Saida de Pista;1;;;;;;;;;;0;1;;;1
30/05/2016;01:28:00;2;sem vítima;55,7;BR-116/RJ;Sul;Choque - Objeto sobre a pista;1;;;;;;;;;;1;;;;
24/04/2016;04:57:00;9;com vítima;56;BR-116/RJ;Sul;Colisão Lateral;1;;;;1;;;;;;1;1;;;
24/06/2016;21:15:00;62;com vítima;56,9;BR-116/RJ;Norte;Colisão Lateral;2;;;;;;;;;;3;;1;;
09/07/2016;07:34:00;13;com vítima;57,85;BR-116/RJ;Norte;Colisão Frontal;3;;;;;;;;;;2;;3;;
02/01/2016;17:45:00;39;com vítima;59,9;BR-116/RJ;Norte;Saida de Pista;1;;;;;;;;;;0;1;;;
13/01/2016;09:19:00;8;sem vítima;61,1;BR-116/RJ;Sul;Saida de Pista;1;;;;;;;;;;1;;;;
15/04/2016;10:48:00;15;sem vítima;61,1;BR-116/RJ;Norte;Saida de Pista;1;;;;;;;;;;1;;;;
14/08/2016;03:15:00;5;com vítima;61,6;BR-116/RJ;Sul;Saida de Pista;1;;;;;;;;;;0;1;;;
23/05/2016;06:50:00;8;com vítima;62,8;BR-116/RJ;Sul;Colisão Traseira;2;;;;;;;;;;1;;2;;
04/08/2016;00:26:00;2;com vítima;62,85;BR-116/RJ;Sul;Saida de Pista;1;;;;;;;;;;0;1;;;
19/03/2016;21:40:00;49;sem vítima;62;BR-116/RJ;Sul;Choque - Defensa, barreira ou "submarino";1;;;;;;;;;;1;;;;
10/01/2016;04:29:00;5;com vítima;63,875;BR-116/RJ;Norte;Colisão Lateral;;;1;1;;;;;;;0;1;1;1;1
16/02/2016;10:52:00;14;com vítima;63,1;BR-116/RJ;Norte;Choque - Outros;3;;;;;;;;;;1;1;2;;
18/03/2016;17:20:00;35;sem vítima;63,2;BR-116/RJ;Sul;Saida de Pista;1;;;;;;;;;;1;;;;
10/07/2016;14:25:00;40;com vítima;64,25;BR-116/RJ;Norte;Queda de Moto;;;;1;;;;;;;0;;;1;1
29/07/2016;15:45:00;34;com vítima;64,6;BR-116/RJ;Sul;Choque - Defensa, barreira ou "submarino";1;;;;;;;;;;0;;1;;
28/02/2016;23:04:00;65;sem vítima;64,2;BR-116/RJ;Sul;Choque - Defensa, barreira ou "submarino";1;;;;;;;;;;1;;;;
10/03/2016;20:37:00;47;com vítima;64,2;BR-116/RJ;Norte;Colisão Lateral;;;2;;;;;;;;1;1;;;
12/02/2016;08:57:00;11;com vítima;64,8;BR-116/RJ;Norte;Queda de Moto;;;;1;;;;;;;0;;;1;
19/02/2016;14:45:00;29;sem vítima;64,9;BR-116/RJ;Norte;Choque - Defensa, barreira ou "submarino";1;;;;;;;;;;1;;;;
11/05/2016;05:10:00;5;com vítima;65,3;BR-116/RJ;Sul;Choque - Defensa, barreira ou "submarino";1;;;;;;;;;;0;2;;;
30/01/2016;21:54:00;59;com vítima;65,8;BR-116/RJ;Sul;Colisão Frontal;2;;;;;;;;;;0;;2;;
17/04/2016;19:27:00;47;com vítima;65,9;BR-116/RJ;Norte;Colisão Frontal;1;;;1;;;;;;;1;1;1;;
17/08/2016;08:59:00;14;com vítima;65,9;BR-116/RJ;Sul;Colisão Traseira;;;1;1;;;;;;;1;;1;;
15/02/2016;18:53:00;54;sem vítima;66,5;BR-116/RJ;Norte;Saida de Pista;1;;;;;;;;;;1;;;;
02/03/2016;07:12:00;9;com vítima;66,9;BR-116/RJ;Norte;Colisão Traseira;1;;;1;;;;;;;1;;;1;
23/04/2016;09:30:00;7;com vítima;67,3;BR-116/RJ;Norte;Tombamento;;;1;;;;;;;;0;1;;;
27/04/2016;20:47:00;57;com vítima;67,6;BR-116/RJ;Sul;Queda de Moto;;;;1;;;;;;;0;;1;;
15/06/2016;17:28:00;29;com vítima;67,3;BR-116/RJ;Sul;Colisão Transversal;2;;;;;;;;;;1;;1;;
04/06/2016;14:04:00;29;com vítima;67,7;BR-116/RJ;Norte;Atropelamento - Ciclista;1;1;;;;;;;;;1;1;;;
04/01/2016;19:14:00;55;sem vítima;68;BR-116/RJ;Sul;Atropelamento - Cachorro;1;;;;;;;;;;1;;;;
10/04/2016;01:57:00;5;com vítima;68,2;BR-116/RJ;Norte;Saida de Pista;1;;;;;;;;;;0;;1;;
02/08/2016;17:39:00;29;com vítima;68,2;BR-116/RJ;Sul;Colisão Lateral;;1;;;;1;;;;;1;;1;;
12/01/2016;01:42:00;1;com vítima;69,4;BR-116/RJ;Norte;Queda de Moto;;;;1;;;;;;;0;;1;;
01/04/2016;23:20:00;73;com vítima;69,6;BR-116/RJ;Sul;Colisão Lateral;2;;;;;;;;;;2;;1;1;
27/01/2016;17:35:00;48;com vítima;69,8;BR-116/RJ;Sul;Colisão Lateral;2;;;;;;;;;;0;3;;;
24/03/2016;04:15:00;12;com vítima;69,1;BR-116/RJ;Sul;Choque - Defensa, barreira ou "submarino";1;;;;;;;;;;0;1;;;
30/03/2016;17:30:00;43;com vítima;69,1;BR-116/RJ;Norte;Saida de Pista;1;;;;;;;;;;0;1;;;
18/03/2016;14:21:00;26;com vítima;69,6;BR-116/RJ;Sul;Colisão Traseira;1;;1;;;;;;;;1;;2;;
31/03/2016;16:26:00;33;com vítima;69,9;BR-116/RJ;Sul;Choque - Elemento de Drenagem;1;;;;;;;;;;0;;1;;
25/05/2016;17:18:00;34;com vítima;70,1;BR-116/RJ;Norte;Colisão Lateral;2;;;;;;;;;;0;2;;;
18/01/2016;11:45:00;26;com vítima;70,9;BR-116/RJ;Norte;Colisão Lateral;1;;1;;;;;;;;0;2;;;
12/02/2016;19:10:00;41;com vítima;70,1;BR-116/RJ;Sul;Colisão Traseira;1;;;1;;;;;;;1;;;1;
08/03/2016;11:50:00;24;com vítima;70,2;BR-116/RJ;Sul;Colisão Transversal;1;;;1;;;;;;;1;;1;;
23/03/2016;15:05:00;27;com vítima;70,4;BR-116/RJ;Sul;Saida de Pista;1;;;;;;;;;;0;1;;;
04/06/2016;05:08:00;6;com vítima;70,4;BR-116/RJ;Sul;Saida de Pista;1;;;;;;;;;;0;1;;;
27/04/2016;13:25:00;32;com vítima;71;BR-116/RJ;Norte;Colisão Traseira;1;;1;;;;;;;;0;2;;;
30/04/2016;01:02:00;1;sem vítima;71,3;BR-116/RJ;Norte;Choque - Suporte de Sinalização;1;;;;;;;;;;1;;;;
05/01/2016;13:59:00;26;com vítima;71,65;BR-116/RJ;Norte;Colisão Lateral;2;;;;;;;;;;0;2;;;
14/04/2016;16:15:00;33;sem vítima;71,7;BR-116/RJ;Sul;Choque - Defensa, barreira ou "submarino";1;;;;;;;;;;1;;;;
26/04/2016;18:05:00;34;com vítima;71,8;BR-116/RJ;Sul;Colisão Lateral;;;1;1;;;;;;;1;;;1;
29/04/2016;21:17:00;54;com vítima;71,8;BR-116/RJ;Norte;Colisão Frontal;1;;1;;;;;;;;1;1;;;
05/08/2016;19:23:00;41;sem vítima;71,9;BR-116/RJ;Norte;Colisão Traseira;2;;;;;;;;;;2;;;;
06/08/2016;13:24:00;22;com vítima;71,95;BR-116/RJ;Norte;Colisão Frontal;;;1;1;;;;;;;1;;;1;
09/02/2016;11:40:00;23;com vítima;71;BR-116/RJ;Sul;Saida de Pista;1;;;;;;;;;;0;1;;;
25/06/2016;15:43:00;24;com vítima;71;BR-116/RJ;Sul;Colisão Transversal;1;;;1;;;;;;;0;2;1;;
13/05/2016;03:44:00;3;com vítima;72,6;BR-116/RJ;Sul;Saida de Pista;1;;;;;;;;;;0;1;;;
10/08/2016;13:45:00;22;com vítima;72,7;BR-116/RJ;Norte;Queda de Moto;;;;1;;;;;;;0;;;1;
05/06/2016;06:02:00;14;com vítima;72,8;BR-116/RJ;Norte;Saida de Pista;1;;;;;;;;;;0;1;;;
25/04/2016;19:28:00;62;com vítima;73;BR-116/RJ;Sul;Queda de Moto;;;;1;;;;;;;0;;2;;
28/04/2016;22:46:00;42;sem vítima;73,2;BR-116/RJ;Sul;Choque - Defensa, barreira ou "submarino";1;;;;;;;;;;1;;;;
01/07/2016;04:58:00;7;com vítima;73,2;BR-116/RJ;Sul;Choque - Defensa, barreira ou "submarino";1;;;;;;;;;;0;1;;;
08/02/2016;18:43:00;50;com vítima;73,5;BR-116/RJ;Sul;Colisão Transversal;1;;;1;;;;;;;1;;;1;
16/03/2016;19:44:00;45;com vítima;73,5;BR-116/RJ;Norte;Colisão Transversal;1;;;1;;;;;;;1;1;;;
28/02/2016;19:45:00;50;com vítima;73,8;BR-116/RJ;Norte;Saida de Pista;1;;;;;;;;;;4;1;;;
08/04/2016;18:38:00;53;com vítima;74;BR-116/RJ;Norte;Saida de Pista;1;;;;;;;;;;0;1;;;
31/08/2016;17:50:00;37;com vítima;74,4;BR-116/RJ;Sul;Colisão Frontal;2;;;;;;;;;;1;1;;;
09/01/2016;00:30:00;1;com vítima;74,6;BR-116/RJ;Sul;Saida de Pista;1;;;;;;;;;;0;1;;;
13/08/2016;23:10:00;49;com vítima;74,6;BR-116/RJ;Norte;Choque - Defensa, barreira ou "submarino";;;;1;;;;;;;0;1;;;
19/05/2016;15:00:00;35;com vítima;74,9;BR-116/RJ;Sul;Choque - Defensa, barreira ou "submarino";1;;;;;;;;;;0;1;;;
17/06/2016;13:40:00;29;com vítima;74,1;BR-116/RJ;Norte;Choque - Defensa, barreira ou "submarino";1;;;;;;;;;;0;1;;;
19/06/2016;03:41:00;6;com vítima;74,6;BR-116/RJ;Norte;Queda de Moto;;;;1;;;;;;;0;;1;;
28/06/2016;10:54:00;15;sem vítima;74,6;BR-116/RJ;Sul;Engavetamento;3;;;;;;;;;;3;;;;
01/06/2016;09:20:00;14;com vítima;74,8;BR-116/RJ;Sul;Choque - Outros;1;;;;;;;;;;0;;1;;
28/03/2016;15:44:00;30;com vítima;74,9;BR-116/RJ;Sul;Saida de Pista;1;;;;;;;;;;0;2;;;
06/05/2016;10:03:00;10;com vítima;75;BR-116/RJ;Sul;Queda de Moto;;;;1;;;;;;;0;1;;;
31/08/2016;17:24:00;36;com vítima;75;BR-116/RJ;Sul;Queda de Moto;;;;1;;;;;;;0;1;;;
11/07/2016;12:52:00;28;com vítima;75,25;BR-116/RJ;Sul;Colisão Traseira;2;;;;;;;;;;0;3;;;
17/01/2016;13:50:00;20;sem vítima;75,95;BR-116/RJ;Sul;Saida de Pista;1;;;;;;;;;;1;;;;
24/06/2016;14:32:00;42;sem vítima;75,7;BR-116/RJ;Norte;Saida de Pista;1;;;;;;;;;;1;;;;
12/05/2016;07:20:00;11;com vítima;76;BR-116/RJ;Sul;Colisão Traseira;2;;;;;;;;;;0;2;;;
11/07/2016;10:55:00;21;com vítima;76,1;BR-116/RJ;Sul;Colisão Transversal;1;;1;;;;;;;;1;;1;1;
09/04/2016;10:35:00;25;com vítima;76,15;BR-116/RJ;Sul;Colisão Transversal;1;;;;1;;;;;;1;1;;;
23/07/2016;03:26:00;3;com vítima;76,2;BR-116/RJ;Norte;Queda de Moto;;;;1;;;;;;;0;;1;;
14/07/2016;10:43:00;18;com vítima;76,3;BR-116/RJ;Sul;Atropelamento - Pessoa;;;;;;1;;;;;1;;1;;
11/04/2016;07:34:00;11;com vítima;76,5;BR-116/RJ;Norte;Queda de Moto;;;;1;;;;;;;0;1;;;
02/07/2016;01:15:00;2;com vítima;76,5;BR-116/RJ;Sul;Colisão Frontal;;;;1;;1;;;;;1;1;1;;
19/08/2016;10:02:00;20;com vítima;76,5;BR-116/RJ;Sul;Colisão Transversal;2;;;;;;;;;;2;1;;;
28/06/2016;15:07:00;35;sem vítima;76;BR-116/RJ;Norte;Colisão Lateral;1;;;1;;;;;;;3;;;;
27/02/2016;18:03:00;45;sem vítima;76,5;BR-116/RJ;Sul;Colisão Transversal;1;;;1;;;;;;;2;;;;
02/03/2016;21:55:00;38;com vítima;76,6;BR-116/RJ;Norte;Colisão Lateral;2;;;;;;;;;;2;1;;;
19/06/2016;07:05:00;11;com vítima;76,6;BR-116/RJ;Sul;Choque - Defensa, barreira ou "submarino";1;;;;;;;;;;0;1;;;
09/06/2016;10:20:00;16;com vítima;76,7;BR-116/RJ;Norte;Colisão Lateral;1;;1;;;;;;;;1;;2;;
10/03/2016;07:05:00;5;com vítima;76,8;BR-116/RJ;Sul;Atropelamento - Pessoa;;;1;;;;;;;;1;1;;;
21/06/2016;11:50:00;11;sem vítima;76,8;BR-116/RJ;Sul;Colisão Transversal;2;;;;;;;;;;2;;;;
10/04/2016;14:16:00;29;com vítima;77;BR-116/RJ;Norte;Saida de Pista;1;;;;;;;;;;0;1;;;
15/05/2016;04:58:00;8;sem vítima;77,1;BR-116/RJ;Norte;Choque - Suporte de Sinalização;1;;;;;;;;;;1;;;;
10/07/2016;16:00:00;47;com vítima;77,5;BR-116/RJ;Sul;Atropelamento - Pessoa;;;;;1;;;;;;1;;1;;
23/01/2016;16:31:00;39;com vítima;77,95;BR-116/RJ;Sul;Colisão Transversal;2;;;;;;;;;;0;5;;;
10/06/2016;05:43:00;6;com vítima;77;BR-116/RJ;Norte;Atropelamento - Animal;;;;;1;;;;;;0;1;;;
07/02/2016;09:50:00;23;com vítima;77,2;BR-116/RJ;Sul;Colisão Traseira;2;;;;;;;;;;1;;1;;
02/06/2016;15:39:00;36;com vítima;77,6;BR-116/RJ;Norte;Colisão Traseira;1;;1;;;;;;;;0;2;;;
05/05/2016;12:28:00;31;com vítima;78,3;BR-116/RJ;Sul;Colisão Transversal;1;;;1;;;;;;;1;;1;;
02/01/2016;20:29:00;51;sem vítima;78,6;BR-116/RJ;Norte;Saida de Pista;1;;;;;;;;;;1;;;;
17/07/2016;20:51:00;39;com vítima;78,6;BR-116/RJ;Sul;Atropelamento - Pessoa;1;;;;;;;;;;1;;1;;
23/01/2016;16:13:00;36;com vítima;78,7;BR-116/RJ;Sul;Colisão Traseira;2;;;;;;;;;;0;5;;;
14/08/2016;21:35:00;48;com vítima;78,9;BR-116/RJ;Norte;Colisão Traseira;2;;;;;;;;;;1;1;1;;
28/04/2016;19:55:00;37;com vítima;78,97;BR-116/RJ;Sul;Colisão Frontal;1;;1;;;;;;;;1;;;1;
18/03/2016;13:22:00;18;com vítima;78,3;BR-116/RJ;Sul;Colisão Transversal;1;;;1;;;;;;;1;;1;;
15/06/2016;11:00:00;14;sem vítima;78,4;BR-116/RJ;Norte;Colisão Transversal;2;;;;;;;;;;2;;;;
04/06/2016;13:11:00;24;com vítima;78,5;BR-116/RJ;Sul;Colisão Transversal;1;;;1;;;;;;;1;;1;;
24/06/2016;17:16:00;49;com vítima;78,9;BR-116/RJ;Norte;Atropelamento - Pessoa;;;;1;;;;;;;1;;1;;
31/07/2016;21:56:00;49;com vítima;79,3;BR-116/RJ;Sul;Colisão Transversal;1;;;;;1;;;;;1;1;;;
10/04/2016;10:46:00;20;com vítima;79,5;BR-116/RJ;Sul;Colisão Transversal;1;;;;1;;;;;;1;1;;;
23/08/2016;12:54:00;18;com vítima;79,8;BR-116/RJ;Sul;Engavetamento;3;;;;;;;;;;2;2;;;
05/02/2016;10:31:00;31;com vítima;79,3;BR-116/RJ;Sul;Colisão Transversal;2;;;;;;;;;;1;2;;;
04/06/2016;00:39:00;1;com vítima;79,3;BR-116/RJ;Norte;Colisão Transversal;2;;;;;;;;;;0;2;;;
29/02/2016;10:53:00;22;sem vítima;79,4;BR-116/RJ;Norte;Colisão Traseira;2;;;;;;;;;;2;;;;
10/06/2016;17:46:00;49;com vítima;79,45;BR-116/RJ;Sul;Colisão Transversal;1;;;1;;;;;;;1;1;1;;
25/02/2016;17:45:00;25;com vítima;79,9;BR-116/RJ;Norte;Colisão Transversal;1;;;1;;;;;;;1;;1;;
08/08/2016;18:31:00;40;com vítima;80,15;BR-116/RJ;Norte;Colisão Transversal;2;;;;;;;;;;0;;2;;
27/07/2016;00:16:00;1;sem vítima;80,2;BR-116/RJ;Sul;Choque - Defensa, barreira ou "submarino";1;;;;;;;;;;1;;;;
19/04/2016;17:31:00;34;sem vítima;80,3;BR-116/RJ;Norte;Colisão Transversal;2;;;;;;;;;;2;;;;
11/05/2016;15:54:00;37;com vítima;80,3;BR-116/RJ;Sul;Colisão Transversal;2;;;;;;;;;;1;;2;;
23/07/2016;13:23:00;24;com vítima;80,3;BR-116/RJ;Sul;Colisão Transversal;1;1;;;;;;;;;1;;1;;
10/07/2016;04:02:00;12;com vítima;80,6;BR-116/RJ;Norte;Saida de Pista;1;;;;;;;;;;0;1;;;
11/02/2016;14:55:00;27;sem vítima;80;BR-116/RJ;Sul;Saida de Pista;1;;;;;;;;;;1;;;;
21/06/2016;12:55:00;13;com vítima;80,05;BR-116/RJ;Sul;Colisão Transversal;;;2;;;;;;;;1;;3;;
28/03/2016;17:52:00;33;com vítima;80,3;BR-116/RJ;Norte;Colisão Transversal;;;;2;;;;;;;1;;2;;
02/06/2016;20:04:00;51;com vítima;80,3;BR-116/RJ;Sul;Colisão Transversal;2;;;;;;;;;;1;;1;;
18/02/2016;18:16:00;48;com vítima;80,5;BR-116/RJ;Sul;Colisão Frontal;1;;1;;;;;;;;2;;;2;
09/06/2016;08:53:00;11;com vítima;80,5;BR-116/RJ;Sul;Tombamento;;;1;;;;;;;;0;;1;;
04/02/2016;18:40:00;48;com vítima;80,7;BR-116/RJ;Norte;Choque - Defensa, barreira ou "submarino";1;;;;;;;;;;0;2;;;
02/01/2016;17:13:00;37;com vítima;81;BR-116/RJ;Sul;Saida de Pista;1;;;;;;;;;;0;1;;;
08/05/2016;16:59:00;25;com vítima;81;BR-116/RJ;Norte;Choque - Defensa, barreira ou "submarino";1;;;;;;;;;;0;3;;;
01/08/2016;09:13:00;16;com vítima;81;BR-116/RJ;Norte;Choque - Defensa, barreira ou "submarino";1;;;;;;;;;;0;1;;;
03/08/2016;01:43:00;3;com vítima;81;BR-116/RJ;Sul;Capotamento;1;;;;;;;;;;0;1;;;
28/04/2016;06:34:00;6;sem vítima;81,8;BR-116/RJ;Norte;Saida de Pista;1;;;;;;;;;;1;;;;
13/05/2016;15:28:00;31;sem vítima;81,8;BR-116/RJ;Norte;Capotamento;1;;;;;;;;;;1;;;;
22/05/2016;04:53:00;6;com vítima;81,8;BR-116/RJ;Norte;Capotamento;1;;;;;;;;;;0;2;;;
12/06/2016;17:46:00;41;com vítima;81,1;BR-116/RJ;Norte;Queda de Moto;;;;1;;;;;;;0;;1;1;
04/03/2016;17:09:00;41;sem vítima;81,5;BR-116/RJ;Norte;Engavetamento;2;;1;;;;;;;;3;;;;
03/01/2016;13:48:00;23;sem vítima;82;BR-116/RJ;Norte;Colisão Lateral;2;;;;;;;;;;2;;;;
19/04/2016;10:57:00;14;com vítima;82,8;BR-116/RJ;Norte;Choque - Veiculo parado no acostamento;2;;;;;;;;;;2;2;;;
06/06/2016;17:50:00;40;com vítima;82,1;BR-116/RJ;Norte;Queda de vegetação c/ veículo;1;;;;;;;;;;1;1;;;
16/02/2016;12:26:00;18;com vítima;82,4;BR-116/RJ;Sul;Colisão Lateral;2;;;;;;;;;;0;2;1;;
09/04/2016;13:55:00;35;com vítima;83,5;BR-116/RJ;Sul;Capotamento;1;;;;;;;;;;0;1;;;
18/04/2016;20:39:00;60;com vítima;83,5;BR-116/RJ;Norte;Atropelamento - Pessoa;;;;1;;;;;;;1;;1;;
28/04/2016;16:50:00;24;sem vítima;83,5;BR-116/RJ;Norte;Colisão Transversal;2;;;;;;;;;;2;;;;
09/07/2016;00:10:00;1;com vítima;83,9;BR-116/RJ;Norte;Colisão Traseira;2;;;;;;;;;;1;1;;;
23/08/2016;06:55:00;5;sem vítima;83,95;BR-116/RJ;Norte;Choque - Veiculo parado no acostamento;2;;;;;;;;;;2;;;;
25/06/2016;20:09:00;33;com vítima;83;BR-116/RJ;Sul;Atropelamento - Pessoa;1;;;;;;;;;;1;;1;;
13/02/2016;06:04:00;5;sem vítima;83,3;BR-116/RJ;Sul;Choque - Defensa, barreira ou "submarino";1;;;;;;;;;;1;;;;
17/02/2016;23:59:00;55;sem vítima;83,7;BR-116/RJ;Sul;Colisão Lateral;2;;;;;;;;;;4;;;;
08/07/2016;20:37:00;55;com vítima;84;BR-116/RJ;Norte;Colisão Frontal;2;;;;;;;;;;1;1;;;
23/04/2016;10:40:00;12;com vítima;84,2;BR-116/RJ;Norte;Colisão Lateral;1;;;1;;;;;;;0;1;1;;
13/05/2016;08:50:00;16;sem vítima;84,2;BR-116/RJ;Norte;Colisão Traseira;2;;;;;;;;;;2;;;;
12/07/2016;17:53:00;35;sem vítima;84,2;BR-116/RJ;Norte;Colisão Traseira;2;;;;;;;;;;2;;;;
14/07/2016;17:34:00;40;com vítima;84,2;BR-116/RJ;Sul;Colisão Lateral;1;;;1;;;;;;;1;;1;;
21/07/2016;13:21:00;16;com vítima;84,2;BR-116/RJ;Norte;Colisão Traseira;;;2;;;;;;;;1;1;;;
09/08/2016;18:26:00;36;sem vítima;84,2;BR-116/RJ;Norte;Colisão Traseira;2;;;;;;;;;;2;;;;
17/08/2016;12:03:00;21;com vítima;84,8;BR-116/RJ;Norte;Queda de Moto;;;;1;;;;;;;0;;1;;
11/02/2016;13:47:00;24;com vítima;84;BR-116/RJ;Sul;Queda de Moto;;;;1;;;;;;;0;1;;;
05/06/2016;07:50:00;18;sem vítima;84,2;BR-116/RJ;Norte;Colisão Traseira;1;;;;;1;;;;;2;;;;
03/02/2016;14:46:00;19;com vítima;84,4;BR-116/RJ;Norte;Choque - Outros;;;;1;;;;;;;0;;;1;
23/01/2016;02:56:00;7;sem vítima;85;BR-116/RJ;Sul;Saida de Pista;1;;;;;;;;;;1;;;;
16/08/2016;18:02:00;37;com vítima;85,4;BR-116/RJ;Norte;Choque - Defensa, barreira ou "submarino";;;1;;;;;;;;0;2;;;
17/07/2016;10:53:00;14;com vítima;85,5;BR-116/RJ;Norte;Saida de Pista;1;;;;;;;;;;1;1;;;
01/01/2016;01:34:00;3;com vítima;85,6;BR-116/RJ;Sul;Capotamento;1;;;;;;;;;;0;1;;;
12/01/2016;23:04:00;43;com vítima;85,6;BR-116/RJ;Norte;Colisão Frontal;1;;1;;;;;;;;2;1;1;;
28/08/2016;19:52:00;47;com vítima;85,6;BR-116/RJ;Sul;Tombamento;;;1;;;;;;;;0;;1;;
13/05/2016;05:14:00;5;com vítima;85,8;BR-116/RJ;Norte;Saida de Pista;1;;;;;;;;;;0;1;;;
15/02/2016;16:51:00;47;sem vítima;85,6;BR-116/RJ;Sul;Saida de Pista;1;;;;;;;;;;1;;;;
11/03/2016;13:54:00;23;com vítima;85,6;BR-116/RJ;Norte;Colisão Frontal;2;;;;;;;;;;1;;1;;
12/01/2016;13:34:00;16;sem vítima;86;BR-116/RJ;Norte;Colisão Lateral;1;;1;;;;;;;;2;;;;
02/01/2016;16:54:00;35;sem vítima;86,1;BR-116/RJ;Sul;Saida de Pista;1;;;;;;;;;;1;;;;
14/04/2016;06:40:00;7;sem vítima;86,6;BR-116/RJ;Norte;Tombamento;;;1;;;;;;;;1;;;;
30/04/2016;05:52:00;6;com vítima;86,6;BR-116/RJ;Sul;Choque - Defensa, barreira ou "submarino";;;1;;;;;;;;0;1;;;
31/01/2016;21:15:00;51;com vítima;86,7;BR-116/RJ;Norte;Queda de Moto;;;;1;;;;;;;0;;2;;
14/04/2016;14:30:00;28;com vítima;86,7;BR-116/RJ;Norte;Tombamento;;;1;;;;;;;;0;;1;;
21/08/2016;07:22:00;6;sem vítima;86,95;BR-116/RJ;Norte;Saida de Pista;1;;;;;;;;;;1;;;;
28/03/2016;19:53:00;43;sem vítima;86;BR-116/RJ;Norte;Colisão Traseira;1;;1;;;;;;;;2;;;;
12/02/2016;07:35:00;8;com vítima;86,3;BR-116/RJ;Sul;Choque - Defensa, barreira ou "submarino";1;;;;;;;;;;0;1;;;
29/07/2016;20:46:00;61;sem vítima;87;BR-116/RJ;Norte;Colisão Lateral;1;;;;;1;;;;;2;;;;
16/04/2016;01:39:00;7;com vítima;87,4;BR-116/RJ;Sul;Saida de Pista;1;;;;;;;;;;0;1;;;
01/04/2016;17:31:00;50;sem vítima;87,7;BR-116/RJ;Sul;Saida de Pista;1;;;;;;;;;;1;;;;
03/03/2016;22:50:00;36;com vítima;87,2;BR-116/RJ;Sul;Colisão Traseira;2;;;;;;;;;;1;1;;;
21/06/2016;13:15:00;14;com vítima;87,4;BR-116/RJ;Norte;Saida de Pista;1;;;;;;;;;;0;1;;;
12/03/2016;08:20:00;9;sem vítima;87,95;BR-116/RJ;Sul;Choque - Defensa, barreira ou "submarino";1;;;;;;;;;;2;;;;
14/01/2016;22:36:00;41;sem vítima;88,05;BR-116/RJ;Sul;Colisão Traseira;1;;1;;;;;;;;2;;;;
03/01/2016;17:20:00;34;sem vítima;88,15;BR-116/RJ;Sul;Colisão Frontal;2;;;;;;;;;;2;;;;
19/08/2016;14:37:00;37;com vítima;88,3;BR-116/RJ;Norte;Choque - Defensa, barreira ou "submarino";;;1;;;;;;;;0;;;;1
21/08/2016;18:20:00;37;com vítima;88,9;BR-116/RJ;Norte;Choque - Elemento de Drenagem;1;;;;;;;;;;0;;1;;
07/01/2016;11:58:00;19;sem vítima;89;BR-116/RJ;Sul;Colisão Lateral;1;;1;;;;;;;;2;;;;
05/07/2016;00:42:00;1;sem vítima;89;BR-116/RJ;Norte;Saida de Pista;1;;;;;;;;;;2;;;;
24/07/2016;00:19:00;1;com vítima;89;BR-116/RJ;Sul;Colisão Frontal;;;;2;;;;;;;0;;2;;
24/05/2016;11:44:00;21;sem vítima;89,007;BR-116/RJ;Sul;Colisão Traseira;;;2;;;;;;;;2;;;;
19/05/2016;15:33:00;38;sem vítima;89,1;BR-116/RJ;Norte;Colisão Frontal;1;;1;;;;;;;;2;;;;
08/02/2016;01:51:00;4;com vítima;89,4;BR-116/RJ;Sul;Saida de Pista;1;;;;;;;;;;1;;1;;
04/07/2016;09:53:00;23;sem vítima;90;BR-116/RJ;Sul;Colisão Lateral;1;;;;;;;;;;1;;;;
09/07/2016;11:30:00;26;com vítima;90;BR-116/RJ;Sul;Colisão Traseira;2;;;;;;;;;;2;1;;;
07/05/2016;18:41:00;43;com vítima;90,1;BR-116/RJ;Norte;Colisão Lateral;3;;;;;;;;;;0;6;;;
21/08/2016;07:10:00;7;sem vítima;90,3;BR-116/RJ;Sul;Choque - Defensa, barreira ou "submarino";1;;;;;;;;;;1;;;;
07/08/2016;12:28:00;19;com vítima;90,4;BR-116/RJ;Norte;Engavetamento;4;;;;;;;;;;4;2;;;
15/08/2016;14:20:00;31;sem vítima;90,4;BR-116/RJ;Norte;Colisão Traseira;2;;;;;;;;;;2;;;;
08/06/2016;07:30:00;10;sem vítima;90;BR-116/RJ;Sul;Colisão Traseira;1;;1;;;;;;;;2;;;;
11/06/2016;10:55:00;15;sem vítima;90,3;BR-116/RJ;Norte;Engavetamento;3;;;;;;;;;;3;;;;
06/06/2016;08:59:00;13;com vítima;90,4;BR-116/RJ;Sul;Choque - Defensa, barreira ou "submarino";1;;;;;;;;;;0;1;;;
28/06/2016;17:15:00;40;com vítima;90,4;BR-116/RJ;Norte;Engavetamento;3;;;;;;;;;;2;1;;;
04/01/2016;21:31:00;62;com vítima;91,1;BR-116/RJ;Sul;Choque - Defensa, barreira ou "submarino";1;;;;;;;;;;2;2;;;