data;horario;n_da_ocorrencia;tipo_de_ocorrencia;km;trecho;sentido;tipo_de_acidente;automovel;bicicleta;caminhao;moto;onibus;outros;tracao_animal;transporte_de_cargas_especiais;trator_maquinas;utilitarios;ilesos;levemente_feridos;moderadamente_feridos;gravemente_feridos;mortos
01/07/2016;17:31:00;29;sem vítima;91,2;BR-116/RJ;Norte;Engavetamento;2;;1;;;;;;;;6;;;;
21/08/2016;23:55:00;48;sem vítima;91,2;BR-116/RJ;Sul;Choque - Defensa, barreira ou "submarino";1;;;;;;;;;;1;;;;
27/05/2016;17:17:00;40;sem vítima;91,4;BR-116/RJ;Norte;Colisão Traseira;2;;;;;;;;;;3;;;;
12/02/2016;05:03:00;4;com vítima;91,2;BR-116/RJ;Sul;Tombamento;1;;;;;;;;;;0;1;;;
16/03/2016;16:25:00;37;sem vítima;91,4;BR-116/RJ;Norte;Choque - Defensa, barreira ou "submarino";1;;;;;;;;;;2;;;;
20/06/2016;11:44:00;26;com vítima;91,7;BR-116/RJ;Norte;Colisão Lateral;3;;;;;;;;;;0;4;;;
15/02/2016;18:05:00;51;sem vítima;92;BR-116/RJ;Sul;Choque - Defensa, barreira ou "submarino";1;;;;;;;;;;1;;;;
15/03/2016;20:24:00;42;com vítima;92,3;BR-116/RJ;Norte;Colisão Lateral;1;;1;;;;;;;;1;1;;;
22/03/2016;11:11:00;8;sem vítima;92,5;BR-116/RJ;Norte;Colisão Traseira;;;1;;1;;;;;;2;;;;
26/02/2016;20:08:00;60;com vítima;92,8;BR-116/RJ;Sul;Choque - Defensa, barreira ou "submarino";;;2;;;;;;;;0;;;2;
20/07/2016;19:55:00;50;sem vítima;93;BR-116/RJ;Sul;Colisão Traseira;2;;;;;;;;;;2;;;;
31/08/2016;16:57:00;34;sem vítima;93,3;BR-116/RJ;Sul;Engavetamento;3;;;;;1;;;;;4;;;;
09/05/2016;06:48:00;8;com vítima;93,7;BR-116/RJ;Sul;Colisão Lateral;;;1;1;;;;;;;1;;1;;
16/02/2016;21:39:00;50;com vítima;93,6;BR-116/RJ;Norte;Choque - Defensa, barreira ou "submarino";1;;;;;;;;;;0;2;;;
28/02/2016;07:40:00;9;sem vítima;93,7;BR-116/RJ;Sul;Choque - Defensa, barreira ou "submarino";;;1;;;;;;;;1;;;;
13/05/2016;19:49:00;50;sem vítima;94,2;BR-116/RJ;Sul;Saida de Pista;1;;;;;;;;;;1;;;;
12/01/2016;14:07:00;17;sem vítima;94,6;BR-116/RJ;Sul;Saida de Pista;1;;;;;;;;;;1;;;;
15/07/2016;00:16:00;2;sem vítima;94,7;BR-116/RJ;Norte;Saida de Pista;1;;;;;;;;;;1;;;;
17/03/2016;16:56:00;23;sem vítima;94;BR-116/RJ;Sul;Choque - Suporte de Sinalização;1;;;;;;;;;;1;;;;
06/02/2016;03:40:00;23;com vítima;94,3;BR-116/RJ;Sul;Queda de Moto;;;;1;;;;;;;0;1;;;
21/02/2016;17:33:00;35;sem vítima;94,8;BR-116/RJ;Norte;Saida de Pista;1;;;;;;;;;;1;;;;
13/01/2016;18:26:00;33;sem vítima;95,01;BR-116/RJ;Sul;Choque - Talude;1;;;;;;;;;;2;;;;
03/01/2016;20:57:00;51;sem vítima;95,05;BR-116/RJ;Norte;Choque - Defensa, barreira ou "submarino";1;;;;;;;;;;1;;;;
23/04/2016;15:20:00;21;com vítima;95,05;BR-116/RJ;Norte;Colisão Frontal;1;;;1;;;;;;;1;;1;;
21/01/2016;00:11:00;1;sem vítima;95,1;BR-116/RJ;Norte;Tombamento;;;1;;;;;;;;1;;;;
31/05/2016;08:15:00;16;sem vítima;95,1;BR-116/RJ;Sul;Saida de Pista;1;;;;;;;;;;1;;;;
02/01/2016;17:20:00;38;sem vítima;95,3;BR-116/RJ;Norte;Colisão Lateral;2;;;;;;;;;;2;;;;
01/05/2016;14:52:00;21;com vítima;95,92;BR-116/RJ;Sul;Saida de Pista;;;1;;;;;;;;0;;1;;
20/02/2016;19:22:00;43;sem vítima;95,05;BR-116/RJ;Norte;Saida de Pista;1;;;;;;;;;;1;;;;
01/03/2016;16:56:00;28;sem vítima;95,05;BR-116/RJ;Norte;Colisão Lateral;1;;;;;;;;;;1;;;;
15/02/2016;17:45:00;49;com vítima;95,5;BR-116/RJ;Norte;Colisão Lateral;1;;1;;;;;;;;1;;4;;
15/02/2016;09:20:00;12;sem vítima;95,6;BR-116/RJ;Norte;Choque - Defensa, barreira ou "submarino";1;;;;;;;;;;1;;;;
16/06/2016;10:20:00;18;sem vítima;95,7;BR-116/RJ;Norte;Saida de Pista;;;;;;;;;;1;1;;;;
18/01/2016;22:36:00;47;sem vítima;96,1;BR-116/RJ;Norte;Saida de Pista;1;;;;;;;;;;1;;;;
17/06/2016;08:52:00;13;com vítima;96,4;BR-116/RJ;Norte;Colisão Lateral;1;;;1;;;;;;;2;;1;;
12/08/2016;11:45:00;23;sem vítima;97,4;BR-116/RJ;Norte;Colisão Traseira;2;;;;;;;;;;2;;;;
28/08/2016;11:47:00;23;sem vítima;97,8;BR-116/RJ;Sul;Colisão Traseira;2;;;;;;;;;;2;;;;
29/07/2016;08:00:00;14;com vítima;98,3;BR-116/RJ;Sul;Tombamento;;;1;;;;;;;;0;;1;;
27/01/2016;13:56:00;31;sem vítima;98,7;BR-116/RJ;Sul;Colisão Traseira;1;;;;;1;;;;;2;;;;
19/08/2016;08:09:00;12;sem vítima;98,7;BR-116/RJ;Sul;Colisão Traseira;2;;;;;;;;;;2;;;;
13/03/2016;05:23:00;10;com vítima;98,9;BR-116/RJ;Sul;Choque - Defensa, barreira ou "submarino";1;;;;;;;;;;1;;1;;
20/04/2016;14:48:00;25;com vítima;99,3;BR-116/RJ;Norte;Colisão Lateral;3;;;;;;;;;;0;;5;;
29/04/2016;20:16:00;47;sem vítima;99,3;BR-116/RJ;Sul;Choque - Defensa, barreira ou "submarino";1;;;;;;;;;;1;;;;
10/08/2016;08:15:00;11;com vítima;99,3;BR-116/RJ;Norte;Queda de Moto;;;;1;;;;;;;0;;1;;
10/07/2016;12:26:00;34;com vítima;99,4;BR-116/RJ;Sul;Tombamento;;;1;;;;;;;;0;;1;;
08/02/2016;08:13:00;13;com vítima;99;BR-116/RJ;Norte;Queda de Moto;;;;1;;;;;;;0;1;1;;
14/02/2016;05:33:00;6;com vítima;99,1;BR-116/RJ;Norte;Choque - Defensa, barreira ou "submarino";1;;;;;;;;;;0;;1;;
30/06/2016;04:52:00;5;sem vítima;99,15;BR-116/RJ;Sul;Colisão Traseira;;;2;;;;;;;;2;;;;
29/02/2016;03:58:00;4;com vítima;99,5;BR-116/RJ;Sul;Colisão Traseira;2;;;;;;;;;;7;1;;;
07/06/2016;17:12:00;21;com vítima;99,9;BR-116/RJ;Norte;Saida de Pista;;;1;;;;;;;;2;1;;;
07/05/2016;17:50:00;38;com vítima;100,5;BR-116/RJ;Sul;Colisão Lateral;2;;;;;;;;;;1;1;;;
06/08/2016;09:23:00;10;sem vítima;100,5;BR-116/RJ;Norte;Choque - Defensa, barreira ou "submarino";1;;;;;;;;;;1;;;;
02/04/2016;17:37:00;42;sem vítima;100,8;BR-116/RJ;Norte;Colisão Lateral;2;;;;;;;;;;2;;;;
21/03/2016;23:10:00;49;com vítima;100,2;BR-116/RJ;Norte;Choque - Defensa, barreira ou "submarino";1;;;;;;;;;;0;;1;1;
29/02/2016;15:54:00;35;sem vítima;100,5;BR-116/RJ;Norte;Colisão Lateral;2;;1;;;;;;;;3;;;;
22/02/2016;18:44:00;41;sem vítima;100,8;BR-116/RJ;Norte;Saida de Pista;1;;;;;;;;;;3;;;;
17/05/2016;17:19:00;35;com vítima;101,7;BR-116/RJ;Norte;Colisão Lateral;2;;;;;;;;;;0;5;;;
10/02/2016;00:02:00;1;sem vítima;101,4;BR-116/RJ;Sul;Capotamento;1;;;;;;;;;;1;;;;
16/02/2016;10:23:00;11;sem vítima;101,8;BR-116/RJ;Norte;Tombamento;;;1;;;;;;;;1;;;;
29/07/2016;11:55:00;22;sem vítima;102;BR-116/RJ;Sul;Colisão Traseira;2;;;;;;;;;;2;;;;
09/04/2016;18:16:00;46;sem vítima;102,3;BR-116/RJ;Sul;Colisão Transversal;2;;;;;;;;;;3;;;;
20/01/2016;17:22:00;37;sem vítima;102,4;BR-116/RJ;Sul;Colisão Lateral;2;;;;;;;;;;2;;;;
21/05/2016;10:26:00;25;com vítima;102,4;BR-116/RJ;Norte;Colisão Transversal;2;;;;;;;;;;1;1;;;
17/08/2016;12:14:00;22;com vítima;102,45;BR-116/RJ;Sul;Queda de Moto;;;;1;;;;;;;0;;2;;
01/04/2016;22:12:00;71;sem vítima;102,5;BR-116/RJ;Norte;Colisão Lateral;1;;;;1;;;;;;3;;;;
07/06/2016;21:40:00;41;com vítima;102,01;BR-116/RJ;Norte;Queda de Moto;;;;1;;;;;;;0;1;;;
08/03/2016;20:25:00;37;com vítima;102,15;BR-116/RJ;Norte;Atropelamento - Pessoa;;;;;1;;;;;;1;;;1;
06/02/2016;03:24:00;20;com vítima;102,2;BR-116/RJ;Norte;Queda de Moto;;;;1;;;;;;;0;;2;;
07/02/2016;18:09:00;49;sem vítima;102,8;BR-116/RJ;Norte;Saida de Pista;1;;;;;;;;;;1;;;;
26/04/2016;13:05:00;22;com vítima;103,7;BR-116/RJ;Sul;Colisão Transversal;1;;;1;;;;;;;1;;1;;
16/07/2016;18:28:00;57;com vítima;103,7;BR-116/RJ;Norte;Colisão Transversal;2;;;;;;;;;;0;1;4;;
22/06/2016;10:28:00;12;com vítima;103,1;BR-116/RJ;Sul;Saida de Pista;1;;;;;;;;;;0;;1;;
10/06/2016;17:19:00;48;sem vítima;103,9;BR-116/RJ;Sul;Engavetamento;3;;;;;;;;;;3;;;;
31/01/2016;15:57:00;30;com vítima;104,2;BR-116/RJ;Norte;Colisão Transversal;1;;;1;;;;;;;1;1;;;
25/05/2016;13:10:00;25;sem vítima;104,2;BR-116/RJ;Norte;Colisão Transversal;2;;;;;;;;;;2;;;;
15/04/2016;20:42:00;55;sem vítima;104,3;BR-116/RJ;Norte;Colisão Transversal;2;;;;;;;;;;2;;;;
20/08/2016;03:55:00;6;sem vítima;104,3;BR-116/RJ;Norte;Saida de Pista;1;;;;;;;;;;1;;;;
02/07/2016;18:29:00;56;com vítima;104,4;BR-116/RJ;Sul;Atropelamento - Pessoa;1;;;;;;;;;;1;;;1;
15/01/2016;09:49:00;7;com vítima;104,5;BR-116/RJ;Norte;Choque - Defensa, barreira ou "submarino";1;;;;;;;;;;1;1;;;
13/04/2016;03:12:00;5;sem vítima;104,6;BR-116/RJ;Norte;Choque - Defensa, barreira ou "submarino";1;;;;;;;;;;1;;;;
23/05/2016;07:03:00;9;sem vítima;104,8;BR-116/RJ;Norte;Colisão Lateral;2;;;;;;;;;;2;;;;
17/07/2016;23:05:00;47;sem vítima;104,8;BR-116/RJ;Norte;Saida de Pista;1;;;;;;;;;;1;;;;
23/01/2016;07:20:00;12;com vítima;104,9;BR-116/RJ;Norte;Colisão Transversal;2;;;;;;;;;;0;;2;;
26/02/2016;12:47:00;26;com vítima;104,2;BR-116/RJ;Norte;Colisão Transversal;3;;;;;;;;;;0;3;;;
13/03/2016;16:10:00;25;sem vítima;104,2;BR-116/RJ;Norte;Colisão Transversal;1;;1;;;;;;;;2;;;;
21/02/2016;17:56:00;38;com vítima;104,3;BR-116/RJ;Norte;Colisão Transversal;2;;;;;;;;;;1;2;;;
31/03/2016;09:04:00;11;sem vítima;104,3;BR-116/RJ;Norte;Colisão Transversal;1;;1;;;;;;;;2;;;;
07/02/2016;18:22:00;52;sem vítima;104,35;BR-116/RJ;Norte;Saida de Pista;1;;;;;;;;;;1;;;;
26/03/2016;18:11:00;47;sem vítima;104,7;BR-116/RJ;Norte;Colisão Lateral;2;;;;;;;;;;2;;;;
07/02/2016;19:38:00;58;sem vítima;104,8;BR-116/RJ;Norte;Choque - Defensa, barreira ou "submarino";1;;;;;;;;;;1;;;;
15/03/2016;16:53:00;34;sem vítima;104,9;BR-116/RJ;Norte;Choque - Defensa, barreira ou "submarino";1;;;;;;;;;;1;;;;
12/03/2016;19:33:00;27;sem vítima;104,95;BR-116/RJ;Sul;Atropelamento - Cachorro;1;;;;;;;;;;1;;;;
15/04/2016;16:57:00;38;com vítima;105,02;BR-116/RJ;Norte;Saida de Pista;1;;;;;;;;;;0;2;1;1;
22/01/2016;22:27:00;53;com vítima;105,05;BR-116/RJ;Norte;Saida de Pista;1;;;;;;;;;;0;1;;;
20/07/2016;19:08:00;48;com vítima;105,3;BR-116/RJ;Norte;Engavetamento;1;;2;;;;;;;;3;1;;;
24/04/2016;03:06:00;8;com vítima;105,5;BR-116/RJ;Norte;Capotamento;1;;;;;;;;;;0;2;1;;
26/08/2016;03:17:00;6;sem vítima;105,6;BR-116/RJ;Norte;Colisão Lateral;2;;;;;1;;;;;3;;;;
24/04/2016;02:37:00;7;com vítima;105,7;BR-116/RJ;Norte;Queda de Moto;;;;1;;;;;;;0;;;1;
13/01/2016;16:59:00;28;com vítima;105,8;BR-116/RJ;Norte;Choque - Defensa, barreira ou "submarino";1;;;;;;;;;;0;1;;;
25/01/2016;18:26:00;42;com vítima;105,95;BR-116/RJ;Sul;Queda de Moto;;;;1;;;;;;;0;2;;;
09/02/2016;16:43:00;39;com vítima;105,4;BR-116/RJ;Norte;Colisão Traseira;2;;;;;;;;;;0;2;;;
12/03/2016;19:27:00;26;sem vítima;105,4;BR-116/RJ;Norte;Colisão Lateral;1;;1;;;;;;;;2;;;;
04/01/2016;19:34:00;56;sem vítima;106;BR-116/RJ;Sul;Choque - Defensa, barreira ou "submarino";1;;;;;;;;;;1;;;;
17/01/2016;14:40:00;21;com vítima;106;BR-116/RJ;Sul;Colisão Lateral;;;;1;;1;;;;;1;2;;;
16/04/2016;22:06:00;53;sem vítima;106;BR-116/RJ;Norte;Saida de Pista;1;;;;;;;;;;1;;;;
15/05/2016;11:47:00;26;com vítima;106;BR-116/RJ;Norte;Queda de Moto;;;;1;;;;;;;0;;2;;
18/01/2016;16:49:00;36;sem vítima;106,2;BR-116/RJ;Sul;Choque - Defensa, barreira ou "submarino";1;;;;;;;;;;1;;;;
15/05/2016;03:03:00;7;com vítima;106,35;BR-116/RJ;Norte;Queda de Moto;;;;1;;;;;;;0;;1;;
22/05/2016;08:57:00;14;sem vítima;106,4;BR-116/RJ;Norte;Colisão Lateral;2;;;;;;;;;;2;;;;
09/04/2016;23:19:00;55;sem vítima;106,7;BR-116/RJ;Sul;Colisão Frontal;1;;;;1;;;;;;2;;;;
16/07/2016;07:27:00;14;com vítima;106,95;BR-116/RJ;Norte;Colisão Lateral;;;1;1;;;;;;;1;1;;1;
10/03/2016;07:05:00;4;com vítima;106,3;BR-116/RJ;Norte;Colisão Frontal;1;;;1;;;;;;;1;;2;;
08/02/2016;20:26:00;57;sem vítima;106,4;BR-116/RJ;Norte;Atropelamento - Cachorro;1;;;;;;;;;;1;;;;
07/06/2016;07:18:00;4;com vítima;106,4;BR-116/RJ;Norte;Atropelamento - Pessoa;1;;;;;;;;;;1;;1;;
07/02/2016;05:17:00;11;com vítima;106,7;BR-116/RJ;Norte;Saida de Pista;1;;;;;;;;;;0;1;;;
11/03/2016;15:05:00;28;com vítima;106,85;BR-116/RJ;Norte;Choque - Veiculo parado no acostamento;1;;1;;;;;;;;1;2;;;
05/06/2016;15:28:00;35;com vítima;106,85;BR-116/RJ;Sul;Colisão Frontal;1;;;1;;;;;;;1;;;;1
16/08/2016;08:20:00;7;sem vítima;107;BR-116/RJ;Sul;Colisão Traseira;2;;;;;;;;;;2;;;;
03/01/2016;13:00:00;20;sem vítima;107,1;BR-116/RJ;Norte;Saida de Pista;1;;;;;;;;;;1;;;;
13/05/2016;18:10:00;45;com vítima;107,1;BR-116/RJ;Norte;Atropelamento - Animal;1;;;;;;;;;;0;1;;;
08/01/2016;06:57:00;8;sem vítima;107,3;BR-116/RJ;Norte;Colisão Traseira;1;;;1;;;;;;;2;;;;
01/04/2016;13:26:00;32;sem vítima;107,5;BR-116/RJ;Sul;Colisão Lateral;2;;;;;;;;;;2;;;;
20/01/2016;15:21:00;35;sem vítima;107,7;BR-116/RJ;Norte;Colisão Traseira;2;;;;;;;;;;2;;;;
14/01/2016;21:37:00;36;com vítima;107,8;BR-116/RJ;Norte;Colisão Frontal;1;;;1;;;;;;;1;1;;;
30/01/2016;19:18:00;50;com vítima;107,9;BR-116/RJ;Norte;Atropelamento - Ciclista;1;1;;;;;;;;;2;;;;1
21/01/2016;10:52:00;17;com vítima;108;BR-116/RJ;Norte;Colisão Lateral;1;1;;;;;;;;;1;;1;;
21/08/2016;05:42:00;4;sem vítima;108;BR-116/RJ;Sul;Atropelamento de Cachorro;1;;;;;;;;;;1;;;;
17/01/2016;21:13:00;39;sem vítima;108,1;BR-116/RJ;Sul;Atropelamento - Animal;1;;;;;;;;;;2;;;;
15/03/2016;19:14:00;38;sem vítima;108,1;BR-116/RJ;Norte;Colisão Traseira;2;;;;;;;;;;2;;;;
19/03/2016;16:02:00;32;com vítima;108,25;BR-116/RJ;Sul;Atropelamento - Pessoa;1;;;;;;;;;;1;;1;;
08/06/2016;21:17:00;41;sem vítima;108,3;BR-116/RJ;Norte;Atropelamento - Cachorro;1;;;;;;;;;;1;;;;
06/03/2016;20:31:00;59;sem vítima;108,4;BR-116/RJ;Sul;Atropelamento - Cachorro;1;;;;;;;;;;1;;;;
25/02/2016;17:56:00;26;com vítima;109,9;BR-116/RJ;Norte;Colisão Lateral;;;1;;1;;;;;;1;2;;;
03/07/2016;09:10:00;12;com vítima;110,2;BR-116/RJ;Norte;Saida de Pista;1;;;;;;;;;;0;1;;;
14/03/2016;12:54:00;17;com vítima;110,5;BR-116/RJ;Sul;Choque - Defensa, barreira ou "submarino";1;;;;;;;;;;0;5;;;
21/04/2016;03:10:00;3;com vítima;111,2;BR-116/RJ;Sul;Colisão Lateral;1;;;1;;;;;;;2;1;;;
14/01/2016;17:47:00;32;com vítima;111,98;BR-116/RJ;Sul;Choque - Defensa, barreira ou "submarino";1;;;;;;;;;;0;4;;;
27/02/2016;09:29:00;13;com vítima;111,5;BR-116/RJ;Norte;Colisão Transversal;1;;;1;;;;;;;1;2;;;
12/03/2016;16:32:00;19;sem vítima;112,085;BR-116/RJ;Sul;Colisão Traseira;2;;;;;;;;;;2;;;;
28/03/2016;09:37:00;15;com vítima;112,99;BR-116/RJ;Norte;Choque - Veiculo parado no acostamento;;;1;;1;;;;;;0;;1;1;
20/07/2016;22:47:00;56;sem vítima;113,5;BR-116/RJ;Norte;Saida de Pista;1;;;;;;;;;;1;;;;
22/07/2016;12:23:00;30;sem vítima;113,8;BR-116/RJ;Sul;Saida de Pista;1;;;;;;;;;;1;;;;
23/08/2016;10:19:00;8;com vítima;113,8;BR-116/RJ;Sul;Colisão Traseira;1;;;;1;;;;;;0;3;1;;
08/01/2016;19:36:00;41;com vítima;113,95;BR-116/RJ;Norte;Queda de Moto;;;;1;;;;;;;0;;1;;
27/02/2016;17:11:00;41;sem vítima;113;BR-116/RJ;Norte;Colisão Traseira;1;;;;;1;;;;;2;;;;
23/01/2016;23:20:00;59;sem vítima;114;BR-116/RJ;Sul;Colisão Lateral;2;;;;;;;;;;2;;;;
10/07/2016;14:20:00;39;com vítima;114,1;BR-116/RJ;Sul;Saida de Pista;1;;;;;;;;;;0;1;;;
27/08/2016;20:39:00;54;sem vítima;114,25;BR-116/RJ;Norte;Saida de Pista;1;;;;;;;;;;4;;;;
28/04/2016;13:30:00;17;sem vítima;114,5;BR-116/RJ;Sul;Colisão Traseira;1;;;;;1;;;;;2;;;;
29/05/2016;09:02:00;21;com vítima;114,7;BR-116/RJ;Norte;Colisão Transversal;1;;;1;;;;;;;1;;1;;
08/02/2016;19:43:00;55;com vítima;114,4;BR-116/RJ;Norte;Colisão Traseira;1;;;1;;;;;;;1;;1;;
13/05/2016;12:45:00;23;sem vítima;115,4;BR-116/RJ;Norte;Choque - Defensa, barreira ou "submarino";1;;;;;;;;;;1;;;;
15/05/2016;09:12:00;20;com vítima;115,5;BR-116/RJ;Norte;Colisão Lateral;1;;;1;;;;;;;1;;;1;
28/08/2016;23:17:00;52;com vítima;115,7;BR-116/RJ;Sul;Queda de Moto;;;;1;;;;;;;0;;1;;
05/08/2016;23:52:00;52;sem vítima;115,95;BR-116/RJ;Sul;Choque - Defensa, barreira ou "submarino";1;;;;;;;;;;1;;;;
02/06/2016;23:58:00;57;com vítima;115,8;BR-116/RJ;Norte;Choque - Defensa, barreira ou "submarino";1;;;;;;;;;;0;1;;;
22/05/2016;15:34:00;26;com vítima;116;BR-116/RJ;Sul;Colisão Lateral;;;;2;;;;;;;1;;1;;
17/01/2016;02:30:00;5;com vítima;116,1;BR-116/RJ;Norte;Queda de Moto;;;;1;;;;;;;0;1;;;
08/05/2016;02:51:00;5;com vítima;116,1;BR-116/RJ;Norte;Saida de Pista;1;;;;;;;;;;0;1;;;
08/05/2016;02:51:00;6;sem vítima;116,1;BR-116/RJ;Sul;Choque - Poste;1;;;;;;;;;;4;;;;
24/01/2016;13:22:00;25;com vítima;116,8;BR-116/RJ;Norte;Capotamento;1;;;;;;;;;;0;3;2;;
24/04/2016;01:55:00;5;com vítima;116,95;BR-116/RJ;Norte;Saida de Pista;1;;;;;;;;;;0;2;;;
19/06/2016;13:28:00;22;com vítima;116,4;BR-116/RJ;Norte;Atropelamento - Ciclista;1;1;;;;;;;;;1;;1;;
04/06/2016;01:58:00;2;sem vítima;116,7;BR-116/RJ;Norte;Saida de Pista;1;;;;;;;;;;1;;;;
17/06/2016;08:10:00;11;sem vítima;116,9;BR-116/RJ;Sul;Saida de Pista;1;;;;;;;;;;1;;;;
29/05/2016;03:31:00;8;sem vítima;117,5;BR-116/RJ;Norte;Choque - Defensa, barreira ou "submarino";1;;;;;;;;;;2;;;;
19/03/2016;09:48:00;10;com vítima;117,4;BR-116/RJ;Norte;Queda de Moto;;;;1;;;;;;;0;1;;;
11/02/2016;08:50:00;12;sem vítima;117,7;BR-116/RJ;Norte;Saida de Pista;1;;;;;;;;;;1;;;;
28/01/2016;13:58:00;19;com vítima;118,2;BR-116/RJ;Norte;Choque - Defensa, barreira ou "submarino";1;;;;;;;;;;0;1;;;
31/08/2016;08:15:00;10;sem vítima;118,3;BR-116/RJ;Sul;Colisão Traseira;2;;;;;;;;;;2;;;;
08/02/2016;19:46:00;56;com vítima;118,4;BR-116/RJ;Sul;Saida de Pista;1;;;;;;;;;;0;2;;;
10/02/2016;06:46:00;11;com vítima;118,8;BR-116/RJ;Sul;Saida de Pista;1;;;;;;;;;;0;1;;;
31/03/2016;10:10:00;15;com vítima;118,8;BR-116/RJ;Sul;Colisão Traseira;1;;;1;;;;;;;1;;1;;
13/05/2016;04:15:00;4;com vítima;119,9;BR-116/RJ;Norte;Colisão Traseira;1;;;;1;;;;;;1;1;;;
18/06/2016;05:33:00;4;sem vítima;119,3;BR-116/RJ;Norte;Choque - Defensa, barreira ou "submarino";1;;;;;;;;;;1;;;;
23/02/2016;03:36:00;2;sem vítima;119,9;BR-116/RJ;Norte;Colisão Lateral;1;;;;;1;;;;;2;;;;
20/08/2016;12:47:00;29;com vítima;120,9;BR-116/RJ;Sul;Saida de Pista;1;;;;;;;;;;0;1;;;
20/01/2016;11:30:00;22;sem vítima;121;BR-116/RJ;Norte;Atropelamento - Cachorro;1;;;;;;;;;;1;;;;
01/01/2016;18:37:00;29;com vítima;121,8;BR-116/RJ;Sul;Choque - Elemento de Drenagem;1;;;;;;;;;;0;4;;;
17/04/2016;17:33:00;41;com vítima;121,9;BR-116/RJ;Norte;Capotamento;1;;;;;;;;;;0;3;2;;
19/06/2016;05:33:00;8;com vítima;121,6;BR-116/RJ;Sul;Capotamento;1;;;;;;;;;;0;;;1;
16/03/2016;16:08:00;35;sem vítima;121,8;BR-116/RJ;Norte;Choque - Defensa, barreira ou "submarino";1;;;;;;;;;;1;;;;
15/02/2016;17:00:00;48;sem vítima;121,9;BR-116/RJ;Norte;Tombamento;;;;;;;;;;1;1;;;;
11/01/2016;06:55:00;11;com vítima;122;BR-116/RJ;Sul;Queda de Moto;;;;1;;;;;;;0;1;;;
29/04/2016;20:57:00;48;sem vítima;122;BR-116/RJ;Norte;Colisão Lateral;;;1;;1;;;;;;2;;;;
19/05/2016;09:35:00;19;sem vítima;122,4;BR-116/RJ;Norte;Choque - Defensa, barreira ou "submarino";1;;;;;;;;;;1;;;;
03/01/2016;19:07:00;41;sem vítima;122,5;BR-116/RJ;Norte;Colisão Transversal;1;;1;;;;;;;;4;;;;
17/01/2016;05:14:00;7;com vítima;122,5;BR-116/RJ;Sul;Choque - Defensa, barreira ou "submarino";1;;;;;;;;;;0;1;;;
29/01/2016;16:50:00;31;com vítima;122,5;BR-116/RJ;Norte;Colisão Traseira;1;;;;;;;;;1;2;2;;;
12/07/2016;08:48:00;13;com vítima;122,5;BR-116/RJ;Norte;Atropelamento - Pessoa;1;;;;;;;;;;1;;1;;
31/07/2016;18:10:00;37;sem vítima;122,5;BR-116/RJ;Sul;Engavetamento;2;;;1;;;;;;;3;;;;
28/01/2016;00:35:00;1;sem vítima;122,6;BR-116/RJ;Sul;Colisão Transversal;;;2;;;;;;;;2;;;;
09/04/2016;20:46:00;50;com vítima;122,7;BR-116/RJ;Norte;Colisão Traseira;1;;;1;;;;;;;1;1;;;
06/07/2016;09:44:00;7;sem vítima;122,7;BR-116/RJ;Norte;Colisão Lateral;1;;;;;;;;;;1;;;;
19/01/2016;16:50:00;24;sem vítima;122,9;BR-116/RJ;Norte;Colisão Lateral;1;;1;;;;;;;;2;;;;
10/08/2016;09:33:00;12;sem vítima;122,9;BR-116/RJ;Norte;Colisão Traseira;2;;;;;;;;;;2;;;;
25/03/2016;03:57:00;11;com vítima;122;BR-116/RJ;Norte;Colisão Lateral;2;;;;;;;;;;1;1;;;
25/06/2016;16:58:00;25;sem vítima;122;BR-116/RJ;Sul;Colisão Traseira;2;;;;;;;;;;2;;;;
10/06/2016;15:22:00;40;sem vítima;122,008;BR-116/RJ;Norte;Colisão Traseira;2;;;;;;;;;;2;;;;
24/06/2016;03:46:00;3;sem vítima;122,1;BR-116/RJ;Sul;Tombamento;;;1;;;;;;;;1;;;;
14/02/2016;18:24:00;37;com vítima;122,3;BR-116/RJ;Sul;Queda de Moto;;;;1;;;;;;;0;;;1;
13/03/2016;04:07:00;6;sem vítima;122,3;BR-116/RJ;Norte;Choque - Defensa, barreira ou "submarino";1;;;;;;;;;;1;;;;
10/06/2016;09:15:00;22;com vítima;122,4;BR-116/RJ;Sul;Engavetamento;3;;;;;;;;;;3;3;;;
20/06/2016;06:45:00;7;sem vítima;122,4;BR-116/RJ;Norte;Colisão Traseira;1;;;;;1;;;;;2;;;;
08/06/2016;00:40:00;1;com vítima;122,5;BR-116/RJ;Sul;Colisão Lateral;1;;1;;;;;;;;2;1;;;
12/02/2016;08:45:00;10;com vítima;122,6;BR-116/RJ;Norte;Choque - Defensa, barreira ou "submarino";;;1;;;;;;;;0;1;;;
20/03/2016;08:48:00;9;com vítima;122,6;BR-116/RJ;Sul;Engavetamento;3;;;;;;;;;;2;4;;;
11/03/2016;17:24:00;35;com vítima;122,75;BR-116/RJ;Sul;Colisão Lateral;1;;1;;;;;;;;1;2;;;
15/08/2016;10:45:00;19;sem vítima;123,1;BR-116/RJ;Sul;Choque - Defensa, barreira ou "submarino";1;;;;;;;;;;1;;;;
20/01/2016;22:18:00;49;sem vítima;123,3;BR-116/RJ;Sul;Colisão Lateral;;;1;;1;;;;;;2;;;;