data;horario;n_da_ocorrencia;tipo_de_ocorrencia;km;trecho;sentido;tipo_de_acidente;automovel;bicicleta;caminhao;moto;onibus;outros;tracao_animal;transporte_de_cargas_especiais;trator_maquinas;utilitarios;ilesos;levemente_feridos;moderadamente_feridos;gravemente_feridos;mortos
28/09/2016;20:20:00;63;sem vítima;73,4;BR-116/RJ;Norte;Saida de Pista;1;;;;;;;;;;1;;;;
29/09/2016;20:34:00;49;com vítima;93,7;BR-116/RJ;Sul;Engavetamento;1;;2;;;;;;;;2;1;;;
29/09/2016;16:48:00;37;sem vítima;103,7;BR-116/RJ;Norte;Colisão Lateral;1;;1;;;;;;;;2;;;;
30/09/2016;17:55:00;43;sem vítima;80,3;BR-116/RJ;Sul;Colisão Traseira;2;;;;;;;;;;2;;;;
30/09/2016;02:55:00;4;com vítima;81,8;BR-116/RJ;Sul;Choque - Defensa, barreira ou "submarino";1;;;;;;;;;;0;1;;;
30/09/2016;15:47:00;35;com vítima;94,7;BR-116/RJ;Norte;Colisão Traseira;1;;;;;;;;;;0;1;;;
01/10/2016;05:49:00;11;com vítima;31,4;BR-116/RJ;Sul;Choque - Defensa, barreira ou "submarino";1;;;;;;;;;;0;2;;;
01/10/2016;06:19:00;13;com vítima;75,6;BR-116/RJ;Sul;Saida de Pista;3;;;;;;;;;;2;1;;;
01/10/2016;09:57:00;21;com vítima;6,3;BR-116/RJ;Sul;Colisão Transversal;1;;;;;;;;;;0;;2;;
01/10/2016;10:48:00;25;com vítima;117,6;BR-116/RJ;Norte;Colisão Traseira;2;;;;;;;;;;1;1;1;;
01/10/2016;11:15:00;26;sem vítima;7,3;BR-116/RJ;Norte;Saida de Pista;1;;;;;;;;;;1;;;;
01/10/2016;11:52:00;28;com vítima;80,2;BR-116/RJ;Norte;Colisão Transversal;2;;;;;;;;;;1;1;;;
01/10/2016;12:38:00;31;com vítima;74,7;BR-116/RJ;Norte;Choque - Defensa, barreira ou "submarino";1;;;;;;;;;;0;1;;;
01/10/2016;13:46:00;36;com vítima;106,4;BR-116/RJ;Norte;Colisão Transversal;1;;;1;;;;;;;1;;1;;
01/10/2016;15:45:00;39;sem vítima;71,8;BR-116/RJ;Norte;Choque - Defensa, barreira ou "submarino";1;;;;;;;;;;1;;;;
01/10/2016;15:24:00;40;com vítima;61,05;BR-116/RJ;Sul;Queda de Moto;;;;1;;;;;;;0;;1;;
01/10/2016;16:47:00;47;com vítima;103,8;BR-116/RJ;Sul;Choque - Defensa, barreira ou "submarino";1;;;;;;;;;;0;1;;;
01/10/2016;17:35:00;49;com vítima;61,05;BR-116/RJ;Norte;Colisão Transversal;2;;;;;;;;;;1;1;;;
01/10/2016;18:35:00;52;sem vítima;49,5;BR-116/RJ;Sul;Choque - Defensa, barreira ou "submarino";1;;;;;;;;;;1;;;;
01/10/2016;20:06:00;55;com vítima;104,4;BR-116/RJ;Norte;Queda de Moto;;;;1;;;;;;;0;1;;;
02/10/2016;02:52:00;2;sem vítima;131,25;BR-116/RJ;Norte;Choque - Defensa, barreira ou "submarino";1;;;;;;;;;;1;;;;
02/10/2016;07:40:00;9;sem vítima;95,05;BR-116/RJ;Sul;Colisão Lateral;2;;;;;;;;;;2;;;;
02/10/2016;12:50:00;19;com vítima;141,5;BR-116/RJ;Sul;Queda de Moto;;;;1;;;;;;;0;1;;;
02/10/2016;14:55:00;27;com vítima;74;BR-116/RJ;Norte;Queda de Moto;;;;1;;;;;;;0;;2;;
02/10/2016;16:05:00;28;sem vítima;5,7;BR-116/RJ;Norte;Choque - Defensa, barreira ou "submarino";1;;;;;;;;;;1;;;;
02/10/2016;16:05:00;29;com vítima;26,4;BR-116/RJ;Sul;Saida de Pista;1;;;;;;;;;;0;1;;;
02/10/2016;19:08:00;37;sem vítima;24,4;BR-116/RJ;Norte;Choque - Outros;1;;;;;;;;;;1;;;;
02/10/2016;19:35:00;38;sem vítima;40,3;BR-116/RJ;Sul;Colisão Traseira;2;;;;;;;;;;2;;;;
02/10/2016;21:39:00;43;com vítima;46,5;BR-116/RJ;Sul;Colisão Frontal;2;;;;;;;;;;0;1;4;;
02/10/2016;23:44:00;46;com vítima;26,8;BR-116/RJ;Sul;Saida de Pista;1;;;;;;;;;;0;3;;;
03/10/2016;03:07:00;1;com vítima;132;BR-116/RJ;Sul;Choque - Defensa, barreira ou "submarino";1;;;;;;;;;;0;1;;;
03/10/2016;03:33:00;3;com vítima;135,3;BR-116/RJ;Sul;Choque - Defensa, barreira ou "submarino";1;;;;;;;;;;0;;2;2;
03/10/2016;11:00:00;20;com vítima;139,6;BR-116/RJ;Norte;Colisão Transversal;1;1;;;;;;;;;1;;;1;
03/10/2016;15:00:00;26;com vítima;80,3;BR-116/RJ;Norte;Colisão Transversal;;;1;1;;;;;;;1;1;;;
04/10/2016;05:55:00;5;sem vítima;26,5;BR-116/RJ;Sul;Choque - Defensa, barreira ou "submarino";1;;;;;;;;;;1;;;;
04/10/2016;06:10:00;6;sem vítima;26,5;BR-116/RJ;Sul;Choque - Defensa, barreira ou "submarino";1;;;;;;;;;;1;;;;
04/10/2016;06:40:00;10;sem vítima;26,3;BR-116/RJ;Sul;Choque - Defensa, barreira ou "submarino";1;;;;;;;;;;1;;;;
04/10/2016;07:30:00;14;com vítima;29,3;BR-116/RJ;Norte;Saida de Pista;1;;;;;;;;;;0;;1;;
04/10/2016;08:16:00;18;sem vítima;26,5;BR-116/RJ;Sul;Saida de Pista;1;;;;;;;;;;1;;;;
04/10/2016;08:36:00;19;com vítima;61,1;BR-116/RJ;Norte;Saida de Pista;1;;;;;;;;;;0;1;;;
04/10/2016;09:09:00;21;sem vítima;135,7;BR-116/RJ;Sul;Colisão Lateral;1;;;1;;;;;;;2;;;;
04/10/2016;09:45:00;23;sem vítima;80,2;BR-116/RJ;Norte;Colisão Transversal;1;;1;;;;;;;;2;;;;
04/10/2016;11:56:00;29;com vítima;69,3;BR-116/RJ;Sul;Saida de Pista;2;;;;;;;;;;0;;3;;
04/10/2016;12:27:00;36;com vítima;19,05;BR-116/RJ;Sul;Saida de Pista;1;;;;;;;;;;0;1;;;
04/10/2016;13:58:00;41;sem vítima;125,3;BR-116/RJ;Norte;Choque - Defensa, barreira ou "submarino";;;1;;;;;;;;1;;;;
04/10/2016;14:04:00;42;sem vítima;127,05;BR-116/RJ;Norte;Choque - Defensa, barreira ou "submarino";1;;;;;;;;;;1;;;;
04/10/2016;15:12:00;47;com vítima;17,1;BR-116/RJ;Sul;Choque - Defensa, barreira ou "submarino";1;;;;;;;;;;0;1;;;
04/10/2016;17:20:00;53;sem vítima;26,5;BR-116/RJ;Sul;Choque - Defensa, barreira ou "submarino";1;;;;;;;;;;1;;;;
04/10/2016;17:32:00;56;com vítima;57,6;BR-116/RJ;Sul;Colisão Frontal;1;;;1;;;;;;;1;;1;;
04/10/2016;17:50:00;57;sem vítima;17,1;BR-116/RJ;Sul;Choque - Defensa, barreira ou "submarino";1;;;;;;;;;;1;;;;
04/10/2016;09:50:00;63;sem vítima;26,2;BR-116/RJ;Sul;Choque - Defensa, barreira ou "submarino";1;;;;;;;;;;1;;;;
05/10/2016;13:20:00;21;com vítima;3,9;BR-116/RJ;Sul;Choque - Outros;2;;;;;;;;;;1;1;;;
06/10/2016;08:04:00;8;sem vítima;130;BR-116/RJ;Sul;Tombamento;;;1;;;;;;;;1;;;;
06/10/2016;11:35:00;15;com vítima;17,55;BR-116/RJ;Sul;Colisão Lateral;5;;;;;;;;;;5;3;;;
06/10/2016;17:33:00;33;sem vítima;137,4;BR-116/RJ;Norte;Colisão Traseira;1;;1;;;;;;;;2;;;;
07/10/2016;15:03:00;30;com vítima;118,35;BR-116/RJ;Sul;Saida de Pista;1;;;;;;;;;;0;;2;1;
08/10/2016;10:15:00;19;sem vítima;39,1;BR-116/RJ;Sul;Atropelamento de Animal;1;;;;;;;;;;1;;;;
08/10/2016;12:28:00;28;sem vítima;111,7;BR-116/RJ;Sul;Saida de Pista;1;;;;;;;;;;1;;;;
08/10/2016;15:04:00;37;sem vítima;133,5;BR-116/RJ;Sul;Colisão Traseira;1;;1;;;;;;;;2;;;;
10/10/2016;06:11:00;9;sem vítima;142,95;BR-116/RJ;Sul;Engavetamento;;;1;;2;;;;;;3;;;;
10/10/2016;07:12:00;12;sem vítima;40,4;BR-116/RJ;Sul;Colisão Lateral;2;;;;;;;;;;2;;;;
10/10/2016;07:28:00;13;sem vítima;143,9;BR-116/RJ;Sul;Colisão Traseira;1;;;;1;;;;;;2;;;;
10/10/2016;08:13:00;15;sem vítima;127;BR-116/RJ;Sul;Atropelamento de Cachorro;1;;;;;;;;;;1;;;;
10/10/2016;08:38:00;18;com vítima;81;BR-116/RJ;Norte;Atropelamento de Animal;;;;1;;;;;;;0;;1;;
10/10/2016;15:28:00;33;com vítima;26,2;BR-116/RJ;Sul;Saida de Pista;1;;;;;;;;;;0;2;;;
11/10/2016;08:27:00;10;sem vítima;143;BR-116/RJ;Norte;Colisão Lateral;1;;1;;1;;;;;;3;;;;
11/10/2016;08:27:00;11;sem vítima;107,1;BR-116/RJ;Norte;Colisão Traseira;1;;2;;;;;;;;3;;;;
12/10/2016;05:37:00;2;sem vítima;57,7;BR-116/RJ;Norte;Saida de Pista;1;;;;;;;;;;1;;;;
12/10/2016;07:18:00;5;sem vítima;133,5;BR-116/RJ;Sul;Colisão Lateral;;;1;;;1;;;;;2;;;;
12/10/2016;07:58:00;10;sem vítima;76,15;BR-116/RJ;Sul;Colisão Lateral;1;;;;;1;;;;;2;;;;
12/10/2016;09:18:00;11;sem vítima;138,2;BR-116/RJ;Sul;Colisão Lateral;1;;;1;;;;;;;2;;;;
13/10/2016;02:17:00;1;sem vítima;126,4;BR-116/RJ;Norte;Choque - Defensa, barreira ou "submarino";1;;;;;;;;;;1;;;;
13/10/2016;09:39:00;11;sem vítima;82,1;BR-116/RJ;Norte;Choque - Veiculo parado no acostamento;1;;;;;;;;;;1;;;;
13/10/2016;18:55:00;48;com vítima;101,9;BR-116/RJ;Norte;Colisão Transversal;1;;;;;;;;;1;2;2;;;
14/10/2016;11:26:00;19;sem vítima;140,9;BR-116/RJ;Norte;Colisão Lateral;2;;;;;;;;;;2;;;;
14/10/2016;12:18:00;21;com vítima;66,8;BR-116/RJ;Norte;Colisão Frontal;2;;;;;;;;;;1;;1;;
15/10/2016;03:51:00;3;com vítima;77,3;BR-116/RJ;Norte;Choque - Defensa, barreira ou "submarino";1;;;;;;;;;;1;;;1;
15/10/2016;10:34:00;19;sem vítima;142,6;BR-116/RJ;Sul;Colisão Traseira;2;;;;;;;;;;2;;;;
15/10/2016;12:50:00;26;com vítima;123,8;BR-116/RJ;Norte;Queda de Moto;;;;1;;;;;;;0;2;;;
15/10/2016;15:06:00;35;sem vítima;87,953;BR-116/RJ;Norte;Choque - Defensa, barreira ou "submarino";1;;;;;;;;;;1;;;;
15/10/2016;16:23:00;40;sem vítima;91,95;BR-116/RJ;Norte;Colisão Lateral;1;;;;1;;;;;;2;;;;
15/10/2016;17:45:00;43;sem vítima;67,6;BR-116/RJ;Norte;Saida de Pista;1;;;;;;;;;;1;;;;
15/10/2016;18:17:00;44;com vítima;67,1;BR-116/RJ;Norte;Colisão Transversal;1;;;1;;;;;;;1;1;;;
15/10/2016;23:20:00;56;com vítima;48,6;BR-116/RJ;Sul;Saida de Pista;1;;;;;;;;;;0;;2;;
16/10/2016;05:45:00;8;sem vítima;95,8;BR-116/RJ;Norte;Tombamento;;;1;;;;;;;;1;;;;
16/10/2016;06:52:00;11;sem vítima;132,2;BR-116/RJ;Sul;Choque - Defensa, barreira ou "submarino";1;;;;;;;;;;1;;;;
16/10/2016;14:35:00;31;com vítima;68,1;BR-116/RJ;Sul;Colisão Lateral;2;;;;;;;;;;1;1;;;
16/10/2016;18:25:00;48;sem vítima;81;BR-116/RJ;Norte;Choque - Defensa, barreira ou "submarino";1;;;;;;;;;;1;;;;
16/10/2016;21:35:00;60;com vítima;141,4;BR-116/RJ;Norte;Queda de Moto;;;;1;;;;;;;0;;1;;
16/10/2016;22:57:00;66;sem vítima;54;BR-116/RJ;Norte;Atropelamento de Cachorro;1;;;;;;;;;;1;;;;
17/10/2016;23:05:00;45;com vítima;99,8;BR-116/RJ;Sul;Choque - Elemento de Drenagem;1;;;;;;;;;;0;2;;;
18/10/2016;14:33:00;28;com vítima;122,5;BR-116/RJ;Sul;Choque - Defensa, barreira ou "submarino";1;;;;;;;;;;0;3;;;
19/10/2016;02:35:00;3;com vítima;99,4;BR-116/RJ;Sul;Tombamento;;;1;;;;;;;;0;3;;;
19/10/2016;06:35:00;5;com vítima;76,4;BR-116/RJ;Sul;Colisão Transversal;;;;1;;;;;;1;1;;;1;
19/10/2016;08:13:00;10;sem vítima;143,95;BR-116/RJ;Sul;Colisão Lateral;2;;1;;;;;;;;3;;;;
19/10/2016;11:42:00;24;sem vítima;124,6;BR-116/RJ;Norte;Choque - Defensa, barreira ou "submarino";1;;;;;;;;;;1;;;;
19/10/2016;20:03:00;52;com vítima;110,7;BR-116/RJ;Sul;Capotamento;1;;;;;;;;;;0;;1;;
19/10/2016;23:34:00;65;com vítima;143,4;BR-116/RJ;Sul;Colisão Lateral;1;;;;;1;;;;;3;1;;;
20/10/2016;02:16:00;5;com vítima;99,4;BR-116/RJ;Sul;Tombamento;;;1;;;;;;;;0;2;;;
20/10/2016;15:06:00;28;com vítima;13,1;BR-116/RJ;Sul;Tombamento;;;1;;;;;;;;0;1;;;
20/10/2016;17:50:00;39;sem vítima;133,5;BR-116/RJ;Norte;Choque - Defensa, barreira ou "submarino";1;;;;;;;;;;1;;;;
21/10/2016;06:37:00;7;com vítima;108,7;BR-116/RJ;Norte;Saida de Pista;;;;1;;;;;;;0;1;1;;
21/10/2016;07:28:00;10;com vítima;110,75;BR-116/RJ;Norte;Colisão Traseira;;;2;;;;;;;;0;1;1;;1
21/10/2016;07:59:00;11;com vítima;26,3;BR-116/RJ;Norte;Queda de Moto;;;;1;;;;;;;0;1;;;
21/10/2016;16:50:00;32;com vítima;82,95;BR-116/RJ;Norte;Colisão Frontal;2;;;;;;;;;;0;3;2;;
22/10/2016;14:36:00;13;sem vítima;122;BR-116/RJ;Sul;Colisão Lateral;2;;;;;;;;;;2;;;;
23/10/2016;04:56:00;9;com vítima;125,6;BR-116/RJ;Sul;Choque - Defensa, barreira ou "submarino";1;;;;;;;;;;2;1;;;
23/10/2016;05:13:00;10;com vítima;79,9;BR-116/RJ;Sul;Atropelamento - Andarilho;1;;;;;;;;;;1;;1;;
23/10/2016;09:40:00;18;sem vítima;126,5;BR-116/RJ;Norte;Saida de Pista;;;;;1;;;;;;1;;;;
24/10/2016;06:02:00;7;com vítima;125,9;BR-116/RJ;Norte;Saida de Pista;1;;;;;;;;;;0;1;;;
25/10/2016;11:32:00;18;com vítima;99,3;BR-116/RJ;Sul;Saida de Pista;;;1;;;;;;;;0;1;;;
25/10/2016;12:01:00;19;sem vítima;31,8;BR-116/RJ;Norte;Colisão Traseira;2;;;;;;;;;;2;;;;
25/10/2016;12:57:00;22;sem vítima;100,9;BR-116/RJ;Norte;Saida de Pista;;;1;;;;;;;;1;;;;
26/10/2016;00:14:00;1;com vítima;137,9;BR-116/RJ;Norte;Colisão Traseira;1;;;;1;;;;;;1;1;;;
26/10/2016;08:04:00;5;sem vítima;143,4;BR-116/RJ;Sul;Engavetamento;;;1;;;2;;;;1;4;;;;
26/10/2016;09:12:00;9;com vítima;27,4;BR-116/RJ;Sul;Saida de Pista;1;;;;;;;;;;0;1;;;
26/10/2016;14:40:00;36;sem vítima;95;BR-116/RJ;Norte;Colisão Traseira;2;;;;;;;;;;2;;;;
27/10/2016;07:28:00;6;com vítima;59,9;BR-116/RJ;Sul;Saida de Pista;1;;;;;;;;;;0;1;;;
27/10/2016;08:30:00;8;com vítima;142,5;BR-116/RJ;Sul;Colisão Traseira;1;;1;1;;;;;;;0;2;1;;
27/10/2016;09:56:00;13;sem vítima;40,6;BR-116/RJ;Sul;Colisão Traseira;2;;;;;;;;;;2;;;;
27/10/2016;10:48:00;17;com vítima;86,8;BR-116/RJ;Norte;Tombamento;1;;1;;;;;;;;0;;2;;
27/10/2016;17:19:00;38;com vítima;75,35;BR-116/RJ;Norte;Colisão Lateral;;;1;1;;;;;;;1;;1;;
27/10/2016;17:55:00;41;com vítima;126,85;BR-116/RJ;Norte;Choque - Defensa, barreira ou "submarino";1;;;;;;;;;;0;1;1;;
27/10/2016;20:48:00;55;sem vítima;125,5;BR-116/RJ;Norte;Choque - Defensa, barreira ou "submarino";1;;;;;;;;;;1;;;;
27/10/2016;20:51:00;56;com vítima;95,2;BR-116/RJ;Sul;Saida de Pista;1;;;;;;;;;;0;;1;;
28/10/2016;13:37:00;17;sem vítima;53,4;BR-116/RJ;Sul;Saida de Pista;1;;;;;;;;;;1;;;;
29/10/2016;03:57:00;5;sem vítima;132,5;BR-116/RJ;Sul;Choque - Defensa, barreira ou "submarino";1;;;;;;;;;;1;;;;
29/10/2016;13:32:00;30;com vítima;126,55;BR-116/RJ;Norte;Choque - Defensa, barreira ou "submarino";1;;;;;1;;;;;1;4;;;
29/10/2016;13:52:00;31;com vítima;144;BR-116/RJ;Norte;Choque - Defensa, barreira ou "submarino";1;;;;;;;;;;0;2;;;
30/10/2016;00:26:00;2;com vítima;40,3;BR-116/RJ;Norte;Colisão Transversal;2;;;;;;;;;;0;1;1;;
30/10/2016;04:34:00;6;com vítima;91,2;BR-116/RJ;Sul;Choque - Defensa, barreira ou "submarino";1;;;;;;;;;;0;1;;;
30/10/2016;15:45:00;32;sem vítima;128,3;BR-116/RJ;Sul;Choque - Defensa, barreira ou "submarino";1;;;;;;;;;;1;;;;
30/10/2016;19:50:00;46;com vítima;44,8;BR-116/RJ;Sul;Colisão Traseira;1;;;1;;;;;;;1;2;;;
31/10/2016;07:30:00;7;sem vítima;15,1;BR-116/RJ;Norte;Colisão Lateral;2;;;;;;;;;;2;;;;
31/10/2016;12:00:00;14;com vítima;40,2;BR-116/RJ;Sul;Colisão Transversal;1;;;1;;;;;;;1;;1;1;
01/11/2016;08:05:00;11;com vítima;143,4;BR-116/RJ;Sul;Colisão Traseira;2;;1;;;;;;;;1;2;;;
01/11/2016;07:34:00;12;sem vítima;143,5;BR-116/RJ;Sul;Colisão Traseira;2;;;;;;;;;;2;;;;
01/11/2016;08:30:00;13;com vítima;90,5;BR-116/RJ;Norte;Queda de Moto;;;;1;;;;;;;0;1;;;
01/11/2016;11:14:00;24;com vítima;31,2;BR-116/RJ;Norte;Choque - Defensa, barreira ou "submarino";1;;;;;;;;;;0;1;;;
01/11/2016;14:54:00;31;sem vítima;53;BR-116/RJ;Norte;Saida de Pista;1;;;;;;;;;;1;;;;
01/11/2016;16:24:00;40;sem vítima;103,8;BR-116/RJ;Norte;Colisão Traseira;;;1;;;1;;;;;2;;;;
02/11/2016;11:34:00;17;com vítima;143,7;BR-116/RJ;Sul;Queda de Moto;;;;1;;;;;;;0;;2;;
02/11/2016;15:40:00;30;com vítima;86,3;BR-116/RJ;Sul;Choque - Defensa, barreira ou "submarino";1;;;;;;;;;;1;1;;;
02/11/2016;19:41:00;46;sem vítima;97,3;BR-116/RJ;Sul;Colisão Lateral;1;;;;;1;;;;;3;;;;
03/11/2016;17:18:00;30;com vítima;80,5;BR-116/RJ;Norte;Colisão Lateral;1;;1;;;;;;;;0;1;;;1
03/11/2016;17:30:00;31;sem vítima;49,5;BR-116/RJ;Sul;Choque - Defensa, barreira ou "submarino";1;;;;;;;;;;1;;;;
03/11/2016;18:23:00;33;sem vítima;124,2;BR-116/RJ;Norte;Saida de Pista;1;;;;;;;;;;1;;;;
03/11/2016;18:32:00;34;com vítima;105,2;BR-116/RJ;Norte;Saida de Pista;1;;;;;;;;;;0;;;;2
03/11/2016;18:40:00;39;sem vítima;63,1;BR-116/RJ;Sul;Choque - Defensa, barreira ou "submarino";;;1;;;;;;;;1;;;;
03/11/2016;22:56:00;47;com vítima;125,6;BR-116/RJ;Norte;Choque - Defensa, barreira ou "submarino";;;1;;;;;;;;0;1;;;
04/11/2016;01:51:00;3;sem vítima;106,95;BR-116/RJ;Sul;Atropelamento de Animal;;;1;;;;;;;;1;;;;
04/11/2016;16:40:00;37;com vítima;26,3;BR-116/RJ;Norte;Colisão Lateral;1;;1;;;;;;;;0;1;;;1
04/11/2016;23:36:00;55;com vítima;141,8;BR-116/RJ;Norte;Colisão Traseira;1;;;;;1;;;;;1;1;;;
05/11/2016;06:27:00;4;sem vítima;53,45;BR-116/RJ;Sul;Saida de Pista;;;1;;;;;;;;1;;;;
05/11/2016;07:14:00;7;com vítima;85,5;BR-116/RJ;Norte;Colisão Frontal;1;;;;1;;;;;;1;1;;;
05/11/2016;07:43:00;8;sem vítima;87,95;BR-116/RJ;Norte;Saida de Pista;;;1;;;;;;;;2;;;;
05/11/2016;12:57:00;16;com vítima;33,95;BR-116/RJ;Norte;Choque - Outros;1;;;;;;;;;;0;1;;;
05/11/2016;16:10:00;24;com vítima;121,95;BR-116/RJ;Sul;Saida de Pista;1;;;;;;;;;;0;1;;;
07/11/2016;16:56:00;26;com vítima;13,2;BR-116/RJ;Sul;Colisão Frontal;2;;;;;;;;;;0;2;1;1;
07/11/2016;17:09:00;27;sem vítima;26,3;BR-116/RJ;Norte;Choque - Defensa, barreira ou "submarino";;;1;;;;;;;;1;;;;
07/11/2016;21:27:00;37;sem vítima;137,1;BR-116/RJ;Sul;Choque - Defensa, barreira ou "submarino";1;;;;;;;;;;1;;;;
08/11/2016;16:27:00;22;com vítima;67;BR-116/RJ;Sul;Queda de Moto;;;;1;;;;;;;0;1;;;
08/11/2016;17:28:00;24;sem vítima;112,9;BR-116/RJ;Norte;Saida de Pista;1;;;;;;;;;;1;;;;
09/11/2016;00:43:00;1;sem vítima;57,3;BR-116/RJ;Norte;Atropelamento de Animal;1;;;;;;;;;;1;;;;
09/11/2016;08:59:00;9;sem vítima;123;BR-116/RJ;Norte;Choque - Defensa, barreira ou "submarino";1;;;;;;;;;;1;;;;
10/11/2016;06:56:00;8;sem vítima;51,9;BR-116/RJ;Norte;Colisão Lateral;2;;;;;;;;;;2;;;;
10/11/2016;15:05:00;29;sem vítima;108,07;BR-116/RJ;Sul;Choque - Defensa, barreira ou "submarino";;;1;;;;;;;;1;;;;
10/11/2016;17:12:00;38;sem vítima;111,05;BR-116/RJ;Norte;Capotamento;1;;;;;;;;;;1;;;;
11/11/2016;10:37:00;25;sem vítima;26,3;BR-116/RJ;Norte;Choque - Defensa, barreira ou "submarino";1;;;;;;;;;;3;;;;
11/11/2016;11:50:00;27;sem vítima;133,5;BR-116/RJ;Norte;Colisão Lateral;1;;1;;;;;;;;2;;;;
11/11/2016;16:39:00;52;com vítima;91,4;BR-116/RJ;Norte;Colisão Traseira;1;;1;;;;;;;;2;;2;;
11/11/2016;17:49:00;59;sem vítima;107,2;BR-116/RJ;Norte;Saida de Pista;;;1;;;;;;;;1;;;;
11/11/2016;19:30:00;67;sem vítima;141,6;BR-116/RJ;Norte;Colisão Traseira;2;;;;;;;;;;2;;;;
12/11/2016;03:43:00;3;sem vítima;80,2;BR-116/RJ;Sul;Saida de Pista;1;;;;;;;;;;1;;;;
12/11/2016;04:50:00;4;com vítima;94,3;BR-116/RJ;Norte;Saida de Pista;1;;;;;;;;;;0;1;;;
12/11/2016;07:53:00;8;com vítima;2,5;BR-116/RJ;Norte;Choque - Suporte de Sinalização;1;;;;;;;;;;0;2;;;
12/11/2016;11:41:00;22;sem vítima;144;BR-116/RJ;Norte;Choque - Defensa, barreira ou "submarino";1;;;;;;;;;;1;;;;
12/11/2016;21:20:00;63;sem vítima;18,1;BR-116/RJ;Sul;Queda de vegetação c/ veículo;1;;;;;;;;;;1;;;;
13/11/2016;02:20:00;7;com vítima;17,9;BR-116/RJ;Sul;Capotamento;1;;;;;;;;;;0;3;;;
13/11/2016;06:27:00;10;sem vítima;53,85;BR-116/RJ;Sul;Tombamento;;;1;;;;;;;;1;;;;
13/11/2016;09:08:00;13;com vítima;91,2;BR-116/RJ;Sul;Queda de Moto;;;;1;;;;;;;0;;1;;
13/11/2016;10:24:00;16;com vítima;42,9;BR-116/RJ;Norte;Choque - Defensa, barreira ou "submarino";1;;;;;;;;;;0;1;;;
13/11/2016;12:55:00;27;sem vítima;17,9;BR-116/RJ;Sul;Saida de Pista;1;;;;;;;;;;1;;;;
13/11/2016;15:10:00;29;com vítima;110,6;BR-116/RJ;Norte;Saida de Pista;1;;;;;;;;;;0;1;;;
13/11/2016;15:40:00;33;com vítima;82,1;BR-116/RJ;Sul;Engavetamento;2;;;;;1;;;;;1;2;1;;
13/11/2016;17:57:00;38;com vítima;128;BR-116/RJ;Norte;Capotamento;1;;;;;;;;;;0;2;;;
13/11/2016;18:08:00;42;sem vítima;95;BR-116/RJ;Norte;Colisão Lateral;2;;;;;;;;;;7;;;;
13/11/2016;18:39:00;45;sem vítima;100;BR-116/RJ;Sul;Tombamento;;;1;;;;;;;;1;;;;
14/11/2016;09:36:00;12;sem vítima;99,8;BR-116/RJ;Norte;Saida de Pista;1;;;;;;;;;;1;;;;
14/11/2016;10:00:00;14;com vítima;103,3;BR-116/RJ;Norte;Saida de Pista;;;1;;;;;;;;0;1;;;
14/11/2016;11:18:00;17;sem vítima;87,9;BR-116/RJ;Sul;Choque - Defensa, barreira ou "submarino";1;;;;;;;;;;1;;;;
14/11/2016;16:17:00;26;com vítima;28,7;BR-116/RJ;Norte;Choque - Defensa, barreira ou "submarino";1;;;;;;;;;;1;1;;;
14/11/2016;17:00:00;31;sem vítima;26,15;BR-116/RJ;Sul;Saida de Pista;1;;;;;;;;;;1;;;;
14/11/2016;21:45:00;47;com vítima;101,4;BR-116/RJ;Sul;Queda de vegetação c/ veículo;;;1;;;;;;;;0;3;;;
15/11/2016;05:14:00;7;sem vítima;69,6;BR-116/RJ;Norte;Saida de Pista;1;;;;;;;;;;1;;;;
15/11/2016;15:34:00;28;sem vítima;92,3;BR-116/RJ;Norte;Colisão Traseira;2;;;;;;;;;;2;;;;
15/11/2016;23:30:00;50;sem vítima;91,15;BR-116/RJ;Sul;Choque - Defensa, barreira ou "submarino";1;;;;;;;;;;1;;;;
16/11/2016;03:15:00;4;sem vítima;138,4;BR-116/RJ;Sul;Saida de Pista;1;;;;;;;;;;1;;;;
16/11/2016;15:49:00;34;sem vítima;25,9;BR-116/RJ;Sul;Choque - Defensa, barreira ou "submarino";1;;;;;;;;;;1;;;;
17/11/2016;06:20:00;3;com vítima;25,9;BR-116/RJ;Sul;Tombamento;;;1;;;;;;;;0;1;;;
17/11/2016;08:40:00;6;com vítima;138,9;BR-116/RJ;Sul;Colisão Traseira;;;1;1;;;;;;;1;;1;;
17/11/2016;21:02:00;43;sem vítima;131,4;BR-116/RJ;Sul;Colisão Traseira;;;2;;;;;;;;2;;;;
18/11/2016;14:02:00;25;sem vítima;83;BR-116/RJ;Norte;Colisão Traseira;1;;2;;;;;;;;3;;;;
20/11/2016;10:27:00;12;sem vítima;133,5;BR-116/RJ;Norte;Colisão Traseira;3;;;;;;;;;;3;;;;
20/11/2016;12:50:00;21;com vítima;86,6;BR-116/RJ;Sul;Choque - Defensa, barreira ou "submarino";1;;;;;;;;;;0;3;;;
20/11/2016;17:27:00;34;com vítima;128;BR-116/RJ;Sul;Colisão Traseira;2;;;;;;;;;;2;1;;;