data;horario;n_da_ocorrencia;tipo_de_ocorrencia;km;trecho;sentido;tipo_de_acidente;automovel;bicicleta;caminhao;moto;onibus;outros;tracao_animal;transporte_de_cargas_especiais;trator_maquinas;utilitarios;ilesos;levemente_feridos;moderadamente_feridos;gravemente_feridos;mortos
28/04/2017;19:45:00;55;com vítima;73,7;BR-116/RJ;Sul;Colisão Frontal;2;;;;;;;;;;2;3;1;;
28/04/2017;13:18:00;22;com vítima;76,4;BR-116/RJ;Sul;Queda de Moto;;;;1;;;;;;;0;1;;;
28/04/2017;00:29:00;1;com vítima;85,6;BR-116/RJ;Norte;Colisão Frontal;2;;;;;;;;;;1;1;4;2;
28/04/2017;21:55:00;58;sem vítima;90,4;BR-116/RJ;Sul;Saida de Pista;1;;;;;;;;;;1;;;;
28/04/2017;11:04:00;16;sem vítima;92,5;BR-116/RJ;Norte;Colisão Traseira;2;;;;;;;;;;2;;;;
28/04/2017;19:26:00;51;sem vítima;133,3;BR-116/RJ;Norte;Colisão Traseira;1;;;;1;;;;;;2;;;;
29/04/2017;11:20:00;33;com vítima;26,3;BR-116/RJ;Sul;Choque - Defensa, barreira ou "submarino";1;;;;;;;;;;0;2;;;
29/04/2017;18:26:00;60;com vítima;26,3;BR-116/RJ;Norte;Saida de Pista;1;;;;;;;;;;0;1;;;
29/04/2017;19:50:00;67;com vítima;26,3;BR-116/RJ;Sul;Capotamento;1;;;;;;;;;;0;1;1;;
29/04/2017;06:58:00;16;com vítima;38,5;BR-116/RJ;Sul;Colisão Lateral;2;;;;;;;;;;0;8;;;
29/04/2017;23:45:00;82;sem vítima;41,2;BR-116/RJ;Norte;Queda de Moto;;;;1;;;;;;;1;;;;
29/04/2017;22:52:00;78;sem vítima;42,6;BR-116/RJ;Sul;Saida de Pista;1;;;;;;;;;;1;;;;
29/04/2017;01:52:00;6;com vítima;77,5;BR-116/RJ;Norte;Colisão Transversal;1;;;1;;;;;;;1;1;;;
29/04/2017;08:40:00;23;com vítima;85,65;BR-116/RJ;Norte;Colisão Frontal;2;;;;;;;;;;0;;5;;
29/04/2017;14:24:00;47;com vítima;97,1;BR-116/RJ;Sul;Colisão Lateral;2;;;;;;;;;;2;1;;;
29/04/2017;14:37:00;49;sem vítima;118;BR-116/RJ;Norte;Atropelamento de Cachorro;1;;;;;;;;;;1;;;;
29/04/2017;21:23:00;74;sem vítima;122,7;BR-116/RJ;Norte;Colisão Lateral;1;;1;;;;;;;;2;;;;
29/04/2017;01:09:00;4;com vítima;137,8;BR-116/RJ;Norte;Choque - Defensa, barreira ou "submarino";1;;;;;;;;;;0;1;;;
29/04/2017;02:15:00;7;sem vítima;141,85;BR-116/RJ;Norte;Engavetamento;2;;1;;;;;;;;3;;;;
29/04/2017;06:24:00;14;sem vítima;143;BR-116/RJ;Norte;Atropelamento de Cachorro;1;;;;;;;;;;1;;;;
30/04/2017;03:55:00;3;com vítima;74,7;BR-116/RJ;Norte;Queda de Moto;;;;1;;;;;;;0;;;1;
30/04/2017;19:40:00;43;com vítima;81,1;BR-116/RJ;Norte;Colisão Lateral;1;;;1;;;;;;;1;;1;;
30/04/2017;21:30:00;48;com vítima;94,1;BR-116/RJ;Norte;Queda de Moto;;;;1;;;;;;;1;1;;;
30/04/2017;16:09:00;29;com vítima;95;BR-116/RJ;Sul;Queda de Moto;;;;1;;;;;;;0;1;;;
30/04/2017;04:10:00;4;com vítima;137;BR-116/RJ;Sul;Choque - Defensa, barreira ou "submarino";;;;1;;;;;;;0;1;;;
30/04/2017;14:17:00;23;com vítima;142,9;BR-116/RJ;Norte;Choque - Defensa, barreira ou "submarino";1;;;;;;;;;;1;2;2;4;
01/05/2017;02:28:00;4;com vítima;133,2;BR-116/RJ;Sul;Colisão Traseira;1;;;1;;;;;;;1;1;1;;
01/05/2017;15:53:00;31;sem vítima;139,3;BR-116/RJ;Sul;Colisão Lateral;1;;;;1;;;;;;2;;;;
01/05/2017;20:57:00;56;com vítima;106,2;BR-116/RJ;Sul;Colisão Frontal;2;;;;;;;;;;0;1;6;;
02/05/2017;09:50:00;15;com vítima;17,9;BR-116/RJ;Sul;Choque - Defensa, barreira ou "submarino";;;2;;;;;;;;2;1;;;
02/05/2017;18:25:00;40;sem vítima;143,7;BR-116/RJ;Sul;Colisão Lateral;1;;1;;;;;;;;2;;;;
02/05/2017;20:30:00;45;com vítima;59,8;BR-116/RJ;Norte;Saida de Pista;1;;;;;;;;;;0;1;;;
03/05/2017;07:05:00;4;sem vítima;137,8;BR-116/RJ;Sul;Colisão Transversal;1;;;;1;;;;;;2;;;;
03/05/2017;08:00:00;5;sem vítima;137,1;BR-116/RJ;Sul;Atropelamento de Animal;1;;;;;;;;;;1;;;;
03/05/2017;16:00:00;31;sem vítima;100,05;BR-116/RJ;Sul;Colisão Traseira;3;;;;;;;;;;3;;;;
04/05/2017;10:59:00;18;com vítima;80,25;BR-116/RJ;Norte;Colisão Transversal;1;;1;;;;;;;;0;2;;;
04/05/2017;23:03:00;59;com vítima;108,4;BR-116/RJ;Norte;Choque - Defensa, barreira ou "submarino";;;;1;;;;;;;0;;;1;
05/05/2017;08:58:00;13;com vítima;69;BR-116/RJ;Sul;Saida de Pista;1;;;;;;;;;;0;1;;;
05/05/2017;11:05:00;19;com vítima;17,05;BR-116/RJ;Norte;Saida de Pista;1;;;;;;;;;;0;1;;;
05/05/2017;11:14:00;21;sem vítima;125,2;BR-116/RJ;Norte;Colisão Lateral;1;;1;;;;;;;;2;;;;
05/05/2017;16:37:00;36;com vítima;80,7;BR-116/RJ;Sul;Colisão Lateral;;;2;;;;;;;;0;2;1;;
05/05/2017;17:05:00;40;sem vítima;131,1;BR-116/RJ;Sul;Colisão Traseira;;;2;;;;;;;;2;;;;
05/05/2017;17:05:00;41;sem vítima;125,3;BR-116/RJ;Norte;Choque - Defensa, barreira ou "submarino";1;;;;;;;;;;2;;;;
05/05/2017;17:05:00;42;sem vítima;125,4;BR-116/RJ;Norte;Choque - Defensa, barreira ou "submarino";1;;;;;;;;;;2;;;;
05/05/2017;17:55:00;45;sem vítima;98,3;BR-116/RJ;Sul;Choque - Defensa, barreira ou "submarino";1;;;;;;;;;;1;;;;
05/05/2017;18:26:00;48;com vítima;140,5;BR-116/RJ;Sul;Colisão Traseira;;;;1;;1;;;;;1;1;;;
05/05/2017;19:00:00;54;sem vítima;141,9;BR-116/RJ;Sul;Colisão Traseira;1;;;;;;;;;;2;;;;
06/05/2017;05:48:00;18;sem vítima;74,3;BR-116/RJ;Sul;Colisão Lateral;1;;1;;;;;;;;2;;;;
06/05/2017;09:09:00;26;sem vítima;19;BR-116/RJ;Sul;Saida de Pista;1;;;;;;;;;;1;;;;
06/05/2017;23:04:00;67;sem vítima;74,6;BR-116/RJ;Sul;Colisão Traseira;2;;;;;;;;;;2;;;;
06/05/2017;23:15:00;68;sem vítima;81,9;BR-116/RJ;Sul;Saida de Pista;1;;;;;;;;;;1;;;;
07/05/2017;09:45:00;14;com vítima;98,09;BR-116/RJ;Norte;Queda de Moto;;;;1;;;;;;;0;;1;;
07/05/2017;13:37:00;26;com vítima;78;BR-116/RJ;Norte;Colisão Lateral;1;1;;;;;;;;;1;;1;;
07/05/2017;17:55:00;51;com vítima;110,8;BR-116/RJ;Norte;Colisão Traseira;2;;;;;;;;;;0;;2;;
07/05/2017;23:56:00;70;com vítima;131,1;BR-116/RJ;Sul;Queda de Moto;;;;1;;;;;;;1;;1;;
08/05/2017;07:04:00;9;sem vítima;129,8;BR-116/RJ;Sul;Atropelamento de Cachorro;1;;;;;;;;;;1;;;;
08/05/2017;10:01:00;16;com vítima;47,7;BR-116/RJ;Norte;Colisão Transversal;1;;;1;;;;;;;1;;1;;
08/05/2017;12:23:00;22;com vítima;75,5;BR-116/RJ;Sul;Colisão Lateral;2;;;;;;;;;;1;1;;;
08/05/2017;13:11:00;23;com vítima;84,3;BR-116/RJ;Sul;Atropelamento - Pessoa;1;;;;;;;;;;1;;1;;
08/05/2017;20:46:00;47;com vítima;78,9;BR-116/RJ;Sul;Colisão Transversal;1;;;1;;;;;;;1;2;;;
09/05/2017;20:32:00;42;com vítima;142,5;BR-116/RJ;Norte;Colisão Lateral;1;;;1;;;;;;;1;;1;;
10/05/2017;11:28:00;22;com vítima;106,4;BR-116/RJ;Norte;Colisão Traseira;1;;;1;;;;;;;1;;1;;
10/05/2017;18:26:00;43;com vítima;11,9;BR-116/RJ;Sul;Colisão Frontal;1;;1;;;;;;;;1;;;1;1
11/05/2017;07:50:00;12;sem vítima;74,7;BR-116/RJ;Sul;Saida de Pista;1;;;;;;;;;;1;;;;
11/05/2017;08:35:00;15;com vítima;53;BR-116/RJ;Sul;Saida de Pista;1;;;;;;;;;;0;2;;;
11/05/2017;11:18:00;25;sem vítima;142;BR-116/RJ;Norte;Choque - Defensa, barreira ou "submarino";1;;;;;;;;;;1;;;;
11/05/2017;12:00:00;26;sem vítima;137,4;BR-116/RJ;Norte;Choque - Suporte de Sinalização;1;;;;;;;;;;1;;;;
11/05/2017;11:35:00;27;sem vítima;87,95;BR-116/RJ;Norte;Choque - Defensa, barreira ou "submarino";1;;;;;;;;;;1;;;;
12/05/2017;15:45:00;33;com vítima;95,7;BR-116/RJ;Norte;Atropelamento - Pessoa;1;;;;;;;;;;1;;1;;
13/05/2017;01:42:00;4;com vítima;78,65;BR-116/RJ;Norte;Choque - Outros;1;;;;;;;;;;0;2;1;;
13/05/2017;13:35:00;27;com vítima;138,4;BR-116/RJ;Sul;Choque - Defensa, barreira ou "submarino";1;;;;;;;;;;1;1;;;
13/05/2017;14:39:00;31;com vítima;104,6;BR-116/RJ;Norte;Choque - Defensa, barreira ou "submarino";1;;;;;;;;;;0;1;;;
13/05/2017;15:05:00;32;com vítima;49,5;BR-116/RJ;Sul;Choque - Defensa, barreira ou "submarino";1;;;;;;;;;;0;1;;;
13/05/2017;17:26:00;44;com vítima;6,8;BR-116/RJ;Sul;Choque - Defensa, barreira ou "submarino";1;;;;;;;;;;0;1;;;
13/05/2017;19:21:00;49;com vítima;106,85;BR-116/RJ;Sul;Atropelamento - Pessoa;1;;;;;;;;;;1;;;1;
14/05/2017;02:17:00;5;com vítima;141,5;BR-116/RJ;Sul;Choque - Defensa, barreira ou "submarino";1;;;;;;;;;;0;;1;;
14/05/2017;06:00:00;12;sem vítima;107,1;BR-116/RJ;Norte;Saida de Pista;1;;;;;;;;;;1;;;;
14/05/2017;13:43:00;39;com vítima;114,8;BR-116/RJ;Sul;Colisão Traseira;2;;;;;;;;;;0;6;;;
14/05/2017;18:43:00;60;sem vítima;39,2;BR-116/RJ;Sul;Saida de Pista;1;;;;;;;;;;1;;;;
14/05/2017;23:51:00;76;com vítima;136,5;BR-116/RJ;Sul;Colisão Traseira;2;;;;;;;;;;2;1;;;
16/05/2017;03:42:00;5;sem vítima;23,3;BR-116/RJ;Sul;Atropelamento de Animal;;;;;1;;;;;;39;;;;
16/05/2017;06:44:00;9;com vítima;129,6;BR-116/RJ;Sul;Colisão Lateral;;1;;;1;;;;;;1;;1;;
16/05/2017;07:42:00;13;com vítima;73,5;BR-116/RJ;Sul;Colisão Transversal;1;;;1;;;;;;;0;1;;1;
16/05/2017;18:19:00;53;com vítima;80;BR-116/RJ;Norte;Engavetamento;2;;1;;;;;;;;2;;1;;
16/05/2017;20:26:00;57;com vítima;46,85;BR-116/RJ;Sul;Tombamento;;;1;;;;;;;;0;;1;;
17/05/2017;19:36:00;55;com vítima;86,5;BR-116/RJ;Sul;Choque - Defensa, barreira ou "submarino";1;;;;;;;;;;0;;1;;
18/05/2017;12:23:00;22;sem vítima;139;BR-116/RJ;Sul;Choque - Defensa, barreira ou "submarino";1;;;;;;;;;;1;;;;
19/05/2017;04:37:00;3;sem vítima;144;BR-116/RJ;Norte;Choque - Defensa, barreira ou "submarino";1;;;;;;;;;;1;;;;
19/05/2017;06:40:00;7;com vítima;33,6;BR-116/RJ;Sul;Capotamento;1;;;;;;;;;;0;1;;;
19/05/2017;06:50:00;8;com vítima;26,5;BR-116/RJ;Sul;Capotamento;1;;;;;;;;;;0;1;;;
19/05/2017;16:45:00;41;sem vítima;114,7;BR-116/RJ;Sul;Colisão Frontal;;;1;;1;;;;;;2;;;;
19/05/2017;17:15:00;43;sem vítima;63,9;BR-116/RJ;Sul;Choque - Outros;1;;;;;;;;;;1;;;;
19/05/2017;21:55:00;63;sem vítima;53,25;BR-116/RJ;Sul;Saida de Pista;1;;;;;;;;;;1;;;;
20/05/2017;07:50:00;8;com vítima;126;BR-116/RJ;Norte;Engavetamento;2;;7;;;;;;;;8;1;1;;
21/05/2017;03:26:00;13;com vítima;139,6;BR-116/RJ;Norte;Choque - Defensa, barreira ou "submarino";1;;;;;;;;;;0;3;1;;
21/05/2017;08:00:00;23;com vítima;129,5;BR-116/RJ;Sul;Saida de Pista;1;;;;;;;;;;0;2;;;
21/05/2017;09:04:00;25;com vítima;26,7;BR-116/RJ;Norte;Saida de Pista;1;;;;;;;;;;0;3;;;
21/05/2017;10:43:00;30;com vítima;65,8;BR-116/RJ;Norte;Colisão Lateral;1;;;1;;;;;;;0;3;1;;
21/05/2017;12:12:00;34;com vítima;13,05;BR-116/RJ;Sul;Choque - Defensa, barreira ou "submarino";1;;;;;;;;;;0;2;;;
21/05/2017;14:35:00;39;com vítima;93,1;BR-116/RJ;Sul;Colisão Lateral;2;;;;;;;;;;2;1;;;
21/05/2017;19:23:00;71;com vítima;104,2;BR-116/RJ;Sul;Colisão Transversal;1;;;1;;;;;;;3;;1;;
22/05/2017;08:55:00;5;sem vítima;96,15;BR-116/RJ;Sul;Saida de Pista;1;;;;;;;;;;1;;;;
22/05/2017;11:35:00;11;sem vítima;85,8;BR-116/RJ;Sul;Saida de Pista;1;;;;;;;;;;1;;;;
22/05/2017;19:22:00;25;sem vítima;131,95;BR-116/RJ;Norte;Colisão Traseira;2;;;;;;;;;;2;;;;
23/05/2017;17:57:00;45;com vítima;77,5;BR-116/RJ;Norte;Colisão Lateral;2;;;;;;;;;;2;1;1;;
23/05/2017;18:54:00;47;sem vítima;110,3;BR-116/RJ;Norte;Choque - Elemento de Drenagem;1;;;;;;;;;;1;;;;
23/05/2017;22:15:00;51;sem vítima;46,8;BR-116/RJ;Sul;Choque - Defensa, barreira ou "submarino";1;;;;;;;;;;1;;;;
24/05/2017;05:36:00;10;sem vítima;133,5;BR-116/RJ;Sul;Colisão Traseira;2;;;;;;;;;;2;;;;
24/05/2017;08:27:00;18;com vítima;140;BR-116/RJ;Sul;Colisão Lateral;1;;;1;;;;;;;1;;1;;
24/05/2017;09:50:00;23;com vítima;78,6;BR-116/RJ;Sul;Colisão Transversal;1;;;1;;;;;;;1;1;;;
24/05/2017;15:27:00;36;com vítima;53,85;BR-116/RJ;Norte;Tombamento;;;1;;;;;;;;0;1;;;
25/05/2017;00:20:00;2;com vítima;38,8;BR-116/RJ;Sul;Queda de Moto;1;;;;;;;;;;0;;1;;
25/05/2017;07:35:00;9;sem vítima;64;BR-116/RJ;Sul;Choque - Defensa, barreira ou "submarino";1;;;;;;;;;;1;;;;
25/05/2017;11:24:00;19;com vítima;144;BR-116/RJ;Sul;Colisão Lateral;1;;;1;;;;;;;1;1;;;
25/05/2017;21:50:00;57;sem vítima;101,2;BR-116/RJ;Norte;Colisão Transversal;1;1;;;;;;;;;10;;;;
25/05/2017;22:14:00;58;com vítima;141,4;BR-116/RJ;Norte;Saida de Pista;1;;;;;;;;;;0;;1;;
26/05/2017;07:52:00;8;com vítima;137,5;BR-116/RJ;Sul;Colisão Traseira;1;;;1;1;;;;;;2;1;;;
26/05/2017;11:13:00;20;sem vítima;34,2;BR-116/RJ;Sul;Choque - Defensa, barreira ou "submarino";1;;;;;;;;;;1;;;;
26/05/2017;15:47:00;31;com vítima;38,5;BR-116/RJ;Sul;Colisão Transversal;1;;;1;;;;;;;1;1;;;
26/05/2017;15:50:00;33;com vítima;83,05;BR-116/RJ;Norte;Colisão Transversal;;;1;1;;;;;;;0;1;;;1
26/05/2017;20:06:00;46;com vítima;77;BR-116/RJ;Sul;Queda de Moto;;;;1;;;;;;;0;;1;;
27/05/2017;15:00:00;37;com vítima;114,4;BR-116/RJ;Sul;Colisão Frontal;2;;;;;;;;;;0;3;;;
27/05/2017;17:49:00;48;com vítima;65,8;BR-116/RJ;Norte;Colisão Transversal;2;;;;;;;;;;0;3;;;
27/05/2017;21:24:00;54;sem vítima;136,7;BR-116/RJ;Norte;Atropelamento de Cachorro;1;;;;;;;;;;1;;;;
27/05/2017;21:51:00;55;com vítima;39;BR-116/RJ;Norte;Queda de Moto;;;;1;;;;;;;0;;1;;
28/05/2017;12:15:00;14;com vítima;93,95;BR-116/RJ;Sul;Choque - Defensa, barreira ou "submarino";;;1;;;;;;;;0;1;;;1
28/05/2017;20:05:00;36;com vítima;53,2;BR-116/RJ;Sul;Capotamento;1;;;;;;;;;;4;1;;;
29/05/2017;03:51:00;4;sem vítima;116;BR-116/RJ;Norte;Choque - Defensa, barreira ou "submarino";1;;;;;;;;;;2;;;;
29/05/2017;15:38:00;46;com vítima;92,2;BR-116/RJ;Norte;Tombamento;;;1;;;;;;;;0;2;;;
30/05/2017;12:33:00;13;sem vítima;123,35;BR-116/RJ;Sul;Choque - Defensa, barreira ou "submarino";;;1;;;;;;;;1;;;;
30/05/2017;21:50:00;38;sem vítima;137,6;BR-116/RJ;Sul;Colisão Traseira;2;;;;;;;;;;2;;;;
30/05/2017;22:46:00;40;sem vítima;95,05;BR-116/RJ;Norte;Choque - Defensa, barreira ou "submarino";1;;;;;;;;;;1;;;;
31/05/2017;07:05:00;4;sem vítima;94,1;BR-116/RJ;Sul;Colisão Traseira;2;;1;;;;;;;;3;;;;
31/05/2017;09:12:00;10;com vítima;85,4;BR-116/RJ;Sul;Choque - Elemento de Drenagem;1;;;;;;;;;;0;;1;;
31/05/2017;15:43:00;24;sem vítima;94,8;BR-116/RJ;Norte;Saida de Pista;1;;;;;;;;;;1;;;;
31/05/2017;16:54:00;26;sem vítima;125,8;BR-116/RJ;Sul;Colisão Lateral;;;2;;;;;;;;2;;;;
01/06/2017;07:42:00;6;sem vítima;132,5;BR-116/RJ;Sul;Choque - Defensa, barreira ou "submarino";1;;;;;;;;;;1;;;;
01/06/2017;21:50:00;59;com vítima;144;BR-116/RJ;Sul;Tombamento;;;1;;;;;;;;0;3;;;
02/06/2017;06:27:00;8;com vítima;43,8;BR-116/RJ;Norte;Saida de Pista;1;;;;;;;;;;0;2;;;
02/06/2017;21:01:00;66;com vítima;75,9;BR-116/RJ;Norte;Colisão Transversal;2;;;;;;;;;;2;1;;;
02/06/2017;23:20:00;69;com vítima;80,3;BR-116/RJ;Sul;Colisão Transversal;1;;1;;;;;;;;2;2;;;
02/06/2017;14:46:00;34;com vítima;86,15;BR-116/RJ;Sul;Choque - Defensa, barreira ou "submarino";1;;;;;;;;;;0;2;;;
02/06/2017;16:41:00;46;com vítima;104;BR-116/RJ;Sul;Colisão Lateral;1;;;1;;;;;;;1;;1;;
02/06/2017;09:08:00;19;sem vítima;139,95;BR-116/RJ;Sul;Colisão Traseira;2;;;;;;;;;;2;;;;
03/06/2017;05:09:00;6;com vítima;49;BR-116/RJ;Norte;Queda de Moto;;;;1;;;;;;;0;1;;;
03/06/2017;23:26:00;60;sem vítima;108,4;BR-116/RJ;Sul;Colisão Lateral;;;1;;1;;;;;;3;;;;
03/06/2017;16:07:00;33;com vítima;127,1;BR-116/RJ;Sul;Colisão Frontal;2;;;;;;;;;;0;5;;;
03/06/2017;14:28:00;28;com vítima;138,9;BR-116/RJ;Norte;Queda de Moto;;;;1;;;;;;;0;;2;;
03/06/2017;18:30:00;44;com vítima;139,95;BR-116/RJ;Sul;Engavetamento;6;;;;;1;;;;;14;1;;;
04/06/2017;07:20:00;11;sem vítima;6,35;BR-116/RJ;Sul;Colisão Traseira;2;;;;;;;;;;2;;;;
04/06/2017;02:15:00;5;com vítima;42;BR-116/RJ;Norte;Queda de Moto;;;;1;;;;;;;0;1;;;
04/06/2017;15:18:00;24;sem vítima;104,4;BR-116/RJ;Norte;Colisão Transversal;1;;1;;;;;;;;2;;;;
04/06/2017;06:00:00;9;com vítima;106;BR-116/RJ;Sul;Saida de Pista;1;;;;;;;;;;0;1;1;;
04/06/2017;04:08:00;7;sem vítima;130,4;BR-116/RJ;Sul;Colisão Traseira;2;;;;;;;;;;2;;;;
04/06/2017;17:49:00;32;sem vítima;131,2;BR-116/RJ;Sul;Colisão Lateral;1;;1;;;;;;;;2;;;;
05/06/2017;13:40:00;33;sem vítima;93,2;BR-116/RJ;Sul;Choque - Defensa, barreira ou "submarino";;;1;;;;;;;;1;;;;
05/06/2017;07:24:00;13;com vítima;101,7;BR-116/RJ;Sul;Choque - Defensa, barreira ou "submarino";1;;;;;;;;;;0;1;;;
06/06/2017;00:10:00;1;sem vítima;73,6;BR-116/RJ;Norte;Choque - Defensa, barreira ou "submarino";1;;;;;;;;;;1;;;;
06/06/2017;02:07:00;2;com vítima;79,95;BR-116/RJ;Sul;Atropelamento - Pessoa;1;;;;;;;;;;1;;;1;
06/06/2017;15:50:00;20;sem vítima;95,95;BR-116/RJ;Sul;Choque - Defensa, barreira ou "submarino";1;;;;;;;;;;1;;;;
06/06/2017;23:10:00;39;com vítima;143,8;BR-116/RJ;Sul;Colisão Traseira;;;;1;1;;;;;;1;1;;;
06/06/2017;15:25:00;18;sem vítima;144;BR-116/RJ;Sul;Choque - Defensa, barreira ou "submarino";1;;;;;;;;;;1;;;;
07/06/2017;03:35:00;1;sem vítima;131,9;BR-116/RJ;Sul;Saida de Pista;1;;;;;;;;;;2;;;;
08/06/2017;11:28:00;11;com vítima;120,8;BR-116/RJ;Sul;Queda de Moto;;;;1;;;;;;;0;;1;;
09/06/2017;21:39:00;60;com vítima;40,6;BR-116/RJ;Sul;Colisão Transversal;1;;;1;;;;;;;1;;1;;
09/06/2017;06:30:00;14;com vítima;132,6;BR-116/RJ;Sul;Choque - Defensa, barreira ou "submarino";1;;;;;;;;;;0;1;1;;
10/06/2017;06:22:00;10;com vítima;14,2;BR-116/RJ;Norte;Choque - Defensa, barreira ou "submarino";1;;;;;;;;;;0;;2;2;
10/06/2017;07:20:00;12;sem vítima;106,7;BR-116/RJ;Sul;Saida de Pista;1;;;;;;;;;;1;;;;
10/06/2017;14:31:00;34;com vítima;106,7;BR-116/RJ;Sul;Colisão Lateral;1;;;;;1;;;;;1;2;;;
11/06/2017;23:10:00;61;com vítima;66,25;BR-116/RJ;Sul;Colisão Frontal;2;;;;;;;;;;0;1;7;2;
12/06/2017;01:10:00;5;sem vítima;12;BR-116/RJ;Sul;Atropelamento de Animal;;;1;;;;;;;;1;;;;
12/06/2017;17:29:00;35;com vítima;77,5;BR-116/RJ;Sul;Colisão Transversal;3;;;;;;;;;;2;1;;;
12/06/2017;14:08:00;28;sem vítima;102,9;BR-116/RJ;Sul;Choque - Defensa, barreira ou "submarino";1;;;;;;;;;;1;;;;
13/06/2017;22:38:00;43;sem vítima;85,8;BR-116/RJ;Sul;Saida de Pista;;;1;;;;;;;;1;;;;
13/06/2017;23:11:00;46;sem vítima;90,5;BR-116/RJ;Norte;Saida de Pista;;;1;;;;;;;;1;;;;
13/06/2017;23:19:00;47;com vítima;140,2;BR-116/RJ;Sul;Choque - Defensa, barreira ou "submarino";1;;1;;;;;;;;1;;1;;
13/06/2017;22:38:00;44;sem vítima;140,7;BR-116/RJ;Norte;Choque - Defensa, barreira ou "submarino";1;;;;;;;;;;1;;;;
13/06/2017;09:33:00;10;com vítima;142,7;BR-116/RJ;Sul;Choque - Defensa, barreira ou "submarino";1;;;;;;;;;;0;;1;;
14/06/2017;06:55:00;9;sem vítima;26,4;BR-116/RJ;Norte;Choque - Defensa, barreira ou "submarino";1;;;;;;;;;;1;;;;
14/06/2017;03:34:00;7;com vítima;26,6;BR-116/RJ;Sul;Saida de Pista;1;;;;;;;;;;0;1;;;
14/06/2017;06:25:00;10;com vítima;27,6;BR-116/RJ;Sul;Saida de Pista;1;;;;;;;;;;0;1;;;
14/06/2017;14:50:00;37;com vítima;40,5;BR-116/RJ;Sul;Colisão Transversal;;;;1;;;;;;1;1;1;;;
14/06/2017;07:51:00;14;com vítima;59,8;BR-116/RJ;Sul;Saida de Pista;1;;;;;;;;;;0;;1;;
14/06/2017;19:11:00;54;com vítima;79,6;BR-116/RJ;Sul;Colisão Traseira;1;;;1;;;;;;;4;1;;;
14/06/2017;21:18:00;61;com vítima;92,4;BR-116/RJ;Sul;Queda de Moto;;;;1;;;;;;;0;1;;;
15/06/2017;17:28:00;31;com vítima;54,05;BR-116/RJ;Norte;Choque - Defensa, barreira ou "submarino";;;;1;;;;;;;0;;;;1
15/06/2017;19:12:00;37;com vítima;76,3;BR-116/RJ;Norte;Atropelamento - Pessoa;1;;;;;;;;;;1;;;1;
15/06/2017;07:50:00;11;sem vítima;88,95;BR-116/RJ;Norte;Choque - Defensa, barreira ou "submarino";1;;;;;;;;;;1;;;;
15/06/2017;18:27:00;36;sem vítima;139,9;BR-116/RJ;Norte;Choque - Defensa, barreira ou "submarino";1;;;;;;;;;;1;;;;
15/06/2017;06:43:00;9;sem vítima;143,6;BR-116/RJ;Norte;Choque - Defensa, barreira ou "submarino";1;;;;;;;;;;1;;;;
16/06/2017;13:45:00;24;com vítima;74,3;BR-116/RJ;Sul;Saida de Pista;1;;;;;;;;;;0;1;;;
17/06/2017;14:04:00;32;com vítima;30,1;BR-116/RJ;Norte;Queda de Moto;;;;1;;;;;;;0;1;;;
18/06/2017;09:00:00;14;com vítima;40,5;BR-116/RJ;Sul;Queda de Moto;;;;1;;;;;;;0;1;;;
18/06/2017;02:19:00;5;com vítima;75,4;BR-116/RJ;Sul;Atropelamento - Pessoa;;;1;;;;;;;;1;;1;;
18/06/2017;06:35:00;10;sem vítima;85,7;BR-116/RJ;Sul;Colisão Lateral;1;;1;;;;;;;;5;;;;
18/06/2017;10:37:00;21;sem vítima;133,5;BR-116/RJ;Norte;Colisão Traseira;1;;1;;;;;;;;2;;;;
19/06/2017;09:06:00;17;sem vítima;137,3;BR-116/RJ;Norte;Atropelamento de Cachorro;1;;;;;;;;;;1;;;;
19/06/2017;22:30:00;56;com vítima;138,5;BR-116/RJ;Sul;Saida de Pista;1;;;;;;;;;;0;;1;;
19/06/2017;20:40:00;54;com vítima;142,5;BR-116/RJ;Norte;Colisão Frontal;1;;;1;;;;;;;1;;1;;
21/06/2017;08:09:00;10;com vítima;72,2;BR-116/RJ;Norte;Atropelamento de Cachorro;;;;1;;;;;;;0;1;;;
21/06/2017;11:55:00;21;com vítima;135,5;BR-116/RJ;Sul;Colisão Lateral;3;;;;;;;;;;2;1;;;
22/06/2017;17:36:00;28;com vítima;26,5;BR-116/RJ;Sul;Saida de Pista;1;;;;;;;;;;0;1;;;
22/06/2017;20:10:00;36;sem vítima;133,5;BR-116/RJ;Sul;Colisão Traseira;1;;;;1;;;;;;25;;;;
23/06/2017;19:47:00;35;com vítima;80,2;BR-116/RJ;Sul;Colisão Transversal;2;;;;;;;;;;2;1;;;
23/06/2017;21:40:00;39;sem vítima;81,6;BR-116/RJ;Sul;Queda de Moto;;;;1;;;;;;;1;;;;
23/06/2017;22:13:00;42;sem vítima;87,9;BR-116/RJ;Norte;Saida de Pista;1;;;;;;;;;;1;;;;
23/06/2017;03:45:00;2;com vítima;129,2;BR-116/RJ;Sul;Colisão Traseira;1;;1;;;;;;;;1;;;;4
24/06/2017;19:40:00;56;sem vítima;121,3;BR-116/RJ;Norte;Atropelamento de Cachorro;1;;;;;;;;;;1;;;;