data;horario;n_da_ocorrencia;tipo_de_ocorrencia;km;trecho;sentido;tipo_de_acidente;automovel;bicicleta;caminhao;moto;onibus;outros;tracao_animal;transporte_de_cargas_especiais;trator_maquinas;utilitarios;ilesos;levemente_feridos;moderadamente_feridos;gravemente_feridos;mortos
16/09/2017;08:58:00;17;com vítima;107;BR-116/RJ;Norte;Colisão Transversal;1;;;1;;;;;;;1;1;1;;
16/09/2017;17:51:00;43;com vítima;111,2;BR-116/RJ;Norte;Saida de Pista;1;;;;;;;;;;0;1;;;
17/09/2017;17:02:00;47;com vítima;70,9;BR-116/RJ;Norte;Atropelamento - Pessoa;;;1;;;;;;;;1;1;;;
17/09/2017;21:10:00;70;com vítima;76,55;BR-116/RJ;Norte;Colisão Frontal;1;;;1;;;;;;;1;1;;;
17/09/2017;23:08:00;78;sem vítima;108,3;BR-116/RJ;Norte;Atropelamento de Cachorro;1;;;;;;;;;;1;;;;
17/09/2017;02:42:00;5;com vítima;124,1;BR-116/RJ;Sul;Choque - Defensa, barreira ou "submarino";1;;;;;;;;;;0;;;1;
18/09/2017;06:18:00;7;com vítima;104,1;BR-116/RJ;Sul;Colisão Lateral;;;1;;1;;;;;;0;4;;;
18/09/2017;14:54:00;36;com vítima;127,98;BR-116/RJ;Sul;Choque - Defensa, barreira ou "submarino";1;;;;;;;;;;0;1;;;
19/09/2017;09:54:00;19;com vítima;45,4;BR-116/RJ;Sul;Choque - Defensa, barreira ou "submarino";;;;1;;;;;;;0;;1;;
19/09/2017;09:02:00;14;sem vítima;94;BR-116/RJ;Sul;Engavetamento;3;;;;;;;;;;3;;;;
20/09/2017;18:10:00;40;sem vítima;93,3;BR-116/RJ;Norte;Colisão Lateral;;;2;;;;;;;;2;;;;
20/09/2017;19:08:00;43;com vítima;143,1;BR-116/RJ;Sul;Colisão Lateral;2;;;;;;;;;;0;2;;;
21/09/2017;08:43:00;11;com vítima;12,8;BR-116/RJ;Norte;Choque - Defensa, barreira ou "submarino";1;;;;;;;;;;1;1;;;
21/09/2017;20:56:00;54;com vítima;80,1;BR-116/RJ;Norte;Colisão Lateral;1;;;1;;;;;;;1;1;;;
21/09/2017;13:30:00;24;sem vítima;93,2;BR-116/RJ;Sul;Colisão Lateral;1;;1;;;;;;;;2;;;;
21/09/2017;15:03:00;30;sem vítima;95,7;BR-116/RJ;Sul;Saida de Pista;;;1;;;;;;;;2;;;;
22/09/2017;07:38:00;11;com vítima;96,95;BR-116/RJ;Sul;Colisão Lateral;;;1;1;;;;;;;1;;1;;
22/09/2017;18:53:00;64;com vítima;123,1;BR-116/RJ;Norte;Colisão Traseira;2;;;;;;;;;;5;2;;;
23/09/2017;21:21:00;53;com vítima;76,4;BR-116/RJ;Sul;Colisão Frontal;1;;5;;;;;;;;0;1;;;1
24/09/2017;07:48:00;11;com vítima;135,4;BR-116/RJ;Norte;Colisão Traseira;2;;;;;;;;;;1;2;;;
25/09/2017;18:50:00;61;com vítima;32,4;BR-116/RJ;Sul;Capotamento;1;;;;;;;;;;0;;2;;
25/09/2017;20:13:00;64;com vítima;70,9;BR-116/RJ;Norte;Colisão Traseira;1;;1;;;;;;;;1;1;;;
25/09/2017;20:36:00;66;com vítima;73,15;BR-116/RJ;Norte;Colisão Frontal;1;;;1;;;;;;;0;1;;;1
25/09/2017;16:30:00;52;com vítima;100,6;BR-116/RJ;Sul;Saida de Pista;1;;;;;;;;;;0;1;;;
25/09/2017;15:15:00;46;com vítima;132,3;BR-116/RJ;Sul;Colisão Lateral;1;;;;1;;;;;;1;1;;;
26/09/2017;11:37:00;26;sem vítima;115,9;BR-116/RJ;Norte;Saida de Pista;1;;;;;;;;;;1;;;;
26/09/2017;10:00:00;18;com vítima;139,1;BR-116/RJ;Norte;Atropelamento - Pessoa;;;;1;;;;;;;0;1;1;;
27/09/2017;06:27:00;6;com vítima;12,1;BR-116/RJ;Sul;Colisão Lateral;1;;1;;;;;;;;0;;1;;1
27/09/2017;17:35:00;33;com vítima;95,05;BR-116/RJ;Norte;Colisão Frontal;;;1;1;;;;;;;1;;;;1
28/09/2017;05:25:00;5;sem vítima;5;BR-116/RJ;Sul;Colisão Traseira;;;2;;;;;;;;2;;;;
28/09/2017;06:40:00;8;sem vítima;96,8;BR-116/RJ;Norte;Saida de Pista;;;1;;;;;;;;1;;;;
28/09/2017;09:38:00;13;com vítima;123,9;BR-116/RJ;Norte;Choque - Defensa, barreira ou "submarino";1;;;;;;;;;;0;1;;;
28/09/2017;13:03:00;21;com vítima;141,15;BR-116/RJ;Norte;Colisão Traseira;1;;;1;;;;;;;1;1;;;
29/09/2017;07:28:00;7;com vítima;17,95;BR-116/RJ;Sul;Tombamento;;;1;;;;;;;;0;1;;;
29/09/2017;07:57:00;8;com vítima;98,9;BR-116/RJ;Norte;Queda de Moto;;;;1;;;;;;;0;1;;;
30/09/2017;11:45:00;29;com vítima;6,25;BR-116/RJ;Sul;Choque - Defensa, barreira ou "submarino";1;;;;;;;;;;0;1;;;
30/09/2017;20:03:00;68;com vítima;13,05;BR-116/RJ;Sul;Saida de Pista;1;;;;;;;;;;1;;1;;
30/09/2017;13:06:00;38;com vítima;18;BR-116/RJ;Sul;Choque - Defensa, barreira ou "submarino";1;;;;;;;;;;0;1;;;
30/09/2017;09:47:00;19;sem vítima;18,95;BR-116/RJ;Norte;Choque - Defensa, barreira ou "submarino";1;;;;;;;;;;1;;;;
30/09/2017;14:49:00;50;com vítima;24;BR-116/RJ;Norte;Colisão Frontal;2;;;;;;;;;;0;1;;1;
30/09/2017;12:24:00;34;com vítima;25,25;BR-116/RJ;Sul;Choque - Defensa, barreira ou "submarino";1;;;;;;;;;;0;1;;;
30/09/2017;16:36:00;58;com vítima;25,9;BR-116/RJ;Sul;Choque - Defensa, barreira ou "submarino";;;;;;;;;;1;0;1;;;
30/09/2017;16:17:00;57;sem vítima;53,1;BR-116/RJ;Norte;Saida de Pista;1;;;;;;;;;;1;;;;
30/09/2017;12:39:00;37;com vítima;72,05;BR-116/RJ;Sul;Saida de Pista;1;;;;;;;;;;0;1;;;
30/09/2017;16:50:00;59;sem vítima;74,5;BR-116/RJ;Norte;Colisão Traseira;2;;;;;;;;;;2;;;;
30/09/2017;17:58:00;65;sem vítima;74,8;BR-116/RJ;Norte;Choque - Defensa, barreira ou "submarino";1;;;;;;;;;;1;;;;
30/09/2017;17:29:00;63;sem vítima;86;BR-116/RJ;Sul;Saida de Pista;1;;;;;;;;;;1;;;;
30/09/2017;15:19:00;51;com vítima;87,9;BR-116/RJ;Norte;Saida de Pista;1;;;;;;;;;;0;1;;;
30/09/2017;22:02:00;72;sem vítima;87,9;BR-116/RJ;Norte;Saida de Pista;1;;;;;;;;;;1;;;;
30/09/2017;09:37:00;18;com vítima;88;BR-116/RJ;Norte;Choque - Defensa, barreira ou "submarino";1;;;;;;;;;;0;1;;;
30/09/2017;13:42:00;41;com vítima;94,95;BR-116/RJ;Sul;Saida de Pista;1;;;;;;;;;;0;1;;;
30/09/2017;13:47:00;44;com vítima;132,6;BR-116/RJ;Sul;Saida de Pista;1;;;;;;;;;;0;1;;;
30/09/2017;09:51:00;20;sem vítima;141,35;BR-116/RJ;Norte;Colisão Lateral;;;2;;;;;;;;2;;;;
01/10/2017;20:00:00;48;com vítima;112,5;BR-116/RJ;Norte;Choque - Defensa, barreira ou "submarino";1;;;;;;;;;;0;1;1;;
01/10/2017;05:35:00;5;sem vítima;143,6;BR-116/RJ;Sul;Choque - Defensa, barreira ou "submarino";1;;;;;1;;;;;2;;;;
02/10/2017;05:16:00;6;sem vítima;75;BR-116/RJ;Norte;Atropelamento de Cachorro;1;;;;;;;;;;1;;;;
02/10/2017;03:08:00;3;com vítima;107,3;BR-116/RJ;Norte;Saida de Pista;1;;;;;;;;;;0;1;1;;
02/10/2017;10:19:00;20;sem vítima;140,1;BR-116/RJ;Sul;Colisão Lateral;1;;;;1;;;;;;2;;;;
03/10/2017;09:30:00;13;sem vítima;24,1;BR-116/RJ;Norte;Saida de Pista;;;1;;;;;;;;1;;;;
03/10/2017;04:05:00;2;sem vítima;24,4;BR-116/RJ;Sul;Choque - Suporte de Sinalização;1;;;;;;;;;;3;;;;
03/10/2017;11:38:00;19;sem vítima;35,1;BR-116/RJ;Norte;Colisão Transversal;2;;;;;;;;;;2;;;;
03/10/2017;07:11:00;6;com vítima;87,95;BR-116/RJ;Norte;Saida de Pista;1;;;;;;;;;;0;1;;;
03/10/2017;19:25:00;46;sem vítima;89,3;BR-116/RJ;Norte;Saida de Pista;1;;;;;;;;;;1;;;;
03/10/2017;21:26:00;51;sem vítima;123,7;BR-116/RJ;Norte;Choque - Defensa, barreira ou "submarino";1;;;;;;;;;;1;;;;
03/10/2017;05:30:00;3;com vítima;133,5;BR-116/RJ;Sul;Colisão Traseira;;;1;;1;;;;;;2;6;;;
03/10/2017;12:07:00;21;com vítima;138,9;BR-116/RJ;Sul;Choque - Defensa, barreira ou "submarino";1;;;;;;;;;;0;1;;;
03/10/2017;12:44:00;25;com vítima;139,9;BR-116/RJ;Sul;Choque - Defensa, barreira ou "submarino";1;;;;;;;;;;0;1;;;
04/10/2017;10:24:00;17;sem vítima;32,5;BR-116/RJ;Norte;Saida de Pista;1;;;;;;;;;;1;;;;
04/10/2017;15:19:00;35;com vítima;32,5;BR-116/RJ;Sul;Saida de Pista;1;;;;;;;;;;0;1;;;
04/10/2017;12:00:00;24;com vítima;63,5;BR-116/RJ;Sul;Saida de Pista;1;;;;;;;;;;0;1;;;
04/10/2017;20:49:00;56;sem vítima;122,5;BR-116/RJ;Sul;Colisão Lateral;1;;1;;;;;;;;3;;;;
04/10/2017;18:47:00;50;com vítima;130,4;BR-116/RJ;Sul;Saida de Pista;1;;;;;;;;;;0;;;1;
05/10/2017;15:29:00;36;com vítima;13,1;BR-116/RJ;Norte;Tombamento;;;1;;;;;;;;0;2;;;
07/10/2017;07:20:00;14;com vítima;78,1;BR-116/RJ;Norte;Saida de Pista;1;;;;;;;;;;0;2;;;
07/10/2017;10:00:00;22;sem vítima;93,9;BR-116/RJ;Norte;Colisão Traseira;2;;;;;;;;;;2;;;;
07/10/2017;14:32:00;32;com vítima;119,95;BR-116/RJ;Sul;Choque - Defensa, barreira ou "submarino";1;;;;;;;;;;0;4;;;
08/10/2017;21:20:00;51;com vítima;101,3;BR-116/RJ;Sul;Queda de Moto;;;;1;;;;;;;0;;1;;
09/10/2017;02:07:00;4;com vítima;94,4;BR-116/RJ;Norte;Tombamento;;;1;;;;;;;;0;1;;;
09/10/2017;13:03:00;35;com vítima;127,1;BR-116/RJ;Sul;Colisão Traseira;;;1;;;;;;1;;1;1;;;
09/10/2017;16:15:00;44;sem vítima;136,9;BR-116/RJ;Sul;Choque - Defensa, barreira ou "submarino";1;;;;;;;;;;1;;;;
09/10/2017;19:14:00;54;sem vítima;143,6;BR-116/RJ;Sul;Choque - Defensa, barreira ou "submarino";1;;;;;;;;;;1;;;;
11/10/2017;04:14:00;2;sem vítima;9,9;BR-116/RJ;Sul;Atropelamento de Animal;;;1;;;;;;;;1;;;;
11/10/2017;13:29:00;30;com vítima;65,7;BR-116/RJ;Sul;Colisão Traseira;2;;;;;;;;;;1;2;;;
11/10/2017;18:32:00;62;com vítima;79,4;BR-116/RJ;Sul;Atropelamento - Pessoa;;;;1;;;;;;;0;;2;1;
12/10/2017;08:35:00;17;sem vítima;29,7;BR-116/RJ;Norte;Colisão Traseira;1;;;;;;;;;;1;;;;
12/10/2017;06:50:00;14;sem vítima;117,4;BR-116/RJ;Norte;Atropelamento de Cachorro;1;;;;;;;;;;1;;;;
12/10/2017;10:22:00;32;com vítima;135,6;BR-116/RJ;Sul;Colisão Lateral;1;;;1;;;;;;;0;1;1;;
12/10/2017;08:45:00;19;sem vítima;135,9;BR-116/RJ;Norte;Colisão Traseira;2;;;;;;;;;;2;;;;
13/10/2017;10:56:00;19;com vítima;32,4;BR-116/RJ;Norte;Choque - Defensa, barreira ou "submarino";;;;2;;;;;;;0;2;;;
13/10/2017;16:45:00;42;com vítima;37,5;BR-116/RJ;Sul;Queda de Moto;;;;1;;;;;;;0;;1;;
13/10/2017;18:12:00;50;com vítima;92,5;BR-116/RJ;Norte;Colisão Lateral;;;;1;;1;;;;;1;;1;;
13/10/2017;06:00:00;5;com vítima;115,9;BR-116/RJ;Norte;Saida de Pista;1;;;;;;;;;;0;;;1;
14/10/2017;18:24:00;53;com vítima;96,9;BR-116/RJ;Norte;Colisão Lateral;2;;;;;;;;;;0;2;;;
14/10/2017;15:14:00;40;com vítima;104,3;BR-116/RJ;Norte;Colisão Transversal;1;;;;;;;;;1;0;3;2;3;
14/10/2017;10:26:00;19;sem vítima;126,4;BR-116/RJ;Norte;Saida de Pista;1;;;;;;;;;;1;;;;
15/10/2017;22:59:00;74;com vítima;80,2;BR-116/RJ;Norte;Capotamento;1;;;;;;;;;;0;;2;1;
15/10/2017;18:50:00;56;com vítima;87,5;BR-116/RJ;Norte;Saida de Pista;1;;;;;;;;;;0;;1;;
15/10/2017;10:03:00;14;sem vítima;87,95;BR-116/RJ;Norte;Choque - Defensa, barreira ou "submarino";1;;;;;;;;;;1;;;;
15/10/2017;09:26:00;11;sem vítima;91,5;BR-116/RJ;Sul;Choque - Defensa, barreira ou "submarino";1;;;;;;;;;;1;;;;
15/10/2017;15:34:00;37;com vítima;95,95;BR-116/RJ;Norte;Choque - Defensa, barreira ou "submarino";1;;;;;;;;;;0;1;1;;
15/10/2017;18:18:00;51;sem vítima;114,4;BR-116/RJ;Norte;Saida de Pista;1;;;;;;;;;;1;;;;
15/10/2017;08:59:00;8;sem vítima;123,6;BR-116/RJ;Norte;Choque - Defensa, barreira ou "submarino";1;;;;;;;;;;1;;;;
15/10/2017;03:55:00;5;com vítima;127;BR-116/RJ;Sul;Capotamento;1;;;;;;;;;;0;1;;;
15/10/2017;13:27:00;29;sem vítima;142,7;BR-116/RJ;Sul;Colisão Traseira;1;;;;;1;;;;;2;;;;
16/10/2017;06:15:00;9;sem vítima;98;BR-116/RJ;Norte;Choque - Suporte de Sinalização;1;;;;;;;;;;1;;;;
16/10/2017;08:38:00;16;com vítima;143,6;BR-116/RJ;Sul;Colisão Traseira;1;;;1;;;;;;;1;1;;;
17/10/2017;17:38:00;34;sem vítima;127,1;BR-116/RJ;Norte;Colisão Traseira;1;;;;;;;;;1;2;;;;
17/10/2017;17:06:00;32;com vítima;130,3;BR-116/RJ;Sul;Queda de Moto;;;;1;;;;;;;0;;2;;
17/10/2017;04:50:00;5;com vítima;138,2;BR-116/RJ;Sul;Colisão Traseira;1;;;;1;;;;;;2;;1;;
18/10/2017;07:44:00;7;com vítima;29,2;BR-116/RJ;Norte;Tombamento;;;1;;;;;;;;0;1;;;
18/10/2017;09:42:00;14;com vítima;76,8;BR-116/RJ;Norte;Queda de Moto;;;;1;;;;;;;0;1;;;
18/10/2017;19:41:00;45;com vítima;78;BR-116/RJ;Norte;Atropelamento - Pessoa;;;;;;1;;;;;1;;1;;
18/10/2017;23:02:00;59;com vítima;142,15;BR-116/RJ;Norte;Choque - Defensa, barreira ou "submarino";1;;;;;;;;;;0;1;;;
19/10/2017;12:16:00;18;sem vítima;76,5;BR-116/RJ;Sul;Colisão Transversal;2;;;;;;;;;;2;;;;
19/10/2017;13:04:00;21;com vítima;137,8;BR-116/RJ;Norte;Saida de Pista;;;1;;;;;;;;0;;1;;
20/10/2017;22:18:00;73;com vítima;77,36;BR-116/RJ;Sul;Atropelamento - Pessoa;;;;1;;;;;;;0;1;1;;
20/10/2017;20:00:00;61;com vítima;79,95;BR-116/RJ;Sul;Engavetamento;3;;;;;;;;;;1;2;;;
20/10/2017;04:40:00;2;com vítima;137,8;BR-116/RJ;Sul;Colisão Lateral;1;;;;1;;;;;;1;1;;;
20/10/2017;14:00:00;30;sem vítima;141,9;BR-116/RJ;Norte;Colisão Lateral;2;;;;;;;;;;2;;;;
21/10/2017;20:07:00;58;com vítima;107,7;BR-116/RJ;Norte;Colisão Frontal;1;;;1;;;;;;;2;1;;;
22/10/2017;20:36:00;55;sem vítima;13,05;BR-116/RJ;Sul;Saida de Pista;1;;;;;;;;;;1;;;;
22/10/2017;11:28:00;16;com vítima;33,9;BR-116/RJ;Norte;Saida de Pista;1;;;;;;;;;;0;1;;;
22/10/2017;23:30:00;59;com vítima;61,8;BR-116/RJ;Norte;Colisão Traseira;1;;;1;;;;;;;1;;1;;
22/10/2017;11:42:00;17;com vítima;127,3;BR-116/RJ;Sul;Choque - Suporte de Sinalização;1;;;;;;;;;;0;1;;;
22/10/2017;00:00:00;1;com vítima;130,2;BR-116/RJ;Sul;Queda de Moto;;;;1;;;;;;;0;1;;;
22/10/2017;19:11:00;50;com vítima;141,4;BR-116/RJ;Norte;Colisão Lateral;2;;;;;;;;;;2;1;;;
22/10/2017;17:18:00;38;com vítima;143,7;BR-116/RJ;Sul;Engavetamento;3;;;;;;;;;;6;4;;;
23/10/2017;07:53:00;16;sem vítima;53,1;BR-116/RJ;Norte;Choque - Defensa, barreira ou "submarino";1;;;;;;;;;;1;;;;
23/10/2017;06:40:00;9;sem vítima;53,2;BR-116/RJ;Sul;Choque - Defensa, barreira ou "submarino";1;;;;;;;;;;1;;;;
23/10/2017;08:56:00;19;sem vítima;80,5;BR-116/RJ;Norte;Colisão Lateral;1;;;;;;;;;;1;;;;
23/10/2017;07:27:00;13;sem vítima;85,6;BR-116/RJ;Norte;Saida de Pista;1;;;;;;;;;;1;;;;
23/10/2017;06:35:00;7;sem vítima;86,1;BR-116/RJ;Norte;Saida de Pista;1;;;;;;;;;;1;;;;
23/10/2017;10:45:00;24;sem vítima;99;BR-116/RJ;Sul;Saida de Pista;1;;;;;;;;;;1;;;;
23/10/2017;05:56:00;6;com vítima;117,3;BR-116/RJ;Sul;Saida de Pista;1;;;;;;;;;;0;;;1;
23/10/2017;08:59:00;20;sem vítima;128,05;BR-116/RJ;Sul;Colisão Lateral;1;;;1;;;;;;;2;;;;
23/10/2017;23:20:00;55;com vítima;134,3;BR-116/RJ;Norte;Colisão Traseira;2;;;;;;;;;;1;1;;;
24/10/2017;14:12:00;26;com vítima;43,5;BR-116/RJ;Sul;Saida de Pista;1;;;;;;;;;;0;1;;;
25/10/2017;15:58:00;26;com vítima;103,7;BR-116/RJ;Norte;Colisão Lateral;2;;;;;;;;;;0;2;;;
26/10/2017;08:00:00;13;com vítima;41,3;BR-116/RJ;Sul;Queda de Moto;;;;1;;;;;;;0;1;;;
26/10/2017;18:04:00;49;sem vítima;80,3;BR-116/RJ;Norte;Colisão Lateral;1;;;;1;;;;;;2;;;;
27/10/2017;19:33:00;56;sem vítima;101,3;BR-116/RJ;Sul;Colisão Traseira;2;;;;;;;;;;2;;;;
27/10/2017;20:05:00;60;com vítima;104,95;BR-116/RJ;Sul;Choque - Defensa, barreira ou "submarino";1;;;;;;;;;;0;1;;;
27/10/2017;15:13:00;31;sem vítima;107;BR-116/RJ;Sul;Colisão Traseira;2;;;;;;;;;;2;;;;
27/10/2017;23:43:00;71;com vítima;107,2;BR-116/RJ;Norte;Queda de Moto;;;;1;;;;;;;0;1;1;;
27/10/2017;21:30:00;65;com vítima;122,4;BR-116/RJ;Sul;Colisão Lateral;;;1;1;;;;;;;1;;1;;
27/10/2017;08:04:00;7;sem vítima;129,65;BR-116/RJ;Sul;Colisão Traseira;1;;1;;;;;;;;2;;;;
27/10/2017;14:25:00;28;sem vítima;131,5;BR-116/RJ;Norte;Capotamento;1;;;;;;;;;;1;;;;
27/10/2017;03:50:00;2;sem vítima;133,5;BR-116/RJ;Norte;Queda de Moto;;;;1;;;;;;;1;;;;
28/10/2017;23:58:00;70;com vítima;87,3;BR-116/RJ;Norte;Choque - Defensa, barreira ou "submarino";1;;;;;;;;;;0;2;;;
28/10/2017;11:35:00;24;com vítima;124,9;BR-116/RJ;Sul;Engavetamento;3;;;;;;;;;;2;1;;;
28/10/2017;19:24:00;52;com vítima;127,5;BR-116/RJ;Sul;Choque - Defensa, barreira ou "submarino";1;;;;;;;;;;0;1;1;;
28/10/2017;22:22:00;61;sem vítima;136;BR-116/RJ;Sul;Colisão Traseira;2;;;;;;;;;;2;;;;
28/10/2017;21:39:00;60;com vítima;138,2;BR-116/RJ;Norte;Colisão Lateral;2;;;;1;;;;;;1;3;;;
29/10/2017;22:01:00;77;sem vítima;19,2;BR-116/RJ;Norte;Saida de Pista;1;;;;;;;;;;1;;;;
29/10/2017;20:26:00;69;com vítima;87,3;BR-116/RJ;Norte;Choque - Defensa, barreira ou "submarino";1;;;;;;;;;;0;2;1;;
29/10/2017;05:14:00;11;sem vítima;106,2;BR-116/RJ;Sul;Atropelamento de Cachorro;1;;;;;;;;;;1;;;;
29/10/2017;00:25:00;1;sem vítima;116,1;BR-116/RJ;Sul;Choque - Defensa, barreira ou "submarino";1;;;;;;;;;;1;;;;
29/10/2017;05:38:00;12;sem vítima;125,5;BR-116/RJ;Sul;Saida de Pista;1;;;;;;;;;;1;;;;
29/10/2017;10:34:00;26;sem vítima;137,45;BR-116/RJ;Sul;Colisão Lateral;1;;1;;;;;;;;2;;;;
29/10/2017;03:57:00;10;sem vítima;144;BR-116/RJ;Sul;Choque - Defensa, barreira ou "submarino";1;;;;;;;;;;1;;;;
30/10/2017;09:26:00;14;com vítima;19,1;BR-116/RJ;Norte;Saida de Pista;1;;;;;;;;;;0;2;;;
30/10/2017;06:40:00;9;com vítima;53,4;BR-116/RJ;Norte;Saida de Pista;1;;;;;;;;;;1;1;;;
30/10/2017;00:03:00;1;com vítima;69,2;BR-116/RJ;Norte;Queda de Moto;;;;1;;;;;;;0;;1;;
30/10/2017;19:04:00;44;com vítima;111,3;BR-116/RJ;Sul;Colisão Transversal;;;;2;;;;;;;2;;;1;
30/10/2017;21:30:00;49;sem vítima;124,8;BR-116/RJ;Norte;Colisão Lateral;1;;;;;1;;;;;2;;;;
30/10/2017;23:25:00;54;sem vítima;125,5;BR-116/RJ;Sul;Choque - Elemento de Drenagem;1;;;;;;;;;;1;;;;
30/10/2017;03:12:00;6;com vítima;137,6;BR-116/RJ;Sul;Colisão Traseira;1;;1;;;;;;;;2;2;1;;
31/10/2017;10:32:00;21;sem vítima;63;BR-116/RJ;Sul;Queda de Moto;;;;1;;;;;;;1;;;;
31/10/2017;15:18:00;37;com vítima;87,4;BR-116/RJ;Norte;Colisão Traseira;1;;1;;;;;;;;1;1;;;
31/10/2017;13:49:00;33;com vítima;104,3;BR-116/RJ;Norte;Tombamento;;;1;;;;;;;;0;2;;;
31/10/2017;12:45:00;31;com vítima;143,2;BR-116/RJ;Sul;Choque - Defensa, barreira ou "submarino";1;;;;;;;;;;0;1;;;
01/11/2017;23:09:00;56;com vítima;20,75;BR-116/RJ;Norte;Choque - Defensa, barreira ou "submarino";1;;;;;;;;;;0;1;1;;
01/11/2017;13:29:00;24;com vítima;26,2;BR-116/RJ;Norte;Queda de Moto;;;;1;;;;;;;0;2;;;
01/11/2017;19:24:00;40;com vítima;61,95;BR-116/RJ;Sul;Atropelamento de Animal;1;;;;;;;;;;0;1;;;
01/11/2017;10:51:00;18;com vítima;131;BR-116/RJ;Norte;Capotamento;1;;;;;;;;;;2;2;1;;
02/11/2017;19:28:00;46;com vítima;65,7;BR-116/RJ;Sul;Colisão Lateral;1;;;1;;;;;;;0;1;1;;
02/11/2017;10:29:00;21;com vítima;126,95;BR-116/RJ;Sul;Colisão Traseira;1;;1;;;;;;;;1;2;;;
02/11/2017;19:25:00;45;com vítima;143,4;BR-116/RJ;Norte;Colisão Lateral;1;;;1;;;;;;;1;1;1;;
03/11/2017;13:23:00;30;com vítima;40,3;BR-116/RJ;Norte;Colisão Transversal;1;;;1;;;;;;;1;1;;;
04/11/2017;23:40:00;48;com vítima;52,8;BR-116/RJ;Norte;Colisão Traseira;2;;;;;;;;;;0;7;;;
05/11/2017;08:07:00;9;com vítima;64,95;BR-116/RJ;Sul;Choque - Defensa, barreira ou "submarino";1;;;;;;;;;;0;2;;;
05/11/2017;15:49:00;36;com vítima;81,9;BR-116/RJ;Norte;Colisão Lateral;2;;;;;;;;;;0;2;;;
06/11/2017;01:17:00;2;com vítima;18,95;BR-116/RJ;Norte;Colisão Lateral;1;;1;;;;;;;;1;;1;;
06/11/2017;14:00:00;30;com vítima;19;BR-116/RJ;Sul;Queda de Moto;;;;1;;;;;;;0;;1;;
06/11/2017;13:41:00;27;com vítima;87,9;BR-116/RJ;Norte;Choque - Defensa, barreira ou "submarino";1;;;;;;;;;;0;1;;;
06/11/2017;17:35:00;53;sem vítima;95,1;BR-116/RJ;Norte;Choque - Defensa, barreira ou "submarino";1;;;;;;;;;;1;;;;
06/11/2017;19:37:00;56;sem vítima;96,7;BR-116/RJ;Sul;Choque - Defensa, barreira ou "submarino";1;;;;;;;;;;1;;;;
06/11/2017;07:30:00;5;sem vítima;104,7;BR-116/RJ;Norte;Choque - Defensa, barreira ou "submarino";1;;;;;;;;;;1;;;;
06/11/2017;15:02:00;39;sem vítima;105,15;BR-116/RJ;Norte;Colisão Frontal;2;;;;;;;;;;2;;;;
06/11/2017;08:38:00;15;sem vítima;105,3;BR-116/RJ;Sul;Saida de Pista;1;;;;;;;;;;1;;;;
06/11/2017;08:28:00;10;sem vítima;126,5;BR-116/RJ;Sul;Saida de Pista;1;;;;;;;;;;1;;;;
06/11/2017;07:52:00;7;com vítima;140,3;BR-116/RJ;Sul;Colisão Traseira;2;;;;;;;;;;1;;;1;
06/11/2017;15:25:00;44;sem vítima;141,05;BR-116/RJ;Sul;Colisão Lateral;1;;;;;1;;;;;2;;;;
07/11/2017;17:55:00;33;sem vítima;47,5;BR-116/RJ;Norte;Colisão Lateral;1;;1;;;;;;;;2;;;;
07/11/2017;23:45:00;47;com vítima;73,7;BR-116/RJ;Sul;Saida de Pista;1;;;;;;;;;;0;1;;;
07/11/2017;09:27:00;13;sem vítima;75,8;BR-116/RJ;Norte;Saida de Pista;1;;;;;;;;;;1;;;;
07/11/2017;07:22:00;7;com vítima;79,6;BR-116/RJ;Sul;Colisão Lateral;;;;2;;;;;;;1;;;;1
08/11/2017;10:35:00;16;com vítima;138,06;BR-116/RJ;Sul;Atropelamento - Pessoa;1;;;;;;;;;;1;;;;1
09/11/2017;09:57:00;8;com vítima;64,9;BR-116/RJ;Norte;Choque - Outros;1;;;;;;;;;;0;1;;;
09/11/2017;09:44:00;7;com vítima;66,5;BR-116/RJ;Norte;Queda de Moto;;;;1;;;;;;;0;1;;;
10/11/2017;06:22:00;6;com vítima;65,5;BR-116/RJ;Norte;Saida de Pista;1;;;;;;;;;;0;1;;;
10/11/2017;07:36:00;11;sem vítima;74,5;BR-116/RJ;Norte;Saida de Pista;1;;;;;;;;;;1;;;;
10/11/2017;06:41:00;7;com vítima;74,6;BR-116/RJ;Sul;Colisão Traseira;1;;;1;;;;;;;1;1;;;
10/11/2017;18:21:00;46;sem vítima;136,1;BR-116/RJ;Norte;Colisão Traseira;2;;;;;;;;;;2;;;;
10/11/2017;08:11:00;15;com vítima;138,3;BR-116/RJ;Norte;Choque - Defensa, barreira ou "submarino";1;;;;;;;;;;0;1;;;
10/11/2017;20:51:00;58;com vítima;143,3;BR-116/RJ;Sul;Colisão Lateral;2;;;;;;;;;;2;1;;;
11/11/2017;13:55:00;25;sem vítima;22,6;BR-116/RJ;Norte;Choque - Defensa, barreira ou "submarino";1;;;;;;;;;;1;;;;
11/11/2017;12:38:00;23;com vítima;52,7;BR-116/RJ;Norte;Colisão Traseira;2;;;;;;;;;;2;1;;;