data;horario;n_da_ocorrencia;tipo_de_ocorrencia;km;trecho;sentido;tipo_de_acidente;automovel;bicicleta;caminhao;moto;onibus;outros;tracao_animal;transporte_de_cargas_especiais;trator_maquinas;utilitarios;ilesos;levemente_feridos;moderadamente_feridos;gravemente_feridos;mortos
11/11/2017;08:18:00;11;com vítima;75,4;BR-116/RJ;Sul;Colisão Frontal;2;;;;;;;;;;0;3;;;
11/11/2017;15:20:00;28;com vítima;88;BR-116/RJ;Norte;Choque - Defensa, barreira ou "submarino";1;;;;;;;;;;0;1;;;
11/11/2017;07:59:00;10;com vítima;98,2;BR-116/RJ;Sul;Choque - Defensa, barreira ou "submarino";1;;;;;;;;;;0;1;;;
11/11/2017;12:23:00;22;sem vítima;133,4;BR-116/RJ;Norte;Colisão Traseira;2;;;;;;;;;;2;;;;
11/11/2017;18:34:00;40;com vítima;137,7;BR-116/RJ;Norte;Choque - Defensa, barreira ou "submarino";;;;1;;;;;;;0;1;;;
12/11/2017;00:09:00;1;com vítima;75,7;BR-116/RJ;Sul;Saida de Pista;1;;;;;;;;;;0;1;;;
12/11/2017;19:49:00;48;sem vítima;135,8;BR-116/RJ;Sul;Choque - Veiculo parado no acostamento;2;;;;;;;;;;2;;;;
13/11/2017;16:40:00;44;sem vítima;28,9;BR-116/RJ;Norte;Colisão Traseira;;;2;;;;;;;;2;;;;
13/11/2017;08:23:00;12;com vítima;71,2;BR-116/RJ;Norte;Colisão Transversal;1;;;1;;;;;;;1;1;;;
13/11/2017;07:30:00;8;com vítima;115,5;BR-116/RJ;Sul;Colisão Transversal;1;;1;;;;;;;;1;1;;;
14/11/2017;16:40:00;30;sem vítima;85,9;BR-116/RJ;Norte;Colisão Traseira;1;;1;;;;;;;;2;;;;
14/11/2017;17:56:00;40;com vítima;143,1;BR-116/RJ;Sul;Engavetamento;3;;;;;;;;;;3;1;;;
15/11/2017;15:33:00;36;com vítima;94,1;BR-116/RJ;Sul;Tombamento;;;1;;;;;;;;0;;1;;
15/11/2017;08:54:00;11;com vítima;98,9;BR-116/RJ;Norte;Queda de Moto;;;;1;;;;;;;0;1;;;
15/11/2017;17:44:00;50;sem vítima;102,3;BR-116/RJ;Norte;Choque - Defensa, barreira ou "submarino";1;;;;;;;;;;1;;;;
15/11/2017;23:55:00;74;com vítima;131,8;BR-116/RJ;Norte;Colisão Transversal;1;;;1;;;;;;;4;1;;;
16/11/2017;09:26:00;20;sem vítima;94,15;BR-116/RJ;Sul;Colisão Traseira;1;;1;;;;;;;;2;;;;
16/11/2017;07:50:00;13;sem vítima;94,2;BR-116/RJ;Sul;Tombamento;;;1;;;;;;;;1;;;;
17/11/2017;09:48:00;17;sem vítima;17,7;BR-116/RJ;Norte;Choque - Outros;1;;;;;;;;;;1;;;;
17/11/2017;21:00:00;69;com vítima;78,6;BR-116/RJ;Sul;Colisão Transversal;1;;;;1;;;;;;0;2;;;
17/11/2017;18:00:00;52;sem vítima;85,05;BR-116/RJ;Norte;Choque - Outros;;;1;;;;;;;;1;;;;
17/11/2017;14:17:00;33;sem vítima;99,6;BR-116/RJ;Norte;Colisão Lateral;1;;;;1;;;;;;2;;;;
17/11/2017;16:18:00;39;com vítima;120,45;BR-116/RJ;Sul;Queda de Moto;;;;1;;;;;;;0;;1;;
17/11/2017;16:35:00;42;sem vítima;140,3;BR-116/RJ;Sul;Colisão Traseira;1;;;;;1;;;;;2;;;;
18/11/2017;06:57:00;8;sem vítima;44,1;BR-116/RJ;Sul;Saida de Pista;1;;;;;;;;;;1;;;;
18/11/2017;23:28:00;93;com vítima;83,4;BR-116/RJ;Norte;Saida de Pista;1;;;;;;;;;;0;1;1;;
18/11/2017;18:32:00;68;com vítima;104,3;BR-116/RJ;Norte;Colisão Lateral;1;;;1;;;;;;;4;;1;1;
19/11/2017;18:07:00;33;com vítima;74,7;BR-116/RJ;Norte;Choque - Defensa, barreira ou "submarino";1;;;;;;;;;;0;2;;;
19/11/2017;19:00:00;37;com vítima;85,7;BR-116/RJ;Norte;Choque - Defensa, barreira ou "submarino";3;;;;;;;;;;2;2;;;
19/11/2017;11:07:00;15;com vítima;88;BR-116/RJ;Norte;Choque - Elemento de Drenagem;1;;;;;;;;;;0;1;;;
19/11/2017;21:57:00;42;com vítima;107,1;BR-116/RJ;Norte;Colisão Traseira;;;;1;;2;;;;;2;1;;;
19/11/2017;23:44:00;44;sem vítima;114,9;BR-116/RJ;Sul;Colisão Traseira;2;;;;;;;;;;4;;;;
19/11/2017;08:51:00;10;com vítima;128,1;BR-116/RJ;Sul;Choque - Elemento de Drenagem;1;;;;;;;;;;0;1;;;
20/11/2017;09:34:00;16;com vítima;19,05;BR-116/RJ;Sul;Choque - Defensa, barreira ou "submarino";1;;;;;;;;;;0;2;;;
20/11/2017;08:16:00;10;com vítima;27,3;BR-116/RJ;Norte;Choque - Defensa, barreira ou "submarino";1;;;;;;;;;;0;1;;;
20/11/2017;16:16:00;41;com vítima;53;BR-116/RJ;Norte;Choque - Defensa, barreira ou "submarino";1;;;;;;;;;;0;1;;;
20/11/2017;11:06:00;20;sem vítima;85,7;BR-116/RJ;Sul;Choque - Defensa, barreira ou "submarino";1;;;;;;;;;;1;;;;
20/11/2017;12:56:00;25;com vítima;99,35;BR-116/RJ;Norte;Capotamento;1;;;;;;;;;;0;1;;;
20/11/2017;16:44:00;45;com vítima;104,3;BR-116/RJ;Norte;Colisão Transversal;2;;;;;;;;;;1;4;;;
20/11/2017;14:25:00;32;com vítima;114,9;BR-116/RJ;Norte;Saida de Pista;1;;;;;;;;;;0;1;;;
20/11/2017;23:18:00;59;sem vítima;142,8;BR-116/RJ;Sul;Choque - Defensa, barreira ou "submarino";1;;;;;;;;;;1;;;;
21/11/2017;21:54:00;61;com vítima;43,05;BR-116/RJ;Sul;Queda de Moto;;;;1;;;;;;;0;;1;;
21/11/2017;07:49:00;10;sem vítima;133,4;BR-116/RJ;Norte;Colisão Traseira;2;;;;;;;;;;2;;;;
21/11/2017;08:51:00;11;com vítima;141,95;BR-116/RJ;Sul;Queda de Moto;;;;1;;;;;;;0;;1;;
22/11/2017;21:19:00;66;com vítima;13,05;BR-116/RJ;Norte;Tombamento;;;1;;;;;;;;0;1;;;
22/11/2017;06:30:00;4;com vítima;40,3;BR-116/RJ;Sul;Colisão Traseira;2;;;;;;;;;;7;;1;;
22/11/2017;13:25:00;30;sem vítima;79,8;BR-116/RJ;Norte;Colisão Transversal;2;;;;;;;;;;2;;;;
22/11/2017;10:50:00;21;com vítima;95,1;BR-116/RJ;Norte;Colisão Frontal;2;;;;;;;;;;0;2;5;;
22/11/2017;05:45:00;3;sem vítima;96,5;BR-116/RJ;Sul;Saida de Pista;1;;;;;;;;;;1;;;;
22/11/2017;19:35:00;57;sem vítima;123,7;BR-116/RJ;Norte;Saida de Pista;1;;;;;;;;;;1;;;;
22/11/2017;18:17:00;43;com vítima;142,6;BR-116/RJ;Sul;Colisão Frontal;1;;;1;;;;;;;1;;1;;
23/11/2017;15:05:00;34;com vítima;53,3;BR-116/RJ;Sul;Saida de Pista;1;;;;;;;;;;0;1;;;
23/11/2017;03:09:00;8;com vítima;114,3;BR-116/RJ;Sul;Engavetamento;1;;2;;;;;;;;2;;1;;
23/11/2017;01:29:00;4;sem vítima;144;BR-116/RJ;Sul;Atropelamento de Animal;;;1;;;;;;;;1;;;;
24/11/2017;00:02:00;1;com vítima;106,2;BR-116/RJ;Norte;Choque - Defensa, barreira ou "submarino";1;;;;;;;;;;0;;1;;
25/11/2017;22:45:00;66;com vítima;36;BR-116/RJ;Norte;Queda de Moto;;;;1;;;;;;;0;1;;;
25/11/2017;23:17:00;69;sem vítima;103;BR-116/RJ;Norte;Colisão Traseira;2;;;;;;;;;;2;;;;
25/11/2017;23:50:00;71;com vítima;114;BR-116/RJ;Norte;Colisão Frontal;1;;;1;;;;;;;1;1;;1;
25/11/2017;03:56:00;8;com vítima;115,1;BR-116/RJ;Sul;Choque - Defensa, barreira ou "submarino";1;;;;;;;;;;0;2;2;;
25/11/2017;15:14:00;30;sem vítima;131,05;BR-116/RJ;Sul;Colisão Traseira;1;;;;1;;;;;;2;;;;
25/11/2017;08:56:00;15;com vítima;137,7;BR-116/RJ;Norte;Engavetamento;2;;2;;;;;;;;0;4;;;
25/11/2017;05:10:00;10;sem vítima;139;BR-116/RJ;Sul;Colisão Traseira;2;;;;;;;;;;2;;;;
25/11/2017;02:48:00;5;com vítima;143,95;BR-116/RJ;Norte;Choque - Objeto não identificado;1;;;;;;;;;;0;1;;1;
26/11/2017;15:30:00;43;sem vítima;28,5;BR-116/RJ;Norte;Colisão Traseira;1;;1;;;;;;;;2;;;;
26/11/2017;01:08:00;3;com vítima;76,05;BR-116/RJ;Sul;Colisão Frontal;2;;;;;;;;;;0;2;;1;
26/11/2017;00:30:00;1;sem vítima;97,8;BR-116/RJ;Sul;Colisão Traseira;1;;;;1;;;;;;10;;;;
26/11/2017;18:52:00;56;com vítima;108,8;BR-116/RJ;Sul;Saida de Pista;1;;;;;;;;;;0;2;;;
26/11/2017;23:44:00;72;sem vítima;126,4;BR-116/RJ;Norte;Saida de Pista;1;;;;;;;;;;1;;;;
26/11/2017;08:33:00;19;com vítima;132,7;BR-116/RJ;Sul;Colisão Traseira;1;1;;;;;;;;;1;1;;;
27/11/2017;17:20:00;42;com vítima;64,5;BR-116/RJ;Sul;Saida de Pista;1;;;;;;;;;;0;;1;;
27/11/2017;08:08:00;13;com vítima;122,9;BR-116/RJ;Norte;Colisão Traseira;;;2;;;;;;;;1;;1;;
27/11/2017;18:13:00;44;sem vítima;125,75;BR-116/RJ;Sul;Colisão Lateral;2;;;;;;;;;;2;;;;
27/11/2017;14:32:00;33;com vítima;142,35;BR-116/RJ;Norte;Colisão Traseira;;;1;;1;;;;;;2;1;;;
28/11/2017;10:32:00;16;sem vítima;91,7;BR-116/RJ;Norte;Colisão Lateral;1;;1;;;;;;;;2;;;;
28/11/2017;14:18:00;29;sem vítima;95;BR-116/RJ;Sul;Choque - Outros;1;;;;;;;;;;1;;;;
28/11/2017;09:58:00;15;com vítima;122,2;BR-116/RJ;Sul;Colisão Traseira;2;;;;;;;;;;1;1;;;
28/11/2017;13:58:00;28;sem vítima;128,2;BR-116/RJ;Norte;Choque - Suporte de Sinalização;;;;;;1;;;;;1;;;;
29/11/2017;09:58:00;9;com vítima;29,6;BR-116/RJ;Norte;Colisão Traseira;;;2;;;;;;;;0;2;;;
29/11/2017;09:32:00;6;com vítima;74;BR-116/RJ;Sul;Atropelamento de Cachorro;;;;1;;;;;;;0;1;;;
29/11/2017;16:32:00;23;com vítima;78,5;BR-116/RJ;Norte;Colisão Transversal;1;;;1;;;;;;;0;2;;;
29/11/2017;18:57:00;32;sem vítima;129,2;BR-116/RJ;Norte;Colisão Traseira;1;;1;;;;;;;;2;;;;
30/11/2017;09:46:00;9;sem vítima;29,2;BR-116/RJ;Norte;Colisão Lateral;;;2;;;;;;;;2;;;;
30/11/2017;09:05:00;6;com vítima;79,9;BR-116/RJ;Sul;Colisão Transversal;1;;1;;;;;;;;1;1;;;
30/11/2017;18:49:00;39;sem vítima;124,1;BR-116/RJ;Sul;Choque - Defensa, barreira ou "submarino";1;;;;;;;;;1;2;;;;
30/11/2017;17:08:00;34;com vítima;127,4;BR-116/RJ;Norte;Colisão Traseira;2;;;;;;;;;;1;;;1;
30/11/2017;21:26:00;46;sem vítima;133,5;BR-116/RJ;Sul;Choque - Defensa, barreira ou "submarino";1;;;;;;;;;;1;;;;
30/11/2017;16:19:00;33;sem vítima;135,6;BR-116/RJ;Sul;Engavetamento;3;;;;;;;;;;3;;;;
23/12/2017;11:35:00;26;sem vítima;2,6;BR-116/RJ;Sul;Choque - Defensa, barreira ou "submarino";1;;;;;;;;;;1;;;;
23/12/2017;06:25:00;4;sem vítima;9,9;BR-116/RJ;Norte;Colisão Traseira;1;;;;;;;;;;1;;;;
22/12/2017;07:08:00;6;sem vítima;19;BR-116/RJ;Norte;Choque - Defensa, barreira ou "submarino";1;;;;;;;;;;1;;;;
30/12/2017;19:00:00;61;com vítima;19,1;BR-116/RJ;Sul;Choque - Defensa, barreira ou "submarino";1;;;;;;;;;;0;1;;;
30/12/2017;13:55:00;37;sem vítima;19,6;BR-116/RJ;Sul;Saida de Pista;1;;;;;;;;;;1;;;;
09/12/2017;08:19:00;16;com vítima;22;BR-116/RJ;Norte;Choque - Defensa, barreira ou "submarino";1;;;;;;;;;;0;2;;;
14/12/2017;03:12:00;3;sem vítima;27,3;BR-116/RJ;Sul;Colisão Lateral;1;;1;;;;;;;;2;;;;
01/12/2017;21:36:00;55;com vítima;27,6;BR-116/RJ;Sul;Colisão Lateral;1;;;;;;;;;1;0;2;;;
22/12/2017;21:40:00;81;com vítima;28,95;BR-116/RJ;Sul;Tombamento;;;1;;;;;;;;0;1;;;
22/12/2017;11:36:00;21;com vítima;38,6;BR-116/RJ;Norte;Colisão Transversal;;;1;1;;;;;;;1;;1;1;
14/12/2017;15:10:00;25;sem vítima;39;BR-116/RJ;Norte;Colisão Lateral;1;;1;;;;;;;;2;;;;
26/12/2017;07:50:00;4;com vítima;40,3;BR-116/RJ;Sul;Colisão Transversal;1;;;1;;;;;;;1;1;;;
24/12/2017;16:17:00;42;com vítima;53,2;BR-116/RJ;Norte;Choque - Defensa, barreira ou "submarino";1;;;;;;;;;;0;;1;;
08/12/2017;17:00:00;34;com vítima;53,3;BR-116/RJ;Norte;Choque - Defensa, barreira ou "submarino";1;;;;;;;;;;0;1;;;
16/12/2017;19:25:00;64;com vítima;53,4;BR-116/RJ;Sul;Capotamento;1;;;;;;;;;;0;2;;;
31/12/2017;14:38:00;27;com vítima;54;BR-116/RJ;Sul;Colisão Transversal;1;;;1;;;;;;;1;1;;;
19/12/2017;03:39:00;3;com vítima;54,05;BR-116/RJ;Sul;Colisão Traseira;1;;1;;;;;;;;1;2;;;
22/12/2017;23:25:00;92;com vítima;55,8;BR-116/RJ;Norte;Saida de Pista;1;;;;;;;;;;0;1;;;
18/12/2017;05:30:00;13;com vítima;59,7;BR-116/RJ;Sul;Colisão Traseira;2;;;;;;;;;;1;1;;;
01/12/2017;11:02:00;19;sem vítima;59,9;BR-116/RJ;Norte;Choque - Defensa, barreira ou "submarino";;;1;;;;;;;;1;;;;
03/12/2017;12:17:00;21;com vítima;59,9;BR-116/RJ;Norte;Queda de Moto;;;;1;;;;;;;0;1;;;
25/12/2017;18:43:00;50;com vítima;59,9;BR-116/RJ;Norte;Choque - Defensa, barreira ou "submarino";1;;;;;;;;;;0;5;;;
23/12/2017;12:08:00;31;com vítima;62,2;BR-116/RJ;Sul;Saida de Pista;1;;;;;;;;;;0;;1;;
17/12/2017;07:10:00;15;sem vítima;62,5;BR-116/RJ;Sul;Saida de Pista;1;;;;;;;;;;1;;;;
26/12/2017;09:47:00;9;sem vítima;65,8;BR-116/RJ;Norte;Colisão Transversal;;;;2;;;;;;;2;;;;
18/12/2017;14:44:00;39;com vítima;70,5;BR-116/RJ;Norte;Colisão Transversal;;;;2;;;;;;;0;;;2;
19/12/2017;20:18:00;58;com vítima;72,95;BR-116/RJ;Norte;Atropelamento - Pessoa;;;;1;;;;;;;1;1;;;
09/12/2017;08:46:00;18;com vítima;73,1;BR-116/RJ;Sul;Choque - Defensa, barreira ou "submarino";1;;;;;;;;;;0;;1;;
23/12/2017;18:57:00;76;com vítima;74,1;BR-116/RJ;Sul;Queda de Moto;;;;1;;;;;;;0;;1;;
30/12/2017;08:00:00;17;com vítima;74,6;BR-116/RJ;Sul;Choque - Elemento de Drenagem;1;;;;;;;;;;1;1;1;;
24/12/2017;02:24:00;7;com vítima;74,85;BR-116/RJ;Norte;Choque - Defensa, barreira ou "submarino";1;;;;;;;;;;0;1;;;
29/12/2017;01:30:00;2;sem vítima;75,2;BR-116/RJ;Sul;Atropelamento de Cachorro;1;;;;;;;;;;2;;;;
23/12/2017;22:58:00;99;sem vítima;76,1;BR-116/RJ;Sul;Choque - Defensa, barreira ou "submarino";1;;;;;;;;;;1;;;;
16/12/2017;15:52:00;44;com vítima;76,4;BR-116/RJ;Sul;Choque - Defensa, barreira ou "submarino";1;;;;;;;;;;0;1;;;
04/12/2017;00:02:00;1;com vítima;76,95;BR-116/RJ;Sul;Atropelamento de Animal;1;;;;;;;;;;0;1;;;
09/12/2017;03:20:00;3;com vítima;80,1;BR-116/RJ;Sul;Queda de Moto;;;;1;;;;;;;0;1;;;
03/12/2017;20:09:00;56;com vítima;80,2;BR-116/RJ;Sul;Queda de Moto;;;;1;;;;;;;0;;1;;
09/12/2017;16:37:00;42;com vítima;80,2;BR-116/RJ;Sul;Saida de Pista;;;1;;;;;;;;0;2;;;
31/12/2017;17:18:00;30;com vítima;82,9;BR-116/RJ;Sul;Choque - Defensa, barreira ou "submarino";1;;;;;;;;;;0;1;;;
22/12/2017;21:47:00;83;com vítima;84,2;BR-116/RJ;Norte;Atropelamento - Pessoa;;;;1;;;;;;;1;;1;;
26/12/2017;16:27:00;23;com vítima;84,2;BR-116/RJ;Norte;Colisão Traseira;2;;;;;;;;;;2;1;;;
17/12/2017;22:57:00;90;com vítima;85;BR-116/RJ;Sul;Saida de Pista;;;;1;;;;;;;0;;1;;
16/12/2017;17:30:00;50;com vítima;85,3;BR-116/RJ;Norte;Colisão Frontal;1;;;;1;;;;;;13;;;;1
01/12/2017;13:03:00;26;com vítima;87,6;BR-116/RJ;Norte;Colisão Lateral;1;;1;;;;;;;;0;2;;;
10/12/2017;06:05:00;10;sem vítima;89;BR-116/RJ;Norte;Choque - Defensa, barreira ou "submarino";1;;;;;;;;;;1;;;;
10/12/2017;06:07:00;11;sem vítima;89;BR-116/RJ;Norte;Colisão Traseira;1;;;1;;;;;;;2;;;;
11/12/2017;04:05:00;7;sem vítima;92,99;BR-116/RJ;Sul;Choque - Defensa, barreira ou "submarino";1;;;;;;;;;;1;;;;
24/12/2017;01:26:00;5;sem vítima;93,6;BR-116/RJ;Norte;Choque - Defensa, barreira ou "submarino";1;;;;;;;;;;1;;;;
04/12/2017;15:53:00;32;com vítima;95;BR-116/RJ;Norte;Colisão Lateral;1;;;1;;;;;;;1;1;;;
23/12/2017;09:52:00;17;com vítima;95,05;BR-116/RJ;Norte;Colisão Frontal;1;;;1;;;;;;;1;;1;;
21/12/2017;03:34:00;3;sem vítima;95,4;BR-116/RJ;Sul;Tombamento;;;1;;;;;;;;1;;;;
30/12/2017;10:45:00;31;com vítima;96;BR-116/RJ;Norte;Saida de Pista;1;;;;;;;;;;0;2;;;
02/12/2017;23:08:00;59;sem vítima;96,7;BR-116/RJ;Norte;Saida de Pista;1;;;;;;;;;;2;;;;
02/12/2017;22:59:00;58;com vítima;97,2;BR-116/RJ;Norte;Colisão Frontal;2;;;;;;;;;;0;;2;1;
15/12/2017;16:10:00;41;com vítima;97,8;BR-116/RJ;Sul;Colisão Lateral;1;;;;1;;;;;;1;;1;;
30/12/2017;12:30:00;33;sem vítima;98,1;BR-116/RJ;Norte;Choque - Defensa, barreira ou "submarino";1;;;;;;;;;;1;;;;
03/12/2017;07:35:00;7;com vítima;98,85;BR-116/RJ;Norte;Queda de Moto;;;;1;;;;;;;1;;1;;
08/12/2017;11:48:00;19;sem vítima;101,3;BR-116/RJ;Sul;Colisão Traseira;2;;;;;;;;;;2;;;;
09/12/2017;05:01:00;6;com vítima;101,7;BR-116/RJ;Sul;Colisão Traseira;1;;1;;;;;;;;1;1;;;
09/12/2017;21:25:00;56;sem vítima;104;BR-116/RJ;Norte;Saida de Pista;1;;;;;;;;;;4;;;;
08/12/2017;10:30:00;15;sem vítima;104,3;BR-116/RJ;Sul;Colisão Transversal;2;;;;;;;;;;2;;;;
21/12/2017;08:13:00;8;com vítima;106,7;BR-116/RJ;Norte;Colisão Traseira;1;1;;;;;;;;;1;;1;;
16/12/2017;20:21:00;69;sem vítima;107,1;BR-116/RJ;Norte;Colisão Lateral;2;;;;;;;;;;4;;;;
01/12/2017;22:51:00;63;com vítima;107,2;BR-116/RJ;Sul;Colisão Traseira;2;;;;;;;;;;6;;1;;
05/12/2017;20:46:00;47;com vítima;107,2;BR-116/RJ;Norte;Colisão Traseira;2;;;;;;;;;;2;1;;;
29/12/2017;10:25:00;12;com vítima;114,5;BR-116/RJ;Sul;Choque - Defensa, barreira ou "submarino";1;;;;;;;;;;0;;1;;
18/12/2017;18:33:00;63;com vítima;114,8;BR-116/RJ;Sul;Colisão Transversal;2;;;;;;;;;;1;1;;;
15/12/2017;23:58:00;62;com vítima;114,9;BR-116/RJ;Sul;Colisão Lateral;;;;1;;1;;;;;1;;;1;
18/12/2017;22:55:00;77;com vítima;116;BR-116/RJ;Norte;Colisão Traseira;1;1;;;;;;;;;1;;1;;
04/12/2017;00:14:00;2;sem vítima;120,85;BR-116/RJ;Sul;Choque - Defensa, barreira ou "submarino";1;;;;;;;;;;1;;;;
28/12/2017;08:15:00;11;com vítima;122;BR-116/RJ;Norte;Colisão Traseira;1;;;1;;;;;;;1;;1;;
23/12/2017;14:02:00;45;sem vítima;122,3;BR-116/RJ;Norte;Choque - Defensa, barreira ou "submarino";1;;;;;;;;;;1;;;;
27/12/2017;23:55:00;71;sem vítima;122,3;BR-116/RJ;Sul;Colisão Traseira;1;;1;;;;;;;;2;;;;
12/12/2017;06:43:00;9;com vítima;122,6;BR-116/RJ;Sul;Colisão Lateral;1;;1;;;;;;;;1;1;;;
29/12/2017;16:20:00;24;sem vítima;125,4;BR-116/RJ;Norte;Choque - Defensa, barreira ou "submarino";1;;;;;;;;;;1;;;;
29/12/2017;16:20:00;25;com vítima;125,4;BR-116/RJ;Norte;Choque - Defensa, barreira ou "submarino";1;;;;;;;;;;1;1;;;
30/12/2017;03:08:00;6;com vítima;125,4;BR-116/RJ;Norte;Choque - Defensa, barreira ou "submarino";1;;;;;;;;;;3;1;;;
09/12/2017;21:43:00;57;com vítima;125,6;BR-116/RJ;Sul;Choque - Defensa, barreira ou "submarino";1;;;;;;;;;;0;1;;;
08/12/2017;11:49:00;20;sem vítima;126;BR-116/RJ;Sul;Choque - Defensa, barreira ou "submarino";1;;;;;;;;;;1;;;;
15/12/2017;10:31:00;17;sem vítima;126,3;BR-116/RJ;Sul;Colisão Traseira;2;;;;;;;;;;2;;;;
07/12/2017;17:47:00;35;sem vítima;127;BR-116/RJ;Norte;Colisão Traseira;2;;;;;;;;;;3;;;;
21/12/2017;10:11:00;16;sem vítima;129,5;BR-116/RJ;Norte;Colisão Traseira;1;;;;;;;;;;1;;;;
11/12/2017;11:24:00;23;com vítima;130,4;BR-116/RJ;Norte;Colisão Lateral;1;;1;;;;;;;;1;1;;;
10/12/2017;23:01:00;74;com vítima;130,95;BR-116/RJ;Sul;Queda de Moto;;;;1;;;;;;;0;1;;;
17/12/2017;17:39:00;64;sem vítima;131,2;BR-116/RJ;Sul;Colisão Traseira;2;;;;;;;;;;4;;;;
29/12/2017;20:19:00;40;com vítima;131,2;BR-116/RJ;Sul;Colisão Traseira;1;;1;;;;;;;;1;;1;;
29/12/2017;20:00:00;38;sem vítima;131,4;BR-116/RJ;Norte;Choque - Defensa, barreira ou "submarino";;;1;;;;;;;;1;;;;
24/12/2017;07:41:00;14;com vítima;132,5;BR-116/RJ;Sul;Choque - Defensa, barreira ou "submarino";1;;;;;;;;;;0;;1;;
16/12/2017;13:21:00;35;sem vítima;133;BR-116/RJ;Sul;Colisão Lateral;1;;1;;;;;;;;2;;;;
22/12/2017;14:35:00;30;sem vítima;133,5;BR-116/RJ;Norte;Colisão Lateral;1;;1;;;;;;;;2;;;;
02/12/2017;20:00:00;51;com vítima;133,7;BR-116/RJ;Sul;Colisão Lateral;;;;2;;;;;;;2;;1;;
28/12/2017;19:14:00;52;sem vítima;134;BR-116/RJ;Sul;Colisão Traseira;2;;;;;;;;;;2;;;;
14/12/2017;20:31:00;47;sem vítima;134,9;BR-116/RJ;Norte;Colisão Traseira;1;;;;1;;;;;;41;;;;
17/12/2017;21:29:00;89;sem vítima;135,95;BR-116/RJ;Norte;Colisão Traseira;2;;;;;;;;;;6;;;;
22/12/2017;13:45:00;27;com vítima;136;BR-116/RJ;Norte;Queda de Moto;;;;1;;;;;;;0;1;;;
25/12/2017;17:42:00;44;sem vítima;136,6;BR-116/RJ;Sul;Colisão Lateral;3;;;;;1;;;;;8;;;;
09/12/2017;23:56:00;65;com vítima;137,2;BR-116/RJ;Sul;Colisão Traseira;1;;;;1;;;;;;1;1;;;
23/12/2017;03:54:00;2;com vítima;137,3;BR-116/RJ;Sul;Choque - Defensa, barreira ou "submarino";1;;;;;;;;;;0;;;;1
16/12/2017;16:50:00;48;com vítima;137,4;BR-116/RJ;Norte;Colisão Lateral;1;;;1;;;;;;;1;;1;;
20/12/2017;12:00:00;29;sem vítima;137,7;BR-116/RJ;Sul;Engavetamento;2;;1;;;;;;;;3;;;;
23/12/2017;18:12:00;66;sem vítima;137,95;BR-116/RJ;Norte;Colisão Traseira;2;;;;;;;;;;2;;;;
02/12/2017;07:20:00;10;sem vítima;138,7;BR-116/RJ;Sul;Colisão Traseira;;;;;1;;;;;1;2;;;;
22/12/2017;22:20:00;86;com vítima;139,8;BR-116/RJ;Norte;Choque - Defensa, barreira ou "submarino";1;;;;;;;;;;0;;1;;
17/12/2017;18:25:00;71;com vítima;140,5;BR-116/RJ;Sul;Choque - Defensa, barreira ou "submarino";1;;;;;;;;;;3;;1;;
27/12/2017;12:25:00;34;com vítima;140,8;BR-116/RJ;Norte;Engavetamento;3;;;;;;;;;;3;1;;;
05/12/2017;00:36:00;2;sem vítima;141;BR-116/RJ;Sul;Colisão Lateral;1;;;;;;;;;;1;;;;
11/12/2017;01:42:00;5;sem vítima;141;BR-116/RJ;Norte;Atropelamento de Cachorro;1;;;;;;;;;;1;;;;
24/12/2017;15:54:00;41;sem vítima;141;BR-116/RJ;Sul;Colisão Traseira;2;;;;;;;;;;2;;;;
17/12/2017;19:46:00;81;sem vítima;142,2;BR-116/RJ;Sul;Colisão Traseira;1;;;;1;;;;;;32;;;;
08/12/2017;20:41:00;47;sem vítima;143,3;BR-116/RJ;Norte;Colisão Traseira;2;;;;;;;;;;2;;;;
22/12/2017;22:25:00;87;com vítima;143,6;BR-116/RJ;Norte;Choque - Veiculo parado no acostamento;;;;;2;;;;;;2;1;;;
08/12/2017;22:53:00;58;sem vítima;143,8;BR-116/RJ;Norte;Choque - Defensa, barreira ou "submarino";1;;;;;;;;;;1;;;;
25/12/2017;18:39:00;49;com vítima;143,8;BR-116/RJ;Sul;Engavetamento;2;;;;;2;;;;;5;1;;;
01/01/2018;00:46:00;3;com vítima;48,5;BR-116/RJ;Norte;Atropelamento de Animal;;;;1;;;;;;;0;;1;1;
01/01/2018;20:04:00;36;sem vítima;143,8;BR-116/RJ;Sul;Colisão Traseira;2;;;;;;;;;;2;;;;
02/01/2018;19:24:00;70;com vítima;43,3;BR-116/RJ;Sul;Choque - Defensa, barreira ou "submarino";1;;;;;;;;;;0;1;;;
02/01/2018;23:55:00;85;com vítima;139,6;BR-116/RJ;Norte;Colisão Traseira;2;;;;;;;;;;1;1;;;
02/01/2018;21:35:00;79;sem vítima;144;BR-116/RJ;Sul;Choque - Defensa, barreira ou "submarino";1;;;;;;;;;;1;;;;
03/01/2018;04:52:00;5;com vítima;72,6;BR-116/RJ;Sul;Colisão Lateral;1;;1;;;;;;;;0;2;;;