data;horario;n_da_ocorrencia;tipo_de_ocorrencia;km;trecho;sentido;tipo_de_acidente;automovel;bicicleta;caminhao;moto;onibus;outros;tracao_animal;transporte_de_cargas_especiais;trator_maquinas;utilitarios;ilesos;levemente_feridos;moderadamente_feridos;gravemente_feridos;mortos
03/01/2018;10:51:00;22;com vítima;88,05;BR-116/RJ;Norte;Choque - Defensa, barreira ou "submarino";1;;;;;;;;;;0;1;;;
03/01/2018;03:23:00;4;com vítima;127,9;BR-116/RJ;Sul;Choque - Elemento de Drenagem;1;;;;;;;;;;1;1;;;
03/01/2018;08:04:00;11;com vítima;141,62;BR-116/RJ;Sul;Colisão Lateral;;;2;;;;;;;;1;1;;;
04/01/2018;18:34:00;39;com vítima;26,1;BR-116/RJ;Norte;Choque - Defensa, barreira ou "submarino";1;;;;;;;;;;0;1;;;
04/01/2018;20:41:00;49;com vítima;35,3;BR-116/RJ;Sul;Queda de vegetação c/ veículo;1;;;;;;;;;;0;;1;;
04/01/2018;12:32:00;24;sem vítima;126,3;BR-116/RJ;Sul;Saida de Pista;1;;;;;;;;;;1;;;;
05/01/2018;21:45:00;69;sem vítima;104,7;BR-116/RJ;Sul;Saida de Pista;1;;;;;;;;;;1;;;;
06/01/2018;07:30:00;9;sem vítima;29;BR-116/RJ;Norte;Colisão Traseira;1;;1;;;;;;;;2;;;;
07/01/2018;07:14:00;8;com vítima;59,95;BR-116/RJ;Sul;Colisão Traseira;1;1;;;;;;;;;1;;1;;
07/01/2018;18:08:00;45;com vítima;82,7;BR-116/RJ;Norte;Choque - Defensa, barreira ou "submarino";1;;;;;;;;;;1;2;1;;
07/01/2018;10:04:00;18;com vítima;88;BR-116/RJ;Norte;Choque - Defensa, barreira ou "submarino";1;;;;;;;;;;0;1;;;
07/01/2018;08:38:00;13;sem vítima;95,1;BR-116/RJ;Sul;Choque - Defensa, barreira ou "submarino";1;;;;;;;;;;1;;;;
07/01/2018;19:11:00;51;sem vítima;99,5;BR-116/RJ;Norte;Saida de Pista;1;;;;;;;;;;1;;;;
07/01/2018;14:03:00;28;sem vítima;100,1;BR-116/RJ;Norte;Colisão Lateral;1;;1;;;;;;;;2;;;;
07/01/2018;19:14:00;52;sem vítima;114,2;BR-116/RJ;Norte;Colisão Transversal;2;;;;;;;;;;2;;;;
07/01/2018;18:46:00;48;sem vítima;125,4;BR-116/RJ;Norte;Choque - Defensa, barreira ou "submarino";;;1;;;;;;;;1;;;;
08/01/2018;07:53:00;10;com vítima;47,8;BR-116/RJ;Sul;Colisão Transversal;2;;;;;;;;;;0;7;;;
08/01/2018;18:58:00;44;sem vítima;125,5;BR-116/RJ;Norte;Choque - Defensa, barreira ou "submarino";;;1;;;;;;;;1;;;;
08/01/2018;19:56:00;47;sem vítima;140,3;BR-116/RJ;Sul;Choque - Defensa, barreira ou "submarino";1;;;;;;;;;;1;;;;
08/01/2018;09:28:00;15;sem vítima;143,1;BR-116/RJ;Sul;Colisão Traseira;1;;1;;;;;;;;2;;;;
09/01/2018;16:50:00;50;com vítima;93,7;BR-116/RJ;Sul;Colisão Traseira;;;2;;;;;;;;2;;;1;1
09/01/2018;16:40:00;47;sem vítima;127,2;BR-116/RJ;Norte;Choque - Defensa, barreira ou "submarino";1;;;;;;;;;;1;;;;
10/01/2018;10:00:00;12;com vítima;76,5;BR-116/RJ;Norte;Colisão Transversal;1;;1;;;;;;;;0;5;;;
10/01/2018;13:45:00;25;sem vítima;126,6;BR-116/RJ;Norte;Queda de Moto;;;;1;;;;;;;1;;;;
10/01/2018;12:38:00;22;sem vítima;126,8;BR-116/RJ;Sul;Choque - Defensa, barreira ou "submarino";1;;;;;;;;;;1;;;;
11/01/2018;17:51:00;56;com vítima;126,3;BR-116/RJ;Sul;Colisão Traseira;;;2;;;;;;;;1;1;;;
11/01/2018;08:45:00;14;com vítima;130,1;BR-116/RJ;Norte;Colisão Lateral;2;;;;;;;;;;2;1;;;
12/01/2018;19:40:00;57;com vítima;6,2;BR-116/RJ;Norte;Choque - Defensa, barreira ou "submarino";1;;;;;;;;;;0;1;;;
12/01/2018;08:55:00;12;sem vítima;12,4;BR-116/RJ;Sul;Atropelamento de Animal;1;;;;;;;;;;1;;;;
12/01/2018;17:13:00;48;com vítima;75,8;BR-116/RJ;Norte;Colisão Lateral;3;;;;;;;;;;0;3;;;
12/01/2018;16:50:00;45;com vítima;79,8;BR-116/RJ;Norte;Colisão Transversal;;;;1;;1;;;;;1;1;;;
12/01/2018;20:03:00;58;com vítima;80,1;BR-116/RJ;Sul;Choque - Defensa, barreira ou "submarino";;;;;;1;;;;;1;1;;;
12/01/2018;18:39:00;52;sem vítima;102,8;BR-116/RJ;Norte;Choque - Elemento de Drenagem;1;;;;;;;;;;1;;;;
12/01/2018;19:16:00;54;sem vítima;144;BR-116/RJ;Sul;Tombamento;;;1;;;;;;;;1;;;;
13/01/2018;08:52:00;10;sem vítima;96,3;BR-116/RJ;Norte;Colisão Lateral;2;;;;;;;;;;2;;;;
13/01/2018;22:48:00;55;com vítima;107,7;BR-116/RJ;Norte;Saida de Pista;1;;;;;;;;;;0;;1;;
13/01/2018;19:51:00;49;com vítima;118,7;BR-116/RJ;Sul;Colisão Traseira;2;;;;;;;;;;1;1;;;
14/01/2018;14:41:00;31;com vítima;38,9;BR-116/RJ;Norte;Colisão Lateral;2;;;;;;;;;;0;4;;;
14/01/2018;10:28:00;11;com vítima;64;BR-116/RJ;Sul;Colisão Traseira;1;;;1;;;;;;;2;;1;;
14/01/2018;07:15:00;5;sem vítima;86;BR-116/RJ;Norte;Choque - Elemento de Drenagem;1;;;;;;;;;;1;;;;
14/01/2018;18:33:00;47;sem vítima;123,05;BR-116/RJ;Norte;Choque - Defensa, barreira ou "submarino";1;;;;;;;;;;4;;;;
15/01/2018;04:48:00;3;sem vítima;142,5;BR-116/RJ;Sul;Saida de Pista;1;;;;;;;;;;1;;;;
15/01/2018;19:25:00;74;sem vítima;144;BR-116/RJ;Sul;Queda de Moto;;;;1;;;;;;;1;;;;
16/01/2018;14:14:00;23;com vítima;52,3;BR-116/RJ;Sul;Colisão Frontal;2;;;;;;;;;;0;;2;3;
16/01/2018;07:29:00;3;com vítima;137,07;BR-116/RJ;Sul;Colisão Lateral;;;;1;;;;;;1;1;1;1;;
17/01/2018;10:46:00;24;com vítima;82,95;BR-116/RJ;Sul;Choque - Defensa, barreira ou "submarino";;;2;;;;;;;;0;1;1;;
18/01/2018;11:19:00;26;sem vítima;126,6;BR-116/RJ;Sul;Colisão Traseira;2;;;;;;;;;;2;;;;
19/01/2018;09:58:00;21;com vítima;43,15;BR-116/RJ;Sul;Choque - Defensa, barreira ou "submarino";1;;;;;;;;;;1;2;;;
19/01/2018;07:46:00;10;sem vítima;126,3;BR-116/RJ;Sul;Colisão Traseira;1;;;;;1;;;;;2;;;;
20/01/2018;18:47:00;63;com vítima;72,8;BR-116/RJ;Norte;Colisão Frontal;;;1;1;;;;;;;0;1;;1;
20/01/2018;21:52:00;73;sem vítima;79,4;BR-116/RJ;Sul;Colisão Traseira;2;;;;;;;;;;2;;;;
20/01/2018;00:38:00;1;com vítima;86,6;BR-116/RJ;Norte;Saida de Pista;1;;;;;;;;;;0;2;1;;
20/01/2018;17:25:00;53;com vítima;88;BR-116/RJ;Norte;Choque - Defensa, barreira ou "submarino";1;;;;;;;;;;1;2;;;
20/01/2018;17:52:00;55;com vítima;90,4;BR-116/RJ;Norte;Choque - Defensa, barreira ou "submarino";1;;;;;;;;;;0;1;;;
20/01/2018;18:25:00;60;sem vítima;104,6;BR-116/RJ;Norte;Saida de Pista;1;;;;;;;;;;2;;;;
20/01/2018;05:24:00;10;com vítima;125,5;BR-116/RJ;Sul;Choque - Defensa, barreira ou "submarino";1;;;;;;;;;;0;4;;;
20/01/2018;11:48:00;28;sem vítima;131;BR-116/RJ;Sul;Atropelamento de Cachorro;1;;;;;;;;;;1;;;;
20/01/2018;11:43:00;27;sem vítima;139,2;BR-116/RJ;Norte;Colisão Traseira;2;;;;;;;;;;2;;;;
21/01/2018;10:15:00;28;com vítima;127,9;BR-116/RJ;Norte;Saida de Pista;1;;;;;;;;;;0;;3;;
21/01/2018;16:16:00;57;sem vítima;131,2;BR-116/RJ;Sul;Colisão Traseira;2;;;;;;;;;;2;;;;
22/01/2018;05:55:00;6;com vítima;102,95;BR-116/RJ;Sul;Tombamento;;;1;;;;;;;;0;;1;;1
22/01/2018;10:03:00;17;com vítima;104,3;BR-116/RJ;Norte;Colisão Transversal;2;;;;;;;;;;1;1;;;
22/01/2018;08:00:00;9;sem vítima;122,5;BR-116/RJ;Sul;Engavetamento;4;;;;;;;;;;4;;;;
23/01/2018;08:30:00;11;com vítima;56,3;BR-116/RJ;Sul;Colisão Lateral;1;;;1;;;;;;;0;1;;1;
23/01/2018;18:21:00;50;com vítima;74,7;BR-116/RJ;Norte;Choque - Defensa, barreira ou "submarino";1;;;;;;;;;;0;1;;;
23/01/2018;20:50:00;66;com vítima;85,8;BR-116/RJ;Norte;Colisão Lateral;2;;1;;;;;;;;0;3;1;;
23/01/2018;09:15:00;14;com vítima;98,8;BR-116/RJ;Sul;Saida de Pista;1;;;;;;;;;;0;1;;;
23/01/2018;09:24:00;15;sem vítima;140,9;BR-116/RJ;Sul;Engavetamento;3;;;;;;;;;;3;;;;
24/01/2018;05:51:00;7;sem vítima;138,6;BR-116/RJ;Sul;Colisão Lateral;1;;;;1;;;;;;2;;;;
24/01/2018;07:35:00;9;sem vítima;143,2;BR-116/RJ;Norte;Choque - Defensa, barreira ou "submarino";;;1;;;;;;;;1;;;;
25/01/2018;19:06:00;56;com vítima;80,4;BR-116/RJ;Norte;Capotamento;1;;;;;;;;;;0;;1;1;
26/01/2018;02:35:00;3;com vítima;106,2;BR-116/RJ;Sul;Queda de Moto;;;;1;;;;;;;0;;1;;
27/01/2018;21:49:00;65;com vítima;8,1;BR-116/RJ;Norte;Saida de Pista;;;1;;;;;;;;0;;1;;
27/01/2018;13:27:00;30;com vítima;104;BR-116/RJ;Sul;Saida de Pista;1;;;;;;;;;;0;3;;;
27/01/2018;12:40:00;27;sem vítima;123;BR-116/RJ;Sul;Choque - Defensa, barreira ou "submarino";1;;;;;;;;;;1;;;;
27/01/2018;19:26:00;59;com vítima;124;BR-116/RJ;Sul;Choque - Defensa, barreira ou "submarino";1;;;;;;;;;;0;2;;;
27/01/2018;09:38:00;17;com vítima;138,2;BR-116/RJ;Sul;Queda de Moto;;;;1;;;;;;;0;;1;;
28/01/2018;17:00:00;21;sem vítima;33,8;BR-116/RJ;Sul;Choque - Defensa, barreira ou "submarino";1;;;;;;;;;;1;;;;
28/01/2018;14:00:00;15;com vítima;55,3;BR-116/RJ;Sul;Queda de Moto;;;;1;;;;;;;0;1;1;;
28/01/2018;05:02:00;6;com vítima;105,85;BR-116/RJ;Norte;Choque - Defensa, barreira ou "submarino";;;;1;;;;;;;0;;1;;
29/01/2018;14:10:00;30;sem vítima;81,1;BR-116/RJ;Norte;Choque - Defensa, barreira ou "submarino";1;;;;;;;;;;1;;;;
29/01/2018;23:20:00;63;sem vítima;81,9;BR-116/RJ;Sul;Choque - Defensa, barreira ou "submarino";1;;;;;;;;;;1;;;;
29/01/2018;09:05:00;11;com vítima;119,2;BR-116/RJ;Norte;Saida de Pista;1;;;;;;;;;;0;1;;;
29/01/2018;19:50:00;55;sem vítima;124,5;BR-116/RJ;Norte;Colisão Traseira;1;;1;;;;;;;;2;;;;
30/01/2018;13:50:00;34;com vítima;85,9;BR-116/RJ;Sul;Choque - Defensa, barreira ou "submarino";1;;;;;;;;;;0;1;;;
30/01/2018;15:53:00;43;sem vítima;99;BR-116/RJ;Norte;Colisão Traseira;1;;1;;;;;;;;2;;;;
30/01/2018;15:49:00;42;com vítima;125,3;BR-116/RJ;Norte;Choque - Defensa, barreira ou "submarino";1;;;;;;;;;;0;1;;;
31/01/2018;14:36:00;25;com vítima;7,7;BR-116/RJ;Sul;Colisão Lateral;1;;2;;;;;;;;0;7;;;
31/01/2018;17:43:00;32;sem vítima;127,1;BR-116/RJ;Norte;Colisão Lateral;1;;;;1;;;;;;2;;;;
02/08/2017;17:52:00;33;com vítima;105,4;BR-116/RJ;Norte;Atropelamento - Pessoa;1;;;;;;;;;;1;;1;;
04/08/2017;20:50:00;41;sem vítima;73,9;BR-116/RJ;Norte;Colisão Lateral;2;;;;;;;;;;2;;;;
04/08/2017;16:07:00;21;sem vítima;87,4;BR-116/RJ;Norte;Choque - Defensa, barreira ou "submarino";1;;;;;;;;;;1;;;;
04/08/2017;16:14:00;22;com vítima;90,25;BR-116/RJ;Norte;Colisão Lateral;1;;1;;;;;;;;1;2;;;
04/08/2017;20:42:00;40;sem vítima;127,6;BR-116/RJ;Norte;Colisão Lateral;1;;;;1;;;;;;2;;;;
05/08/2017;13:17:00;25;sem vítima;39;BR-116/RJ;Sul;Colisão Lateral;1;1;;;;;;;;;2;;;;
05/08/2017;08:00:00;13;sem vítima;53,3;BR-116/RJ;Norte;Choque - Defensa, barreira ou "submarino";1;;;;;;;;;;1;;;;
05/08/2017;07:26:00;11;sem vítima;59,95;BR-116/RJ;Norte;Choque - Defensa, barreira ou "submarino";1;;;;;;;;;;1;;;;
05/08/2017;11:14:00;21;com vítima;89,5;BR-116/RJ;Norte;Choque - Defensa, barreira ou "submarino";1;;;;;;;;;;0;1;;;
05/08/2017;06:46:00;9;sem vítima;99;BR-116/RJ;Norte;Choque - Defensa, barreira ou "submarino";1;;;;;;;;;;1;;;;
05/08/2017;20:10:00;58;com vítima;106,8;BR-116/RJ;Norte;Colisão Frontal;;;;2;;;;;;;0;;;1;1
05/08/2017;09:10:00;15;com vítima;131,25;BR-116/RJ;Sul;Colisão Lateral;1;;1;;;;;;;;1;2;;;
06/08/2017;05:19:00;4;sem vítima;15,9;BR-116/RJ;Sul;Saida de Pista;1;;;;;;;;;;1;;;;
06/08/2017;15:32:00;20;com vítima;73,2;BR-116/RJ;Sul;Choque - Defensa, barreira ou "submarino";1;;;;;;;;;;0;1;;;
06/08/2017;05:17:00;3;sem vítima;80,05;BR-116/RJ;Norte;Choque - Objeto sobre a pista;1;;;;;;;;;;1;;;;
07/08/2017;10:13:00;19;com vítima;75,6;BR-116/RJ;Norte;Colisão Transversal;2;;;;;;;;;;0;5;;;
07/08/2017;17:56:00;37;com vítima;136,25;BR-116/RJ;Sul;Colisão Traseira;;;;1;;1;;;;;1;1;;;
08/08/2017;18:10:00;48;com vítima;111,7;BR-116/RJ;Norte;Queda de Moto;;;;1;;;;;;;0;1;;;
08/08/2017;15:39:00;38;com vítima;137,75;BR-116/RJ;Norte;Engavetamento;1;;;1;1;;;;;;2;;1;;
08/08/2017;20:59:00;58;com vítima;144;BR-116/RJ;Norte;Queda de Moto;;;;1;;;;;;;0;1;;;
09/08/2017;02:31:00;2;sem vítima;17,4;BR-116/RJ;Sul;Saida de Pista;1;;;;;;;;;;1;;;;
09/08/2017;08:09:00;10;sem vítima;142,8;BR-116/RJ;Sul;Colisão Traseira;1;;1;;;;;;;;2;;;;
10/08/2017;18:10:00;34;sem vítima;40,2;BR-116/RJ;Sul;Colisão Transversal;2;;;;;;;;;;2;;;;
10/08/2017;12:28:00;17;com vítima;90,5;BR-116/RJ;Sul;Colisão Lateral;2;;;;;;;;;;1;1;;;
10/08/2017;18:05:00;33;sem vítima;100,6;BR-116/RJ;Norte;Choque - Defensa, barreira ou "submarino";1;;;;;;;;;;1;;;;
10/08/2017;19:27:00;41;sem vítima;132;BR-116/RJ;Norte;Atropelamento de Cachorro;1;;;;;;;;;;1;;;;
11/08/2017;17:37:00;34;com vítima;40,1;BR-116/RJ;Sul;Colisão Transversal;1;;1;;;;;;;;1;1;;;
11/08/2017;14:45:00;25;sem vítima;51,4;BR-116/RJ;Sul;Choque - Outros;1;;;;;;;;;;1;;;;
11/08/2017;23:29:00;49;com vítima;73,6;BR-116/RJ;Sul;Queda de Moto;;;;1;;;;;;;0;;1;;
11/08/2017;17:50:00;38;com vítima;79,8;BR-116/RJ;Norte;Colisão Transversal;1;;;1;;;;;;;1;;1;;
11/08/2017;04:58:00;5;com vítima;91,1;BR-116/RJ;Sul;Saida de Pista;1;;;;;;;;;;0;1;;;
11/08/2017;16:30:00;31;com vítima;100,6;BR-116/RJ;Sul;Colisão Lateral;2;;;;;;;;;;0;2;;;
12/08/2017;16:23:00;32;com vítima;31,4;BR-116/RJ;Norte;Choque - Defensa, barreira ou "submarino";1;;;;;;;;;;0;1;1;;
12/08/2017;17:51:00;39;com vítima;63,7;BR-116/RJ;Sul;Saida de Pista;1;;;;;;;;;;0;1;;;
12/08/2017;14:37:00;28;com vítima;104,2;BR-116/RJ;Norte;Colisão Transversal;2;;;;;;;;;;0;6;;;
12/08/2017;01:05:00;2;com vítima;143,5;BR-116/RJ;Sul;Colisão Traseira;;;;1;;1;;;;;1;;;1;1
13/08/2017;22:02:00;43;com vítima;125,15;BR-116/RJ;Sul;Saida de Pista;1;;;;;;;;;;0;;;;1
13/08/2017;11:12:00;13;sem vítima;137,9;BR-116/RJ;Norte;Colisão Lateral;1;;;;;1;;;;;2;;;;
14/08/2017;23:04:00;44;sem vítima;132,7;BR-116/RJ;Norte;Choque - Defensa, barreira ou "submarino";1;;;;;;;;;;1;;;;
15/08/2017;13:20:00;18;sem vítima;19,05;BR-116/RJ;Norte;Saida de Pista;1;;;;;;;;;;1;;;;
15/08/2017;11:20:00;17;sem vítima;24;BR-116/RJ;Norte;Choque - Defensa, barreira ou "submarino";1;;;;;;;;;;1;;;;
15/08/2017;16:10:00;26;com vítima;53,2;BR-116/RJ;Sul;Queda de Moto;;;;1;;;;;;;0;1;1;;
15/08/2017;20:07:00;38;com vítima;79,6;BR-116/RJ;Norte;Colisão Transversal;2;;;;;;;;;;0;1;1;;
15/08/2017;22:10:00;40;sem vítima;87,9;BR-116/RJ;Norte;Choque - Defensa, barreira ou "submarino";1;;;;;;;;;;1;;;;
15/08/2017;14:32:00;22;com vítima;95;BR-116/RJ;Norte;Saida de Pista;1;;;;;;;;;;0;1;;;
16/08/2017;18:08:00;24;sem vítima;39,6;BR-116/RJ;Norte;Colisão Traseira;2;;;;;;;;;;2;;;;
16/08/2017;22:09:00;34;sem vítima;57,7;BR-116/RJ;Sul;Choque - Defensa, barreira ou "submarino";1;;;;;;;;;;1;;;;
16/08/2017;19:19:00;29;com vítima;127,2;BR-116/RJ;Norte;Atropelamento - Pessoa;;;;1;;;;;;;1;1;;;
16/08/2017;07:46:00;3;sem vítima;129,7;BR-116/RJ;Sul;Atropelamento de Cachorro;1;;;;;;;;;;1;;;;
17/08/2017;17:40:00;37;com vítima;19,7;BR-116/RJ;Sul;Choque - Defensa, barreira ou "submarino";1;;;;;;;;;;0;1;;;
17/08/2017;19:18:00;43;com vítima;26,4;BR-116/RJ;Norte;Saida de Pista;;;;;;;;;;1;0;1;;;
17/08/2017;19:18:00;42;com vítima;43,45;BR-116/RJ;Norte;Colisão Frontal;1;;;1;;;;;;;2;3;;;1
17/08/2017;15:45:00;33;com vítima;106,2;BR-116/RJ;Sul;Saida de Pista;1;;;;;;;;;;0;1;;;
17/08/2017;20:44:00;48;com vítima;110,3;BR-116/RJ;Norte;Colisão Traseira;1;;1;;;;;;;;1;1;;;
18/08/2017;16:35:00;29;com vítima;26,1;BR-116/RJ;Sul;Saida de Pista;1;;;;;;;;;;0;1;;;
19/08/2017;23:40:00;61;com vítima;24,6;BR-116/RJ;Sul;Saida de Pista;1;;;;;;;;;;0;2;;;
19/08/2017;01:50:00;5;sem vítima;66,5;BR-116/RJ;Norte;Saida de Pista;1;;;;;;;;;;1;;;;
20/08/2017;12:23:00;19;com vítima;104,1;BR-116/RJ;Norte;Colisão Lateral;;;;1;;1;;;;;1;2;;;
20/08/2017;04:01:00;4;com vítima;125,5;BR-116/RJ;Sul;Saida de Pista;1;;;;;;;;;;1;2;1;;
20/08/2017;20:15:00;58;sem vítima;127,2;BR-116/RJ;Norte;Choque - Defensa, barreira ou "submarino";1;;;;;;;;;;1;;;;
20/08/2017;16:06:00;34;com vítima;135,4;BR-116/RJ;Sul;Colisão Lateral;3;;;;;;;;;;2;5;;;
21/08/2017;06:30:00;10;sem vítima;27,6;BR-116/RJ;Norte;Saida de Pista;1;;;;;;;;;;1;;;;
21/08/2017;07:29:00;12;com vítima;53,4;BR-116/RJ;Sul;Saida de Pista;1;;;;;;;;;;0;1;;;
21/08/2017;00:49:00;5;sem vítima;75,4;BR-116/RJ;Sul;Choque - Defensa, barreira ou "submarino";;;1;;;;;;;;1;;;;
21/08/2017;10:43:00;28;sem vítima;101;BR-116/RJ;Sul;Choque - Defensa, barreira ou "submarino";1;;;;;;;;;;1;;;;
21/08/2017;19:33:00;58;sem vítima;107,1;BR-116/RJ;Norte;Saida de Pista;1;;;;;;;;;;1;;;;
21/08/2017;08:03:00;16;com vítima;122,8;BR-116/RJ;Sul;Saida de Pista;1;;;;;;;;;;0;1;;;
21/08/2017;08:40:00;19;sem vítima;122,8;BR-116/RJ;Sul;Choque - Defensa, barreira ou "submarino";1;;;;;;;;;;1;;;;
21/08/2017;18:43:00;54;com vítima;128,95;BR-116/RJ;Norte;Choque - Defensa, barreira ou "submarino";1;;;;;;;;;;0;1;;;
21/08/2017;19:38:00;59;sem vítima;141,85;BR-116/RJ;Sul;Colisão Lateral;1;;1;;;;;;;;2;;;;
21/08/2017;18:24:00;52;com vítima;143,6;BR-116/RJ;Sul;Colisão Traseira;1;;1;;;;;;;;1;1;;;
22/08/2017;15:45:00;36;com vítima;65,8;BR-116/RJ;Sul;Colisão Transversal;1;;;1;;;;;;;0;2;;;
22/08/2017;14:30:00;32;com vítima;96,3;BR-116/RJ;Sul;Choque - Defensa, barreira ou "submarino";1;;;;;;;;;;0;2;;;
22/08/2017;12:56:00;27;sem vítima;102;BR-116/RJ;Norte;Colisão Lateral;2;;;;;;;;;;2;;;;
22/08/2017;06:05:00;4;com vítima;136;BR-116/RJ;Sul;Colisão Traseira;1;;;;1;;;;;;1;;1;;
23/08/2017;10:52:00;9;com vítima;77,1;BR-116/RJ;Sul;Colisão Lateral;2;;;;;;;;;;0;2;;;
24/08/2017;17:03:00;39;com vítima;78,3;BR-116/RJ;Sul;Colisão Lateral;1;;;1;;;;;;;1;1;;;
24/08/2017;17:00:00;37;com vítima;106;BR-116/RJ;Norte;Colisão Traseira;;;1;1;;;;;;;1;2;;;
24/08/2017;10:43:00;16;sem vítima;141,3;BR-116/RJ;Norte;Choque - Defensa, barreira ou "submarino";1;;;;;;;;;;1;;;;
25/08/2017;11:29:00;30;com vítima;46,98;BR-116/RJ;Sul;Choque - Defensa, barreira ou "submarino";1;;;;;;;;;;0;1;;;
25/08/2017;11:53:00;31;sem vítima;46,98;BR-116/RJ;Norte;Choque - Defensa, barreira ou "submarino";1;;;;;;;;;;1;;;;
25/08/2017;17:40:00;50;sem vítima;130,1;BR-116/RJ;Sul;Saida de Pista;1;;;;;;;;;;1;;;;
25/08/2017;08:28:00;21;com vítima;143,4;BR-116/RJ;Norte;Queda de Moto;;;;1;;;;;;;0;;1;;
25/08/2017;10:20:00;25;sem vítima;143,5;BR-116/RJ;Sul;Engavetamento;2;;;;;1;;;;;3;;;;
26/08/2017;10:22:00;13;sem vítima;138,4;BR-116/RJ;Norte;Choque - Elemento de Drenagem;1;;;;;;;;;;1;;;;
27/08/2017;17:18:00;27;com vítima;62,5;BR-116/RJ;Sul;Queda de Moto;;;;1;;;;;;;0;2;;;
27/08/2017;19:50:00;33;com vítima;73,2;BR-116/RJ;Sul;Colisão Lateral;1;;1;;;;;;;;2;1;;1;
27/08/2017;01:02:00;2;com vítima;143,9;BR-116/RJ;Norte;Choque - Defensa, barreira ou "submarino";1;;;;;;;;;;0;1;;;
28/08/2017;15:45:00;30;com vítima;59,95;BR-116/RJ;Sul;Capotamento;1;;;;;;;;;;0;1;;;
28/08/2017;05:40:00;7;com vítima;97,85;BR-116/RJ;Sul;Tombamento;;;1;;;;;;;;0;4;;;
28/08/2017;07:29:00;9;sem vítima;141,4;BR-116/RJ;Sul;Engavetamento;3;;;;;;;;;;3;;;;
28/08/2017;10:02:00;14;com vítima;142,95;BR-116/RJ;Norte;Colisão Lateral;1;;1;;;;;;;;1;1;;;
29/08/2017;01:10:00;5;sem vítima;66,6;BR-116/RJ;Sul;Saida de Pista;1;;;;;;;;;;1;;;;
29/08/2017;14:50:00;21;sem vítima;140,3;BR-116/RJ;Sul;Choque - Defensa, barreira ou "submarino";1;;;;;;;;;;1;;;;
30/08/2017;05:07:00;4;sem vítima;104,8;BR-116/RJ;Norte;Choque - Defensa, barreira ou "submarino";;;1;;;;;;;;2;;;;
30/08/2017;12:07:00;25;com vítima;140,18;BR-116/RJ;Sul;Choque - Veiculo parado no acostamento;1;;;1;;;;;;;1;;1;;
31/08/2017;16:40:00;30;com vítima;74,8;BR-116/RJ;Norte;Queda de Moto;;;;1;;;;;;;0;;1;;
31/08/2017;07:24:00;4;com vítima;133,5;BR-116/RJ;Norte;Tombamento;;;1;;;;;;;;1;;1;;
31/08/2017;11:14:00;14;com vítima;139,9;BR-116/RJ;Sul;Tombamento;;;1;;;;;;;;0;1;;;
25/02/2018;21:12:00;45;com vítima;12,6;BR-116/RJ;Sul;Choque - Defensa, barreira ou "submarino";;;1;;;;;;;;0;;1;;
18/02/2018;10:08:00;14;sem vítima;19;BR-116/RJ;Sul;Colisão Traseira;2;;;;;;;;;;2;;;;
07/02/2018;07:43:00;8;com vítima;21,3;BR-116/RJ;Sul;Saida de Pista;1;;;;;;;;;;0;1;;;
23/02/2018;11:22:00;19;com vítima;22,4;BR-116/RJ;Sul;Saida de Pista;1;;;;;;;;;;0;1;;;
27/02/2018;19:12:00;43;com vítima;23,4;BR-116/RJ;Sul;Saida de Pista;1;;;;;;;;;;0;1;;;
27/02/2018;16:34:00;38;sem vítima;27;BR-116/RJ;Sul;Saida de Pista;1;;;;;;;;;;1;;;;
28/02/2018;04:15:00;5;sem vítima;28,9;BR-116/RJ;Sul;Choque - Defensa, barreira ou "submarino";;;1;;;;;;;;1;;;;
21/02/2018;04:13:00;3;sem vítima;35,5;BR-116/RJ;Sul;Atropelamento de Animal;;;1;;;;;;;;1;;;;
03/02/2018;15:10:00;41;com vítima;37,9;BR-116/RJ;Sul;Choque - Defensa, barreira ou "submarino";1;;;;;;;;;;0;4;;;
03/02/2018;15:10:00;42;com vítima;37,9;BR-116/RJ;Sul;Choque - Defensa, barreira ou "submarino";1;;;;;;;;;;0;1;;;
05/02/2018;15:29:00;22;com vítima;39,2;BR-116/RJ;Sul;Saida de Pista;1;;;;;;;;;;0;4;;;
21/02/2018;08:16:00;11;sem vítima;40,2;BR-116/RJ;Sul;Choque - Veiculo parado no acostamento;1;;2;;;;;;;;3;;;;
09/02/2018;00:40:00;1;sem vítima;42,8;BR-116/RJ;Norte;Choque - Defensa, barreira ou "submarino";1;;;;;;;;;;1;;;;
15/02/2018;14:55:00;40;com vítima;50,3;BR-116/RJ;Norte;Colisão Traseira;1;;1;;;;;;;;1;4;;;
26/02/2018;20:50:00;58;com vítima;53,3;BR-116/RJ;Norte;Colisão Lateral;1;;1;;;;;;;;0;2;;;
22/02/2018;10:36:00;15;com vítima;53,7;BR-116/RJ;Sul;Colisão Traseira;1;;;1;;;;;;;1;1;;;