data;horario;n_da_ocorrencia;tipo_de_ocorrencia;km;trecho;sentido;tipo_de_acidente;automovel;bicicleta;caminhao;moto;onibus;outros;tracao_animal;transporte_de_cargas_especiais;trator_maquinas;utilitarios;ilesos;levemente_feridos;moderadamente_feridos;gravemente_feridos;mortos
23/06/2018;07:27:00;11;sem vítima;143,2;BR-116/RJ;Sul;Colisão Traseira;2;;;;;;;;;;2;;;;
25/06/2018;06:21:00;5;com vítima;78,6;BR-116/RJ;Norte;Atropelamento - Pessoa;1;;;;;;;;;;1;;;1;
25/06/2018;14:54:00;23;sem vítima;122,4;BR-116/RJ;Norte;Saida de Pista;1;;1;;;;;;;;2;;;;
25/06/2018;03:47:00;1;com vítima;134,1;BR-116/RJ;Norte;Choque - Defensa, barreira ou "submarino";1;;;;;;;;;;0;1;;;
25/06/2018;09:17:00;12;com vítima;142,2;BR-116/RJ;Norte;Colisão Transversal;1;;;1;;;;;;;1;1;;;
26/06/2018;22:25:00;67;com vítima;24,3;BR-116/RJ;Sul;Colisão Frontal;2;;;;;;;;;;0;;3;;
27/06/2018;11:20:00;34;com vítima;85,6;BR-116/RJ;Sul;Colisão Lateral;1;;1;;;;;;;;0;1;1;;
27/06/2018;15:13:00;50;com vítima;89;BR-116/RJ;Sul;Queda de Moto;;;;1;;;;;;;0;1;;;
27/06/2018;07:28:00;11;com vítima;108,7;BR-116/RJ;Norte;Colisão Traseira;1;;1;;;;;;;;1;;;2;
28/06/2018;18:20:00;50;com vítima;44,8;BR-116/RJ;Norte;Colisão Lateral;1;;;;;1;;;;;1;4;;;
28/06/2018;11:28:00;22;com vítima;120,1;BR-116/RJ;Sul;Saida de Pista;1;;;;;;;;;;0;;1;;
28/06/2018;13:00:00;28;com vítima;136,4;BR-116/RJ;Norte;Choque - Defensa, barreira ou "submarino";2;1;;;;;;;;;2;;1;1;
28/06/2018;14:00:00;32;sem vítima;137;BR-116/RJ;Norte;Engavetamento;2;;1;;;;;;;;3;;;;
28/06/2018;16:33:00;43;sem vítima;137,4;BR-116/RJ;Norte;Choque - Defensa, barreira ou "submarino";1;;;;;;;;;;1;;;;
29/06/2018;10:50:00;14;sem vítima;2,1;BR-116/RJ;Sul;Colisão Lateral;2;;;;;;;;;;2;;;;
29/06/2018;18:21:00;49;com vítima;79,8;BR-116/RJ;Norte;Colisão Frontal;;;;2;;;;;;;0;2;;;
30/06/2018;18:35:00;51;com vítima;70,98;BR-116/RJ;Sul;Colisão Traseira;2;;;;;;;;;;2;1;1;;
30/06/2018;18:20:00;49;com vítima;81,6;BR-116/RJ;Sul;Colisão Lateral;1;;;;2;;;;;;2;;1;;
30/06/2018;00:14:00;2;com vítima;123,2;BR-116/RJ;Sul;Colisão Lateral;;;1;1;;;;;;;1;;1;;
01/07/2018;07:07:00;11;com vítima;79,05;BR-116/RJ;Norte;Colisão Lateral;1;;1;;;;;;;;1;;2;;
01/07/2018;17:38:00;42;com vítima;95,7;BR-116/RJ;Sul;Colisão Lateral;2;;;;;;;;;;2;1;;;
01/07/2018;19:55:00;48;com vítima;114,7;BR-116/RJ;Norte;Queda de Moto;;;;1;;;;;;;0;1;;;
02/07/2018;07:44:00;15;com vítima;39,8;BR-116/RJ;Sul;Colisão Transversal;2;;;;;;;;;;0;2;;;
02/07/2018;01:19:00;2;com vítima;126,9;BR-116/RJ;Norte;Choque - Defensa, barreira ou "submarino";1;;;;;;;;;;0;2;;;
02/07/2018;02:39:00;3;com vítima;137,5;BR-116/RJ;Norte;Choque - Defensa, barreira ou "submarino";;;;1;;;;;;;0;;1;;
03/07/2018;18:53:00;48;sem vítima;65,8;BR-116/RJ;Norte;Colisão Transversal;2;;;;;;;;;;2;;;;
03/07/2018;09:32:00;13;com vítima;141,7;BR-116/RJ;Sul;Colisão Lateral;1;;1;;;;;;;;1;;1;;
04/07/2018;09:41:00;16;com vítima;54;BR-116/RJ;Sul;Colisão Transversal;1;;1;;;;;;;;1;;;1;
04/07/2018;09:56:00;18;com vítima;72,8;BR-116/RJ;Norte;Colisão Transversal;;;;1;;;;;;;0;1;;;
04/07/2018;06:40:00;6;com vítima;105,15;BR-116/RJ;Norte;Choque - Defensa, barreira ou "submarino";;;1;;;;;;;;0;1;;;
04/07/2018;05:50:00;3;com vítima;133,35;BR-116/RJ;Sul;Colisão Traseira;1;;1;;;;;;;;1;1;;;
04/07/2018;06:25:00;4;sem vítima;137,5;BR-116/RJ;Sul;Choque - Poste;1;;;;;;;;;;1;;;;
05/07/2018;10:00:00;15;com vítima;143;BR-116/RJ;Norte;Colisão Traseira;1;;;;1;;;;;;1;2;;;
06/07/2018;13:08:00;33;sem vítima;137,95;BR-116/RJ;Norte;Choque - Defensa, barreira ou "submarino";1;;;;;;;;;;1;;;;
07/07/2018;23:40:00;59;com vítima;37,2;BR-116/RJ;Norte;Atropelamento de Cachorro;;;;1;;;;;;;0;;1;;
07/07/2018;13:53:00;24;com vítima;65,3;BR-116/RJ;Sul;Colisão Transversal;2;;;;;;;;;;0;3;;;
07/07/2018;18:27:00;46;sem vítima;100,1;BR-116/RJ;Sul;Engavetamento;3;;;;;;;;;;3;;;;
07/07/2018;15:54:00;35;com vítima;129,9;BR-116/RJ;Norte;Colisão Traseira;1;;;;;;1;;;;1;2;;;
07/07/2018;05:48:00;6;sem vítima;133,5;BR-116/RJ;Norte;Colisão Traseira;2;;;;;;;;;;2;;;;
08/07/2018;22:11:00;56;com vítima;67,1;BR-116/RJ;Sul;Colisão Traseira;2;;;;;;;;;;0;3;1;;
08/07/2018;04:23:00;3;com vítima;131,45;BR-116/RJ;Norte;Colisão Lateral;1;;;1;;;;;;;1;1;;;
09/07/2018;20:05:00;52;com vítima;143,1;BR-116/RJ;Norte;Colisão Traseira;1;;;;1;;;;;;39;1;2;;
10/07/2018;18:14:00;41;sem vítima;92,1;BR-116/RJ;Sul;Choque - Defensa, barreira ou "submarino";;;1;;;;;;;;1;;;;
10/07/2018;14:17:00;21;sem vítima;104,3;BR-116/RJ;Norte;Colisão Transversal;2;;;;;;;;;;2;;;;
10/07/2018;14:54:00;26;com vítima;107,95;BR-116/RJ;Norte;Choque - Defensa, barreira ou "submarino";1;;;;;;;;;;0;;1;;
10/07/2018;17:19:00;38;com vítima;128,3;BR-116/RJ;Sul;Colisão Transversal;1;1;;;;;;;;;1;;1;;
11/07/2018;08:58:00;7;sem vítima;17,9;BR-116/RJ;Sul;Choque - Defensa, barreira ou "submarino";1;;;;;;;;;;1;;;;
11/07/2018;00:01:00;1;sem vítima;19,05;BR-116/RJ;Sul;Saida de Pista;;;1;;;;;;;;1;;;;
11/07/2018;10:00:00;16;sem vítima;122,3;BR-116/RJ;Norte;Saida de Pista;1;;;;;;;;;;1;;;;
12/07/2018;17:19:00;38;com vítima;67,5;BR-116/RJ;Sul;Atropelamento de Cachorro;;;;1;;;;;;;0;;1;;
12/07/2018;07:45:00;13;sem vítima;107;BR-116/RJ;Norte;Colisão Lateral;2;;;;;;;;;;2;;;;
12/07/2018;12:08:00;29;com vítima;130,1;BR-116/RJ;Sul;Saida de Pista;1;;;;;;;;;;0;1;;;
12/07/2018;15:03:00;34;sem vítima;138,3;BR-116/RJ;Sul;Colisão Lateral;2;;;;;;;;;;2;;;;
12/07/2018;08:08:00;17;com vítima;139,95;BR-116/RJ;Norte;Choque - Defensa, barreira ou "submarino";1;;;;;;;;;;0;;1;;
12/07/2018;00:29:00;2;com vítima;142,9;BR-116/RJ;Norte;Colisão Lateral;2;;;;;;;;;;0;2;;;
13/07/2018;08:36:00;11;com vítima;64,95;BR-116/RJ;Sul;Saida de Pista;1;;;;;;;;;;0;;1;;
13/07/2018;06:54:00;4;com vítima;69,3;BR-116/RJ;Sul;Queda de Moto;;;;1;;;;;;;0;1;1;;
14/07/2018;23:35:00;62;com vítima;95,1;BR-116/RJ;Norte;Saida de Pista;;;1;;;;;;;;0;;1;;1
14/07/2018;16:34:00;48;sem vítima;123,85;BR-116/RJ;Sul;Colisão Lateral;1;;1;;;;;;;;2;;;;
14/07/2018;14:50:00;40;com vítima;140,5;BR-116/RJ;Norte;Atropelamento - Pessoa;1;1;;;;;;;;;1;;;1;
16/07/2018;15:51:00;49;com vítima;65,1;BR-116/RJ;Sul;Queda de Moto;;;;1;;;;;;;0;2;;;
16/07/2018;00:21:00;1;com vítima;66,5;BR-116/RJ;Norte;Atropelamento - Pessoa;;;;1;;;;;;;0;;;2;
16/07/2018;13:58:00;39;com vítima;85,8;BR-116/RJ;Norte;Choque - Defensa, barreira ou "submarino";1;;;;;;;;;;1;;1;;
16/07/2018;10:21:00;25;sem vítima;126,4;BR-116/RJ;Sul;Colisão Lateral;1;;1;;;;;;;;2;;;;
17/07/2018;21:15:00;61;com vítima;37,1;BR-116/RJ;Sul;Colisão Traseira;;;2;;;;;;;;1;;2;;
17/07/2018;02:55:00;1;sem vítima;57,1;BR-116/RJ;Norte;Choque - Arvore;1;;;;;;;;;;1;;;;
17/07/2018;22:26:00;64;com vítima;65,9;BR-116/RJ;Norte;Colisão Frontal;1;;;1;;;;;;;1;;1;;
18/07/2018;07:09:00;7;com vítima;96,5;BR-116/RJ;Sul;Saida de Pista;;;1;;;;;;;;0;1;;;
20/07/2018;18:30:00;56;com vítima;76,8;BR-116/RJ;Norte;Colisão Traseira;2;;;;;;;;;;0;2;;;
20/07/2018;13:42:00;30;com vítima;81;BR-116/RJ;Norte;Choque - Defensa, barreira ou "submarino";1;;;;;;;;;;1;;1;;
20/07/2018;06:06:00;4;com vítima;136,3;BR-116/RJ;Norte;Colisão Lateral;2;;;;;;;;;;1;;1;;
20/07/2018;15:30:00;38;sem vítima;143,7;BR-116/RJ;Norte;Colisão Traseira;1;;1;;;;;;;;2;;;;
21/07/2018;12:18:00;19;com vítima;99,3;BR-116/RJ;Norte;Colisão Lateral;1;;1;;;;;;;;1;1;;;
21/07/2018;13:38:00;24;com vítima;99,5;BR-116/RJ;Norte;Queda de Moto;;;;1;;;;;;;0;1;;;
22/07/2018;11:30:00;32;com vítima;85,6;BR-116/RJ;Norte;Choque - Defensa, barreira ou "submarino";1;;;;;;;;;;0;1;;;
22/07/2018;10:51:00;28;com vítima;90,5;BR-116/RJ;Norte;Colisão Frontal;1;;1;;;;;;;;0;2;;1;1
22/07/2018;08:44:00;16;sem vítima;90,6;BR-116/RJ;Sul;Saida de Pista;1;;;;;;;;;;1;;;;
22/07/2018;18:31:00;56;com vítima;120,95;BR-116/RJ;Sul;Engavetamento;1;;;2;;;;;;;1;2;;;
22/07/2018;06:29:00;11;com vítima;127,5;BR-116/RJ;Norte;Colisão Traseira;2;;;;;;;;;;1;1;;;
22/07/2018;06:52:00;12;sem vítima;132,6;BR-116/RJ;Sul;Saida de Pista;;;1;;;;;;;;1;;;;
22/07/2018;02:09:00;4;com vítima;144;BR-116/RJ;Sul;Saida de Pista;1;;;;;;;;;;3;1;;;
23/07/2018;12:36:00;22;com vítima;29,35;BR-116/RJ;Sul;Colisão Frontal;1;;1;;;;;;;;0;1;5;;
24/07/2018;17:51:00;39;com vítima;97,1;BR-116/RJ;Norte;Choque - Defensa, barreira ou "submarino";1;;;;;;;;;;0;1;;;
24/07/2018;05:19:00;7;com vítima;99,5;BR-116/RJ;Sul;Tombamento;;;1;;;;;;;;0;1;1;;
25/07/2018;01:20:00;4;com vítima;96;BR-116/RJ;Sul;Saida de Pista;;;1;;;;;;;;0;1;;;
25/07/2018;09:15:00;16;sem vítima;139,1;BR-116/RJ;Norte;Colisão Traseira;;;;;;;;;;2;2;;;;
26/07/2018;21:00:00;57;sem vítima;19,3;BR-116/RJ;Sul;Choque - Defensa, barreira ou "submarino";1;;;;;;;;;;1;;;;
26/07/2018;12:37:00;21;sem vítima;89;BR-116/RJ;Norte;Colisão Lateral;;;2;;;;;;;;2;;;;
28/07/2018;05:57:00;3;com vítima;53,8;BR-116/RJ;Sul;Tombamento;;;1;;;;;;;;0;1;;;
29/07/2018;13:40:00;25;com vítima;99;BR-116/RJ;Norte;Queda de Moto;;;;1;;;;;;;0;1;;;
29/07/2018;14:50:00;32;com vítima;99;BR-116/RJ;Norte;Queda de Moto;;;;1;;;;;;;0;1;;;
29/07/2018;11:42:00;20;com vítima;103,2;BR-116/RJ;Sul;Saida de Pista;1;;;;;;;;;;0;1;;;
29/07/2018;07:40:00;10;com vítima;142,4;BR-116/RJ;Sul;Choque - Defensa, barreira ou "submarino";1;;;;;;;;;;1;;1;;
30/07/2018;23:11:00;78;com vítima;26,6;BR-116/RJ;Norte;Choque - Talude;;;1;;;;;;;;0;1;;;
30/07/2018;19:28:00;63;com vítima;77,05;BR-116/RJ;Sul;Colisão Traseira;2;;;;;;;;;;0;3;;;
30/07/2018;17:19:00;58;com vítima;130,149;BR-116/RJ;Sul;Saida de Pista;1;;;;;;;;;;6;;1;;
31/07/2018;11:20:00;20;sem vítima;75,6;BR-116/RJ;Norte;Choque - Defensa, barreira ou "submarino";1;;;;;;;;;;1;;;;
31/07/2018;16:34:00;34;com vítima;95,03;BR-116/RJ;Norte;Colisão Lateral;1;;1;;;;;;;;1;1;;;
31/07/2018;10:14:00;13;com vítima;96;BR-116/RJ;Norte;Colisão Lateral;1;;;1;;;;;;;1;1;;;
01/08/2018;18:29:00;36;com vítima;43,4;BR-116/RJ;Norte;Colisão Frontal;1;;1;;;;;;;1;0;3;;;
01/08/2018;21:43:00;47;sem vítima;80,2;BR-116/RJ;Sul;Colisão Traseira;1;;1;;;;;;;;2;;;;
01/08/2018;16:13:00;28;sem vítima;85,7;BR-116/RJ;Sul;Choque - Defensa, barreira ou "submarino";1;;;;;;;;;;1;;;;
01/08/2018;20:42:00;42;sem vítima;131,05;BR-116/RJ;Norte;Saida de Pista;1;;;;;;;;;;1;;;;
01/08/2018;18:35:00;38;sem vítima;141,7;BR-116/RJ;Sul;Engavetamento;2;;1;;;;;;;;3;;;;
01/08/2018;16:51:00;33;com vítima;143,4;BR-116/RJ;Norte;Engavetamento;2;;1;;1;;;;;;3;;1;;
02/08/2018;19:54:00;31;sem vítima;85,5;BR-116/RJ;Norte;Choque - Defensa, barreira ou "submarino";1;;;;;;;;;;1;;;;
02/08/2018;13:52:00;16;com vítima;88;BR-116/RJ;Norte;Saida de Pista;1;;;;;;;;;;0;1;;;
03/08/2018;17:55:00;41;sem vítima;17,05;BR-116/RJ;Norte;Choque - Defensa, barreira ou "submarino";1;;;;;;;;;;1;;;;
03/08/2018;18:54:00;44;com vítima;40;BR-116/RJ;Sul;Colisão Transversal;2;;;;;;;;;;0;2;;;
03/08/2018;15:59:00;34;sem vítima;88;BR-116/RJ;Norte;Choque - Defensa, barreira ou "submarino";1;;;;;;;;;;3;;;;
03/08/2018;20:08:00;47;sem vítima;92,9;BR-116/RJ;Sul;Saida de Pista;1;;;;;;;;;;1;;;;
03/08/2018;18:12:00;42;com vítima;123,4;BR-116/RJ;Sul;Engavetamento;4;;;;;;;;;;4;;1;;
03/08/2018;15:13:00;29;com vítima;136;BR-116/RJ;Sul;Choque - Defensa, barreira ou "submarino";1;;;;;;;;;;0;2;;;
03/08/2018;15:33:00;31;sem vítima;136,5;BR-116/RJ;Norte;Saida de Pista;;;1;;;;;;;;1;;;;
03/08/2018;18:10:00;43;sem vítima;142,1;BR-116/RJ;Sul;Colisão Traseira;2;;;;;;;;;;2;;;;
04/08/2018;19:05:00;41;sem vítima;54;BR-116/RJ;Sul;Choque - Defensa, barreira ou "submarino";1;;;;;;;;;;1;;;;
04/08/2018;09:56:00;13;com vítima;72,1;BR-116/RJ;Sul;Choque - Elemento de Drenagem;;;1;;;;;;;;1;1;;;
04/08/2018;18:44:00;39;com vítima;137,9;BR-116/RJ;Norte;Colisão Traseira;2;;;;;;;;;;1;2;;;
05/08/2018;18:35:00;52;com vítima;91,1;BR-116/RJ;Norte;Engavetamento;3;;;;;;;;;;3;3;;;
05/08/2018;02:32:00;4;sem vítima;102,5;BR-116/RJ;Sul;Choque - Defensa, barreira ou "submarino";1;;;;;;;;;;4;;;;
05/08/2018;13:45:00;34;com vítima;111,95;BR-116/RJ;Norte;Colisão Traseira;2;;;;;;;;;;0;5;;;
05/08/2018;13:53:00;36;com vítima;125,4;BR-116/RJ;Norte;Colisão Transversal;1;1;;;;;;;;;1;;1;;
05/08/2018;01:00:00;3;com vítima;132;BR-116/RJ;Sul;Saida de Pista;1;;;;;;;;;;0;3;;;
05/08/2018;17:44:00;48;sem vítima;133,5;BR-116/RJ;Sul;Colisão Traseira;1;;;;1;;;;;;32;;;;
05/08/2018;21:32:00;64;sem vítima;138,95;BR-116/RJ;Sul;Choque - Defensa, barreira ou "submarino";1;;;;;;;;;;1;;;;
06/08/2018;08:12:00;9;sem vítima;61,8;BR-116/RJ;Sul;Colisão Traseira;3;;;;;;;;;;3;;;;
06/08/2018;15:35:00;31;sem vítima;87,9;BR-116/RJ;Norte;Saida de Pista;1;;;;;;;;;;1;;;;
06/08/2018;19:26:00;46;com vítima;135,3;BR-116/RJ;Sul;Atropelamento de Animal;2;;;;;;;;;;1;2;;;
06/08/2018;18:20:00;40;com vítima;141,4;BR-116/RJ;Norte;Queda de Moto;;;;1;;;;;;;0;1;;;
07/08/2018;02:17:00;6;com vítima;74,9;BR-116/RJ;Sul;Choque - Defensa, barreira ou "submarino";1;;;;;;;;;;0;2;;;
07/08/2018;10:09:00;20;com vítima;75;BR-116/RJ;Norte;Choque - Defensa, barreira ou "submarino";1;;;;;;;;;;0;1;;;
07/08/2018;21:26:00;61;com vítima;79,85;BR-116/RJ;Norte;Colisão Transversal;1;;;1;;;;;;;1;;1;;
08/08/2018;18:20:00;41;com vítima;67;BR-116/RJ;Norte;Atropelamento - Pessoa;1;;;;;;;;;;1;;1;;
08/08/2018;12:25:00;26;com vítima;139,1;BR-116/RJ;Sul;Capotamento;1;;;;;;;;;;0;1;;;
09/08/2018;13:30:00;35;com vítima;37,3;BR-116/RJ;Norte;Colisão Traseira;1;;;1;;;;;;;1;1;;;
09/08/2018;11:56:00;32;sem vítima;133,4;BR-116/RJ;Norte;Colisão Lateral;1;;1;;;;;;;;2;;;;
10/08/2018;17:30:00;45;com vítima;67;BR-116/RJ;Sul;Queda de Moto;;;;1;;;;;;;0;2;;;
10/08/2018;21:07:00;66;com vítima;79,5;BR-116/RJ;Norte;Colisão Lateral;1;;;1;;;;;;;1;;1;;
10/08/2018;23:26:00;72;com vítima;113,5;BR-116/RJ;Norte;Choque - Defensa, barreira ou "submarino";1;;;;;;;;;;0;1;;;
10/08/2018;17:33:00;46;sem vítima;131;BR-116/RJ;Sul;Colisão Traseira;;;1;;;;;;;1;2;;;;
10/08/2018;09:09:00;15;com vítima;134,2;BR-116/RJ;Sul;Queda de Moto;;;;1;;;;;;;0;1;;;
11/08/2018;20:13:00;60;com vítima;39,15;BR-116/RJ;Sul;Atropelamento - Pessoa;2;;;;;;;;;;0;1;;;1
11/08/2018;17:40:00;55;com vítima;101,2;BR-116/RJ;Sul;Colisão Lateral;1;;;1;;;;;;;2;;1;;
11/08/2018;15:18:00;46;sem vítima;142;BR-116/RJ;Norte;Choque - Defensa, barreira ou "submarino";;;1;;;;;;;;1;;;;
12/08/2018;16:15:00;34;com vítima;56,9;BR-116/RJ;Sul;Atropelamento - Pessoa;1;;;;;;;;;;1;;;1;
13/08/2018;14:45:00;37;com vítima;106,95;BR-116/RJ;Norte;Queda de Moto;;;;1;;;;;;;0;1;;;
16/08/2018;23:58:00;66;com vítima;96,3;BR-116/RJ;Sul;Choque - Defensa, barreira ou "submarino";1;;;;;;;;;;0;1;;;
16/08/2018;15:15:00;39;com vítima;98,6;BR-116/RJ;Sul;Saida de Pista;1;;;;;;;;;;0;;1;;
16/08/2018;21:21:00;60;com vítima;99,5;BR-116/RJ;Norte;Queda de Moto;;;;1;;;;;;;0;1;;;
16/08/2018;21:29:00;61;sem vítima;100,5;BR-116/RJ;Sul;Colisão Lateral;2;;;;;;;;;;2;;;;
17/08/2018;08:00:00;10;sem vítima;27,2;BR-116/RJ;Norte;Choque - Defensa, barreira ou "submarino";1;;;;;;;;;;1;;;;
17/08/2018;22:42:00;60;com vítima;82,75;BR-116/RJ;Sul;Colisão Frontal;2;;;;;;;;;;0;2;2;1;2
17/08/2018;21:18:00;54;sem vítima;88,7;BR-116/RJ;Norte;Choque - Defensa, barreira ou "submarino";1;;;;;;;;;;1;;;;
17/08/2018;15:29:00;33;com vítima;102,7;BR-116/RJ;Norte;Colisão Lateral;1;;1;;;;;;;;1;1;;;
17/08/2018;21:17:00;53;com vítima;106,05;BR-116/RJ;Norte;Colisão Lateral;;;1;1;;;;;;;1;;;1;
17/08/2018;17:36:00;40;sem vítima;133,4;BR-116/RJ;Sul;Choque - Poste;1;;;;;;;;;;1;;;;
18/08/2018;17:40:00;39;com vítima;38,8;BR-116/RJ;Sul;Colisão Traseira;1;;;1;;;;;;;0;2;;;
18/08/2018;22:43:00;55;com vítima;137,65;BR-116/RJ;Norte;Saida de Pista;1;;;;;;;;;;0;1;;;
19/08/2018;18:18:00;47;sem vítima;71;BR-116/RJ;Norte;Colisão Lateral;;;1;1;;;;;;;2;;;;
19/08/2018;14:50:00;38;com vítima;92,5;BR-116/RJ;Sul;Engavetamento;3;;;;;;;;;;3;1;;;
19/08/2018;13:02:00;31;com vítima;94,1;BR-116/RJ;Norte;Tombamento;1;;1;;;;;;;;0;5;2;;
19/08/2018;06:20:00;10;com vítima;130,35;BR-116/RJ;Sul;Colisão Transversal;1;;;1;;;;;;;1;;;;1
20/08/2018;20:21:00;66;sem vítima;83,5;BR-116/RJ;Sul;Colisão Lateral;1;;1;;;;;;;;2;;;;
20/08/2018;18:59:00;61;com vítima;96,03;BR-116/RJ;Sul;Colisão Lateral;1;;1;;;;;;;;1;;4;;
20/08/2018;01:05:00;3;sem vítima;104,15;BR-116/RJ;Norte;Atropelamento de Cachorro;1;;;;;;;;;;1;;;;
20/08/2018;00:30:00;1;com vítima;106;BR-116/RJ;Norte;Choque - Defensa, barreira ou "submarino";1;;;;;;;;;;0;1;;;
20/08/2018;08:06:00;13;com vítima;144;BR-116/RJ;Sul;Colisão Traseira;1;;1;;;;;;;;1;1;;;
21/08/2018;12:43:00;32;com vítima;75,4;BR-116/RJ;Sul;Choque - Defensa, barreira ou "submarino";1;;;;;;;;;;0;1;;;
21/08/2018;13:30:00;38;com vítima;92,8;BR-116/RJ;Norte;Colisão Traseira;2;;1;;;;;;;;0;3;;;
21/08/2018;06:48:00;9;sem vítima;142;BR-116/RJ;Sul;Engavetamento;2;;;;;1;;;;;3;;;;
21/08/2018;06:25:00;8;com vítima;144;BR-116/RJ;Sul;Queda de Moto;;;;1;;;;;;;0;1;;;
22/08/2018;14:14:00;35;sem vítima;133,3;BR-116/RJ;Sul;Colisão Traseira;1;;;;;;;;;1;2;;;;
23/08/2018;18:43:00;45;com vítima;29,3;BR-116/RJ;Norte;Tombamento;;;1;;;;;;;;0;;1;;
23/08/2018;10:57:00;16;sem vítima;119;BR-116/RJ;Norte;Saida de Pista;1;;;;;;;;;;1;;;;
23/08/2018;13:00:00;19;sem vítima;119;BR-116/RJ;Sul;Saida de Pista;;;;;;;;;;1;1;;;;
23/08/2018;07:51:00;7;com vítima;119,8;BR-116/RJ;Sul;Colisão Traseira;1;;1;;;;;;;;1;1;;;
24/08/2018;01:20:00;2;sem vítima;123,3;BR-116/RJ;Sul;Tombamento;;;1;;;;;;;;2;;;;
26/08/2018;15:34:00;25;com vítima;37,7;BR-116/RJ;Norte;Capotamento;1;;;;;;;;;;0;2;;;
26/08/2018;09:20:00;7;sem vítima;94,05;BR-116/RJ;Norte;Choque - Defensa, barreira ou "submarino";1;;;;;;;;;;1;;;;
26/08/2018;14:45:00;22;com vítima;95;BR-116/RJ;Norte;Queda de Moto;;;;1;;;;;;;1;1;;;
27/08/2018;23:54:00;44;com vítima;29,3;BR-116/RJ;Norte;Tombamento;;;1;;;;;;;;0;1;;;
28/08/2018;20:30:00;52;com vítima;61,3;BR-116/RJ;Norte;Choque - Defensa, barreira ou "submarino";1;;;;;;;;;;0;1;;;
28/08/2018;01:52:00;3;sem vítima;95,4;BR-116/RJ;Sul;Choque - Defensa, barreira ou "submarino";1;;;;;;;;;;1;;;;
29/08/2018;20:46:00;44;com vítima;50,3;BR-116/RJ;Norte;Colisão Lateral;1;;1;;;;;;;;1;2;;;
30/08/2018;12:47:00;24;com vítima;17,6;BR-116/RJ;Norte;Colisão Frontal;;;1;;;;;;;;0;1;;1;
30/08/2018;07:17:00;5;com vítima;35,5;BR-116/RJ;Norte;Colisão Frontal;;;1;1;;;;;;;0;1;;;1
30/08/2018;10:05:00;13;com vítima;98,8;BR-116/RJ;Norte;Colisão Lateral;;;1;1;;;;;;;1;;;1;
31/08/2018;00:50:00;3;sem vítima;12,1;BR-116/RJ;Sul;Atropelamento de Animal;;;1;;;;;;;;1;;;;
31/08/2018;17:21:00;53;com vítima;104,2;BR-116/RJ;Norte;Colisão Transversal;1;;1;;;;;;;;0;2;;;
31/08/2018;19:38:00;58;com vítima;141,4;BR-116/RJ;Sul;Choque - Defensa, barreira ou "submarino";1;;;;;;;;;;0;1;;;
01/09/2018;05:25:00;3;com vítima;90,5;BR-116/RJ;Norte;Queda de Moto;;;;1;;;;;;;0;;1;1;
02/09/2018;10:38:00;21;com vítima;105,4;BR-116/RJ;Norte;Queda de Moto;;;;1;;;;;;;0;1;1;;
02/09/2018;19:08:00;73;com vítima;120,9;BR-116/RJ;Sul;Saida de Pista;1;;;;;;;;;;0;;1;;
02/09/2018;14:22:00;41;com vítima;121,4;BR-116/RJ;Sul;Saida de Pista;1;;;;;;;;;;0;;;1;
03/09/2018;23:14:00;58;com vítima;139,8;BR-116/RJ;Sul;Choque - Defensa, barreira ou "submarino";1;;;;;;;;;;0;1;;;
04/09/2018;20:03:00;44;com vítima;29;BR-116/RJ;Norte;Colisão Frontal;;;2;;;;;;;;0;2;;;
04/09/2018;08:55:00;11;com vítima;54,9;BR-116/RJ;Sul;Saida de Pista;1;;;;;;;;;;0;2;;;
05/09/2018;22:55:00;57;com vítima;44,7;BR-116/RJ;Sul;Tombamento;;;1;;;;;;;;1;1;;;
05/09/2018;21:12:00;53;com vítima;76,4;BR-116/RJ;Norte;Atropelamento - Pessoa;;;1;;;;;;;;1;;;1;
05/09/2018;15:47:00;31;com vítima;141;BR-116/RJ;Norte;Atropelamento - Pessoa;1;;;;;;;;;;1;1;;;
06/09/2018;21:15:00;69;com vítima;2,1;BR-116/RJ;Norte;Colisão Transversal;2;;;;;;;;;;0;2;;;
06/09/2018;21:33:00;74;com vítima;59,8;BR-116/RJ;Norte;Choque - Defensa, barreira ou "submarino";1;;;;;;;;;;0;1;;;
06/09/2018;16:25:00;41;com vítima;79,4;BR-116/RJ;Norte;Saida de Pista;1;;;;;;;;;;0;1;;;
06/09/2018;21:55:00;75;sem vítima;99,6;BR-116/RJ;Sul;Saida de Pista;1;;;;;;;;;;1;;;;
07/09/2018;09:05:00;15;sem vítima;3,5;BR-116/RJ;Norte;Engavetamento;4;;;;;;;;;;4;;;;
07/09/2018;22:56:00;61;com vítima;72,3;BR-116/RJ;Norte;Colisão Lateral;1;;;;1;;;;;;0;2;;;
07/09/2018;06:20:00;7;com vítima;126,5;BR-116/RJ;Sul;Choque - Defensa, barreira ou "submarino";1;;;;;;;;;;0;1;;;
07/09/2018;06:45:00;8;sem vítima;136;BR-116/RJ;Norte;Atropelamento de Animal;1;;;;;;;;;;1;;;;
09/09/2018;22:15:00;76;com vítima;27,5;BR-116/RJ;Sul;Colisão Lateral;1;;1;;;;;;;;0;4;;;