data;horario;n_da_ocorrencia;tipo_de_ocorrencia;km;trecho;sentido;tipo_de_acidente;automovel;bicicleta;caminhao;moto;onibus;outros;tracao_animal;transporte_de_cargas_especiais;trator_maquinas;utilitarios;ilesos;levemente_feridos;moderadamente_feridos;gravemente_feridos;mortos
12/11/2018;07:50:00;5;sem vítima;132,15;BR-116/RJ;Sul;Colisão Frontal;;;;;1;;1;;;;2;;;;
12/11/2018;11:31:00;22;com vítima;59,9;BR-116/RJ;Sul;Saida de Pista;1;;;;;;;;;;0;1;;;
13/11/2018;01:30:00;2;com vítima;142,8;BR-116/RJ;Sul;Colisão Frontal;1;;1;;;;;;;;1;2;;;1
13/11/2018;04:27:00;8;com vítima;99,4;BR-116/RJ;Sul;Tombamento;;;1;;;;;;;;0;;1;;
13/11/2018;06:18:00;12;com vítima;142,8;BR-116/RJ;Sul;Colisão Traseira;;;;1;1;;;;;;1;1;;;
13/11/2018;11:47:00;37;com vítima;127,5;BR-116/RJ;Sul;Capotamento;1;;;;;;;;;;0;1;;;
13/11/2018;23:34:00;68;sem vítima;128,4;BR-116/RJ;Sul;Choque - Veiculo parado na pista;1;;1;;;;;;;;5;;;;
14/11/2018;12:17:00;33;sem vítima;96,3;BR-116/RJ;Norte;Colisão Lateral;1;;1;;;;;;;;2;;;;
14/11/2018;17:35:00;56;com vítima;142,35;BR-116/RJ;Norte;Colisão Frontal;2;;;;;;;;;;1;1;;;
15/11/2018;16:26:00;77;sem vítima;126;BR-116/RJ;Sul;Saida de Pista;1;;;;;;;;;;1;;;;
15/11/2018;16:35:00;79;com vítima;61,9;BR-116/RJ;Norte;Saida de Pista;1;;;;;;;;;;0;4;1;;
15/11/2018;17:20:00;80;com vítima;143,95;BR-116/RJ;Sul;Queda de Moto;;;;1;;;;;;;0;1;;;
16/11/2018;16:57:00;43;com vítima;4,3;BR-116/RJ;Sul;Saida de Pista;1;;;;;;;;;;0;1;;;
16/11/2018;17:10:00;44;sem vítima;135,1;BR-116/RJ;Norte;Choque - Defensa, barreira ou "submarino";;;1;;;;;;;;1;;;;
16/11/2018;20:05:00;56;sem vítima;137,4;BR-116/RJ;Norte;Colisão Lateral;2;;;;;;;;;;3;;;;
16/11/2018;20:14:00;57;sem vítima;141,9;BR-116/RJ;Norte;Engavetamento;2;;;;1;;;;;;3;;;;
17/11/2018;11:48:00;32;com vítima;96,9;BR-116/RJ;Norte;Colisão Lateral;1;;1;;;;;;;;0;5;;;
17/11/2018;18:45:00;56;com vítima;60,05;BR-116/RJ;Norte;Saida de Pista;1;;;;;;;;;;0;1;;;
18/11/2018;11:09:00;20;sem vítima;94;BR-116/RJ;Norte;Colisão Transversal;2;;;;;;;;;;2;;;;
18/11/2018;12:20:00;26;sem vítima;138;BR-116/RJ;Sul;Choque - Defensa, barreira ou "submarino";1;;;;;;;;;;1;;;;
18/11/2018;16:29:00;42;com vítima;64;BR-116/RJ;Sul;Colisão Traseira;2;;;;;;;;;;0;2;;;
19/11/2018;02:53:00;4;com vítima;114,2;BR-116/RJ;Norte;Atropelamento - Pessoa;1;;;;;;;;;;0;1;1;;
19/11/2018;05:52:00;7;com vítima;134,95;BR-116/RJ;Norte;Colisão Lateral;;;1;;1;;;;;;2;2;;;
19/11/2018;09:35:00;16;sem vítima;132,6;BR-116/RJ;Norte;Choque - Defensa, barreira ou "submarino";;;1;;;;;;;;1;;;;
19/11/2018;13:45:00;32;com vítima;17,5;BR-116/RJ;Norte;Saida de Pista;1;;;;;;;;;;3;1;;;
19/11/2018;13:34:00;35;com vítima;24,1;BR-116/RJ;Norte;Saida de Pista;1;;;;;;;;;;0;2;;;
19/11/2018;20:26:00;57;com vítima;77,05;BR-116/RJ;Norte;Colisão Traseira;1;;;;1;;;;;;0;2;2;;
20/11/2018;09:12:00;11;com vítima;76,5;BR-116/RJ;Norte;Saida de Pista;1;;;;;;;;;;0;1;;;
20/11/2018;17:22:00;40;sem vítima;95,05;BR-116/RJ;Sul;Choque - Defensa, barreira ou "submarino";1;;;;;;;;;;1;;;;
20/11/2018;17:55:00;44;com vítima;141,35;BR-116/RJ;Sul;Choque - Veiculo parado no acostamento;1;;;;1;;;;;;16;1;1;;
20/11/2018;18:42:00;49;com vítima;79,1;BR-116/RJ;Sul;Colisão Traseira;1;;1;1;;;;;;;0;2;;1;
21/11/2018;04:45:00;2;sem vítima;138,4;BR-116/RJ;Sul;Colisão Traseira;1;;;;;;;;;1;2;;;;
21/11/2018;07:10:00;7;sem vítima;137,75;BR-116/RJ;Norte;Atropelamento de Animal;1;;;;;;;;;;1;;;;
21/11/2018;11:30:00;30;com vítima;18;BR-116/RJ;Sul;Saida de Pista;1;;;;;;;;;;0;2;;;
21/11/2018;19:15:00;54;com vítima;87,2;BR-116/RJ;Sul;Saida de Pista;1;;;;;;;;;;0;1;;;
21/11/2018;19:22:00;57;sem vítima;133,6;BR-116/RJ;Norte;Colisão Lateral;1;;;1;;;;;;;2;;;;
21/11/2018;20:15:00;59;com vítima;24,3;BR-116/RJ;Norte;Capotamento;1;;;;;;;;;;0;2;;;
22/11/2018;08:13:00;15;com vítima;135,6;BR-116/RJ;Norte;Colisão Lateral;1;;;1;;;;;;;1;;1;;
22/11/2018;10:15:00;20;com vítima;131,5;BR-116/RJ;Norte;Colisão Lateral;;;1;1;;;;;;;1;2;;;
22/11/2018;14:35:00;38;sem vítima;9,2;BR-116/RJ;Norte;Saida de Pista;1;;;;;;;;;;1;;;;
22/11/2018;19:16:00;55;com vítima;142,5;BR-116/RJ;Norte;Colisão Lateral;2;;;;;;;;;;1;1;2;;
23/11/2018;01:19:00;2;com vítima;125,5;BR-116/RJ;Norte;Choque - Defensa, barreira ou "submarino";1;;;;;;;;;;0;4;;;
23/11/2018;13:48:00;27;sem vítima;127,15;BR-116/RJ;Sul;Colisão Traseira;1;;1;;;;;;;;2;;;;
23/11/2018;17:00:00;37;com vítima;133,1;BR-116/RJ;Sul;Colisão Transversal;;;2;;;;;;;;0;3;;;
23/11/2018;17:19:00;38;com vítima;99,5;BR-116/RJ;Norte;Queda de Moto;;;;1;;;;;;;0;2;;;
23/11/2018;17:45:00;43;com vítima;77,6;BR-116/RJ;Norte;Colisão Lateral;;;;1;;;;;;1;0;1;1;;
23/11/2018;19:30:00;52;com vítima;40,1;BR-116/RJ;Norte;Colisão Transversal;2;;;;;;;;;;1;2;;;
23/11/2018;20:42:00;56;sem vítima;56,8;BR-116/RJ;Norte;Colisão Traseira;;;2;;;;;;;;2;;;;
24/11/2018;03:50:00;6;com vítima;90,4;BR-116/RJ;Norte;Choque - Defensa, barreira ou "submarino";1;;;;;;;;;;0;2;;;
24/11/2018;05:30:00;9;sem vítima;127;BR-116/RJ;Norte;Choque - Defensa, barreira ou "submarino";1;;;;;;;;;;1;;;;
24/11/2018;23:56:00;72;sem vítima;49,9;BR-116/RJ;Norte;Choque - Defensa, barreira ou "submarino";1;;;;;;;;;;1;;;;
25/11/2018;23:06:00;64;com vítima;48,4;BR-116/RJ;Sul;Colisão Traseira;2;;;;;;;;;;0;8;;;
26/11/2018;01:40:00;2;sem vítima;78;BR-116/RJ;Sul;Colisão Traseira;2;;;;;;;;;;2;;;;
26/11/2018;17:06:00;45;sem vítima;110,9;BR-116/RJ;Sul;Choque - Defensa, barreira ou "submarino";1;;;;;;;;;;1;;;;
27/11/2018;08:32:00;13;sem vítima;17,05;BR-116/RJ;Sul;Saida de Pista;1;;;;;;;;;;1;;;;
27/11/2018;14:29:00;41;sem vítima;133,5;BR-116/RJ;Norte;Colisão Traseira;;;2;;;;;;;;2;;;;
27/11/2018;16:55:00;45;com vítima;129,7;BR-116/RJ;Sul;Choque - Defensa, barreira ou "submarino";1;;;;;;;;;;0;2;;;
28/11/2018;06:55:00;8;com vítima;137,9;BR-116/RJ;Sul;Colisão Traseira;;;2;;1;;;;;;3;1;;;
30/11/2018;07:30:00;7;com vítima;62,2;BR-116/RJ;Norte;Colisão Traseira;1;;;1;;;;;;;0;1;1;;
30/11/2018;18:18:00;53;com vítima;82,8;BR-116/RJ;Sul;Colisão Frontal;2;;;;;;;;;;2;2;2;;
30/11/2018;22:08:00;75;sem vítima;71,5;BR-116/RJ;Sul;Colisão Transversal;1;;1;;;;;;;;2;;;;
01/12/2018;12:00:00;27;com vítima;74;BR-116/RJ;Norte;Choque - Elemento de Drenagem;1;;;;;;;;;;0;3;;;
01/12/2018;21:00:00;66;com vítima;131,4;BR-116/RJ;Norte;Colisão Lateral;2;;;;;;;;;;0;1;2;;
01/12/2018;07:08:00;12;sem vítima;133,8;BR-116/RJ;Norte;Colisão Traseira;1;;;;1;;;;;;2;;;;
01/12/2018;03:42:00;5;com vítima;142;BR-116/RJ;Sul;Colisão Traseira;;;;1;;;;;;1;1;;;;1
02/12/2018;12:54:00;26;com vítima;33,9;BR-116/RJ;Norte;Queda de Moto;;;;1;;;;;;;0;1;;;
02/12/2018;02:04:00;3;com vítima;78,8;BR-116/RJ;Sul;Queda de Moto;;;;1;;;;;;;0;;;1;
02/12/2018;05:32:00;7;com vítima;87,3;BR-116/RJ;Sul;Colisão Frontal;2;;;;;;;;;;0;6;;;
02/12/2018;09:46:00;18;com vítima;134,9;BR-116/RJ;Norte;Engavetamento;3;;;;1;;;;;;4;1;;;
03/12/2018;15:20:00;35;com vítima;6,8;BR-116/RJ;Sul;Colisão Transversal;2;;;;;;;;;;0;4;;;
03/12/2018;10:14:00;20;com vítima;109,2;BR-116/RJ;Norte;Saida de Pista;1;;;;;;;;;;0;2;;;
03/12/2018;15:00:00;33;com vítima;132;BR-116/RJ;Sul;Choque - Veiculo parado no acostamento;1;;;;1;;;;;;1;1;;;
03/12/2018;09:30:00;14;com vítima;143,6;BR-116/RJ;Sul;Colisão Lateral;1;1;1;;;;;;;;2;1;;;
04/12/2018;18:47:00;46;com vítima;123,15;BR-116/RJ;Norte;Colisão Traseira;1;;;;1;;;;;;27;1;;;
04/12/2018;09:42:00;19;sem vítima;143,8;BR-116/RJ;Sul;Colisão Traseira;2;;;;;;;;;;2;;;;
05/12/2018;10:50:00;24;com vítima;40,2;BR-116/RJ;Sul;Colisão Lateral;1;;;1;;;;;;;1;2;;;
05/12/2018;16:48:00;52;com vítima;75,5;BR-116/RJ;Norte;Atropelamento - Pessoa;1;;;;;;;;;;0;1;1;;
05/12/2018;08:10:00;15;sem vítima;133,4;BR-116/RJ;Sul;Colisão Lateral;1;;1;;;;;;;;2;;;;
06/12/2018;08:52:00;10;sem vítima;90,4;BR-116/RJ;Norte;Colisão Traseira;2;;;;;;;;;;2;;;;
07/12/2018;17:00:00;62;com vítima;76,9;BR-116/RJ;Norte;Colisão Frontal;2;;;;;;;;;;0;2;1;;
07/12/2018;07:28:00;13;sem vítima;106;BR-116/RJ;Sul;Choque - Defensa, barreira ou "submarino";1;;;;;;;;;;1;;;;
07/12/2018;17:10:00;64;sem vítima;118;BR-116/RJ;Norte;Choque - Defensa, barreira ou "submarino";1;;;;;;;;;;1;;;;
07/12/2018;10:59:00;27;com vítima;123,4;BR-116/RJ;Sul;Choque - Veiculo parado no acostamento;;;1;1;;;;;;;1;;;1;
07/12/2018;07:50:00;15;sem vítima;138;BR-116/RJ;Sul;Colisão Lateral;;;1;;1;;;;;;2;;;;
07/12/2018;12:14:00;33;sem vítima;141,5;BR-116/RJ;Norte;Colisão Traseira;3;;;;;;;;;;3;;;;
07/12/2018;21:45:00;74;com vítima;143,1;BR-116/RJ;Norte;Choque - Veiculo parado no acostamento;2;;;;;;;;;;1;1;;;
08/12/2018;05:35:00;9;sem vítima;77,9;BR-116/RJ;Sul;Saida de Pista;1;;;;;;;;;;1;;;;
08/12/2018;18:54:00;41;com vítima;93,4;BR-116/RJ;Norte;Choque - Defensa, barreira ou "submarino";1;;;;;;;;;;0;1;;;
08/12/2018;14:15:00;30;com vítima;95,4;BR-116/RJ;Norte;Choque - Defensa, barreira ou "submarino";1;;;;;;;;;;1;;1;;
08/12/2018;10:23:00;21;com vítima;101,5;BR-116/RJ;Norte;Saida de Pista;;;;;;;;;;1;0;;1;;
08/12/2018;04:33:00;7;sem vítima;122;BR-116/RJ;Sul;Colisão Traseira;1;;;;1;;;;;;2;;;;
08/12/2018;05:16:00;8;sem vítima;127,2;BR-116/RJ;Sul;Colisão Frontal;2;;;;;;;;;;2;;;;
08/12/2018;21:26:00;53;com vítima;131,4;BR-116/RJ;Norte;Colisão Transversal;1;1;;;;;;;;;1;1;;;
08/12/2018;22:07:00;57;sem vítima;131,85;BR-116/RJ;Sul;Colisão Traseira;2;;;;;;;;;;3;;;;
08/12/2018;19:20:00;45;sem vítima;133,5;BR-116/RJ;Sul;Colisão Lateral;1;;1;;;;;;;;3;;;;
09/12/2018;22:38:00;71;com vítima;64;BR-116/RJ;Norte;Atropelamento - Pessoa;1;;;;;;;;;;1;;;1;
09/12/2018;22:26:00;68;com vítima;66,4;BR-116/RJ;Sul;Colisão Frontal;1;;;1;;;;;;;1;1;;;
09/12/2018;21:42:00;65;com vítima;73,4;BR-116/RJ;Sul;Queda de Moto;;;;1;;;;;;;0;2;;;
10/12/2018;13:09:00;35;com vítima;8,2;BR-116/RJ;Norte;Colisão Lateral;;;;;;;;;;2;0;4;;;
10/12/2018;14:18:00;40;com vítima;65,8;BR-116/RJ;Sul;Colisão Lateral;2;;;;;;;;;1;1;2;;;
11/12/2018;19:47:00;61;com vítima;79,7;BR-116/RJ;Sul;Atropelamento - Pessoa;;;;1;;;;;;;0;2;1;;
11/12/2018;10:00:00;21;sem vítima;97;BR-116/RJ;Norte;Colisão Traseira;1;;1;;;;;;;;2;;;;
11/12/2018;07:04:00;11;com vítima;107,2;BR-116/RJ;Norte;Atropelamento de Cachorro;;;;1;;;;;;;0;1;1;;
11/12/2018;21:58:00;71;sem vítima;115,4;BR-116/RJ;Sul;Saida de Pista;1;;;;;;;;;;2;;;;
12/12/2018;11:21:00;28;sem vítima;92;BR-116/RJ;Norte;Colisão Traseira;2;;;;;;;;;;2;;;;
12/12/2018;06:13:00;5;com vítima;140,9;BR-116/RJ;Sul;Choque - Defensa, barreira ou "submarino";2;;;;;;;;;;1;1;1;;
12/12/2018;19:37:00;65;com vítima;140,9;BR-116/RJ;Sul;Colisão Lateral;2;;;;;;;;;;1;1;;;
13/12/2018;21:07:00;70;sem vítima;133,5;BR-116/RJ;Norte;Colisão Traseira;2;;;;;;;;;;2;;;;
14/12/2018;23:59:00;95;com vítima;32,3;BR-116/RJ;Norte;Tombamento;;;1;;;;;;1;;1;1;1;;
14/12/2018;19:23:00;72;com vítima;71,1;BR-116/RJ;Norte;Colisão Transversal;1;;1;;;;;;;;1;;1;;
14/12/2018;16:04:00;55;com vítima;103,9;BR-116/RJ;Norte;Colisão Lateral;1;;;1;;;;;;;0;;2;;
14/12/2018;21:50:00;85;com vítima;134,1;BR-116/RJ;Sul;Colisão Traseira;1;;;;;;;;;1;1;;1;;
15/12/2018;12:45:00;38;com vítima;40,4;BR-116/RJ;Sul;Colisão Lateral;1;;;1;;;;;;;1;2;;;
15/12/2018;11:15:00;33;com vítima;61,3;BR-116/RJ;Sul;Queda de Moto;;;;1;;;;;;;0;;1;;
15/12/2018;22:02:00;87;sem vítima;127,1;BR-116/RJ;Sul;Colisão Lateral;1;;1;;;;;;;;2;;;;
16/12/2018;17:27:00;47;com vítima;136,15;BR-116/RJ;Sul;Capotamento;1;;;;;;;;;;0;;1;;
16/12/2018;02:02:00;4;com vítima;139,4;BR-116/RJ;Norte;Colisão Traseira;1;;1;;;;;;;;2;1;;;
17/12/2018;09:40:00;21;sem vítima;103,2;BR-116/RJ;Norte;Colisão Traseira;2;;;;;;;;;;2;;;;
17/12/2018;12:28:00;31;sem vítima;124,3;BR-116/RJ;Norte;Engavetamento;;;2;;1;;;;;;3;;;;
18/12/2018;09:36:00;18;sem vítima;139,7;BR-116/RJ;Sul;Colisão Traseira;2;;;;;;;;;;2;;;;
18/12/2018;14:40:00;36;sem vítima;141,5;BR-116/RJ;Sul;Colisão Traseira;;;2;;;;;;;;2;;;;
18/12/2018;13:30:00;31;sem vítima;143,9;BR-116/RJ;Sul;Colisão Traseira;1;;;;1;;;;;;2;;;;
19/12/2018;20:27:00;81;com vítima;79,9;BR-116/RJ;Norte;Colisão Traseira;;;2;;;;;;;;0;2;;;
19/12/2018;06:02:00;10;sem vítima;99,1;BR-116/RJ;Sul;Saida de Pista;1;;;;;;;;;;1;;;;
19/12/2018;21:56:00;85;com vítima;124,5;BR-116/RJ;Sul;Queda de Moto;;;;1;;;;;;;0;;1;;
20/12/2018;21:18:00;77;com vítima;101,2;BR-116/RJ;Sul;Colisão Traseira;1;;1;;;;;;;;1;2;;;
20/12/2018;05:05:00;4;com vítima;124,8;BR-116/RJ;Sul;Saida de Pista;1;;;;;;;;;;0;;1;;
21/12/2018;19:00:00;80;com vítima;22,5;BR-116/RJ;Sul;Queda de Moto;;;;1;;;;;;;0;;1;;
21/12/2018;19:40:00;84;com vítima;65,6;BR-116/RJ;Sul;Colisão Traseira;2;;;;;;;;;;0;6;;;
21/12/2018;16:15:00;58;sem vítima;74,6;BR-116/RJ;Sul;Saida de Pista;1;;;;;;;;;;1;;;;
21/12/2018;16:30:00;62;com vítima;90,5;BR-116/RJ;Norte;Saida de Pista;1;;;;;;;;;;0;4;;;
21/12/2018;16:38:00;65;com vítima;115;BR-116/RJ;Sul;Saida de Pista;;2;1;;;;;;;;0;;;1;2
21/12/2018;08:48:00;22;sem vítima;134;BR-116/RJ;Norte;Colisão Lateral;1;;1;;;;;;;;2;;;;
21/12/2018;16:45:00;60;com vítima;137,6;BR-116/RJ;Norte;Colisão Traseira;1;;;;1;;;;;;30;;;;1
22/12/2018;01:20:00;1;com vítima;13,2;BR-116/RJ;Norte;Tombamento;;;1;;;;;;;;0;1;;;
22/12/2018;15:42:00;68;com vítima;31,2;BR-116/RJ;Sul;Tombamento;;;1;;;;;;;;0;1;;;
22/12/2018;10:00:00;27;sem vítima;83;BR-116/RJ;Sul;Colisão Traseira;2;;;;;;;;;;2;;;;
22/12/2018;09:33:00;23;com vítima;92;BR-116/RJ;Norte;Engavetamento;4;;;;;;;;;;4;2;;;
22/12/2018;05:24:00;9;sem vítima;119;BR-116/RJ;Norte;Capotamento;1;;;;;;;;;;1;;;;
22/12/2018;19:45:00;85;sem vítima;122,3;BR-116/RJ;Sul;Choque - Defensa, barreira ou "submarino";1;;;;;;;;;;1;;;;
22/12/2018;06:14:00;10;sem vítima;137,8;BR-116/RJ;Sul;Colisão Lateral;1;;;1;;;;;;;2;;;;
23/12/2018;21:57:00;78;com vítima;43;BR-116/RJ;Sul;Queda de Moto;;;;1;;;;;;;0;1;;;
23/12/2018;02:47:00;6;com vítima;73,6;BR-116/RJ;Norte;Choque - Defensa, barreira ou "submarino";1;;;;;;;;;;0;1;;;
23/12/2018;18:52:00;64;com vítima;76,3;BR-116/RJ;Norte;Queda de Moto;;;;1;;;;;;;0;2;;;
23/12/2018;22:19:00;79;com vítima;142,6;BR-116/RJ;Norte;Colisão Traseira;2;;;;;;;;;;0;2;;;
24/12/2018;18:36:00;44;sem vítima;4,02;BR-116/RJ;Norte;Saida de Pista;1;;;;;;;;;;1;;;;
24/12/2018;03:39:00;3;com vítima;19,4;BR-116/RJ;Sul;Choque - Elemento de Drenagem;1;;;;;;;;;;0;1;;;
24/12/2018;10:08:00;15;com vítima;75,1;BR-116/RJ;Sul;Choque - Defensa, barreira ou "submarino";1;;;;;;;;;;0;1;;;
24/12/2018;20:35:00;56;sem vítima;79,3;BR-116/RJ;Sul;Colisão Lateral;2;;;;;;;;;;2;;;;
24/12/2018;21:36:00;58;com vítima;79,3;BR-116/RJ;Sul;Atropelamento - Pessoa;1;;;;;;;;;;1;;1;;
24/12/2018;13:21:00;20;com vítima;86,9;BR-116/RJ;Sul;Choque - Defensa, barreira ou "submarino";1;;;;;;;;;;0;1;;;
24/12/2018;18:58:00;46;com vítima;99,5;BR-116/RJ;Norte;Saida de Pista;1;;;;;;;;;;0;1;;;
24/12/2018;15:05:00;33;sem vítima;118,6;BR-116/RJ;Norte;Choque - Defensa, barreira ou "submarino";1;;;;;;;;;;1;;;;
24/12/2018;16:48:00;41;com vítima;125,5;BR-116/RJ;Norte;Choque - Defensa, barreira ou "submarino";1;;;;;;;;;;1;1;;;
24/12/2018;20:03:00;52;com vítima;138,95;BR-116/RJ;Sul;Choque - Defensa, barreira ou "submarino";1;;;;;;;;;;0;1;;;
24/12/2018;15:45:00;38;com vítima;139,05;BR-116/RJ;Sul;Choque - Defensa, barreira ou "submarino";1;;;;;;;;;;1;1;;;
25/12/2018;04:00:00;6;com vítima;13,1;BR-116/RJ;Norte;Saida de Pista;1;;;;;;;;;;0;1;;;
25/12/2018;01:17:00;1;com vítima;48,9;BR-116/RJ;Sul;Queda de Moto;;;;1;;;;;;;0;;1;;
25/12/2018;12:55:00;24;sem vítima;67,1;BR-116/RJ;Sul;Colisão Transversal;2;;;;;;;;;;2;;;;
25/12/2018;17:54:00;43;com vítima;69,7;BR-116/RJ;Sul;Colisão Traseira;2;;;;;;;;;;1;2;;;
25/12/2018;22:30:00;62;com vítima;76,9;BR-116/RJ;Sul;Atropelamento - Pessoa;1;;;;;;;;;;1;1;;;
25/12/2018;21:34:00;60;com vítima;77,2;BR-116/RJ;Norte;Queda de Moto;;;;1;;;;;;;0;1;;;
26/12/2018;08:48:00;16;com vítima;29,1;BR-116/RJ;Norte;Colisão Traseira;;;2;;;;;;;;0;3;;;
27/12/2018;22:38:00;80;com vítima;18,95;BR-116/RJ;Norte;Colisão Lateral;1;;1;;;;;;;;0;2;;1;
27/12/2018;15:00:00;51;sem vítima;26,5;BR-116/RJ;Norte;Saida de Pista;1;;;;;;;;;;1;;;;
27/12/2018;20:57:00;75;com vítima;76,5;BR-116/RJ;Norte;Queda de Moto;;;;1;;;;;;;0;1;;;
27/12/2018;14:50:00;48;sem vítima;90,2;BR-116/RJ;Norte;Colisão Traseira;1;;1;;;;;;;;4;;;;
27/12/2018;12:20:00;37;com vítima;93,5;BR-116/RJ;Norte;Engavetamento;4;;;;;;;;;;0;4;;;
27/12/2018;12:14:00;35;com vítima;93,7;BR-116/RJ;Norte;Colisão Lateral;1;;1;;;;;;;;1;1;;;
27/12/2018;16:14:00;54;com vítima;115,3;BR-116/RJ;Norte;Colisão Traseira;1;1;;;;;;;;;3;;1;;
27/12/2018;06:37:00;9;com vítima;129,5;BR-116/RJ;Norte;Choque - Veiculo parado no acostamento;1;;1;;;;;;;;1;1;1;;
27/12/2018;12:50:00;38;com vítima;137;BR-116/RJ;Sul;Queda de Moto;;;;1;;;;;;;0;1;;;
28/12/2018;03:04:00;6;com vítima;47,8;BR-116/RJ;Sul;Saida de Pista;;;1;;;;;;;;0;1;;;
28/12/2018;18:25:00;63;com vítima;50,8;BR-116/RJ;Norte;Colisão Traseira;2;;;;;;;;;;0;7;;;
28/12/2018;23:54:00;85;com vítima;54,1;BR-116/RJ;Norte;Colisão Frontal;2;;;;;;;;;;0;;1;1;
28/12/2018;07:00:00;9;com vítima;85,6;BR-116/RJ;Sul;Choque - Defensa, barreira ou "submarino";1;;;;;;;;;;0;2;;;
28/12/2018;07:36:00;10;com vítima;87;BR-116/RJ;Norte;Choque - Defensa, barreira ou "submarino";1;;;;;;;;;;0;2;1;;
28/12/2018;16:29:00;52;sem vítima;104;BR-116/RJ;Norte;Choque - Defensa, barreira ou "submarino";1;;;;;;;;;;1;;;;
28/12/2018;12:40:00;36;com vítima;122,8;BR-116/RJ;Norte;Colisão Lateral;2;;;;;;;;;;4;1;;;
28/12/2018;08:17:00;15;com vítima;132,7;BR-116/RJ;Sul;Choque - Defensa, barreira ou "submarino";;;;1;;;;;;;0;1;;;
29/12/2018;14:26:00;54;com vítima;65,7;BR-116/RJ;Sul;Colisão Traseira;3;;;;;;;;;;1;3;;;
29/12/2018;12:50:00;44;sem vítima;112,85;BR-116/RJ;Norte;Colisão Lateral;1;;1;;;;;;;;2;;;;
29/12/2018;15:00:00;55;com vítima;125,9;BR-116/RJ;Sul;Choque - Defensa, barreira ou "submarino";1;;;;;;;;;;1;1;1;;
29/12/2018;08:10:00;34;sem vítima;133,5;BR-116/RJ;Norte;Colisão Traseira;2;;;;;;;;;;2;;;;
29/12/2018;07:02:00;12;com vítima;136;BR-116/RJ;Norte;Engavetamento;3;;;;;;;;;;3;1;;;
29/12/2018;10:30:00;32;com vítima;138,9;BR-116/RJ;Norte;Colisão Traseira;1;;1;;;;;;;;1;1;;;
29/12/2018;16:47:00;66;com vítima;142;BR-116/RJ;Norte;Atropelamento - Pessoa;1;;;;;;;;;;1;;;1;
30/12/2018;05:43:00;3;com vítima;68,7;BR-116/RJ;Norte;Queda de Moto;;;;1;;;;;;;0;;1;;
30/12/2018;19:08:00;39;com vítima;122,5;BR-116/RJ;Norte;Colisão Transversal;2;;;;;;;;;;3;2;1;;
30/12/2018;11:17:00;12;com vítima;129;BR-116/RJ;Norte;Queda de Moto;;;;1;;;;;;;0;2;;;
30/12/2018;08:30:00;7;com vítima;139;BR-116/RJ;Sul;Colisão Lateral;1;;1;;;;;;;;3;1;;;
01/01/2019;03:34:00;1;com vítima;104,3;BR-116/RJ;Norte;Choque - Defensa, barreira ou "submarino";1;;;;;;;;;;0;3;;;
01/01/2019;17:57:00;37;sem vítima;127,15;BR-116/RJ;Norte;Colisão Traseira;2;;;;;;;;;;2;;;;
01/01/2019;18:16:00;39;sem vítima;138,45;BR-116/RJ;Sul;Engavetamento;3;;;;;;;;;;3;;;;
01/01/2019;23:34:00;64;com vítima;24,2;BR-116/RJ;Norte;Colisão Frontal;1;;;1;;;;;;;0;4;;;1
01/01/2019;17:54:00;36;com vítima;78,5;BR-116/RJ;Sul;Engavetamento;3;;;;;;;;;;3;2;;;
01/01/2019;18:02:00;38;sem vítima;90,3;BR-116/RJ;Norte;Choque - Defensa, barreira ou "submarino";1;;;;;;;;;;1;;;;
02/01/2019;14:59:00;34;com vítima;143,7;BR-116/RJ;Sul;Engavetamento;3;;1;;;;;;;;4;1;;;
02/01/2019;11:00:00;21;sem vítima;27,8;BR-116/RJ;Sul;Colisão Traseira;2;;;;;;;;;;2;;;;
02/01/2019;08:08:00;9;com vítima;32,3;BR-116/RJ;Norte;Saida de Pista;1;;;;;;;;;;0;2;;;
02/01/2019;15:54:00;39;com vítima;40,3;BR-116/RJ;Norte;Colisão Lateral;2;;;;;;;;;;0;5;;;
03/01/2019;20:28:00;75;com vítima;110,1;BR-116/RJ;Norte;Queda de Moto;;;;1;;;;;;;0;1;;;
03/01/2019;12:10:00;35;sem vítima;125,2;BR-116/RJ;Norte;Engavetamento;3;;;;;;;;;;3;;;;
03/01/2019;11:53:00;33;com vítima;125,7;BR-116/RJ;Norte;Choque - Defensa, barreira ou "submarino";;;1;;;;;;;;0;;4;;
03/01/2019;15:23:00;62;sem vítima;125,7;BR-116/RJ;Norte;Colisão Lateral;;;1;1;;;;;;;2;;;;
03/01/2019;15:33:00;52;sem vítima;128,45;BR-116/RJ;Sul;Choque - Defensa, barreira ou "submarino";1;;;;;;;;;;1;;;;
03/01/2019;13:48:00;43;sem vítima;130,4;BR-116/RJ;Sul;Engavetamento;2;;1;;;;;;;;4;;;;
04/01/2019;16:26:00;43;com vítima;114,95;BR-116/RJ;Norte;Queda de Moto;;;;1;;;;;;;0;;1;;
05/01/2019;21:33:00;62;com vítima;120;BR-116/RJ;Norte;Queda de Moto;;;;1;;;;;;;0;;1;;
05/01/2019;18:18:00;54;com vítima;122,5;BR-116/RJ;Sul;Queda de Moto;;;;1;;;;;;;1;1;;;