data;horario;n_da_ocorrencia;tipo_de_ocorrencia;km;trecho;sentido;tipo_de_acidente;automovel;bicicleta;caminhao;moto;onibus;outros;tracao_animal;transporte_de_cargas_especiais;trator_maquinas;utilitarios;ilesos;levemente_feridos;moderadamente_feridos;gravemente_feridos;mortos
05/01/2019;16:10:00;51;com vítima;137,5;BR-116/RJ;Sul;Choque - Defensa, barreira ou "submarino";1;;;;;;;;;;0;1;;;
05/01/2019;14:55:00;42;sem vítima;137,7;BR-116/RJ;Sul;Choque - Veiculo parado no acostamento;1;;;;1;;;;;;2;;;;
05/01/2019;16:14:00;50;sem vítima;75,3;BR-116/RJ;Norte;Saida de Pista;1;;;;;;;;;;1;;;;
05/01/2019;16:03:00;49;com vítima;76,6;BR-116/RJ;Sul;Colisão Lateral;1;;;1;;;;;;;1;;1;;
05/01/2019;12:06:00;34;com vítima;91,7;BR-116/RJ;Norte;Colisão Traseira;;;2;;;;;;;;1;1;;;
05/01/2019;22:36:00;66;sem vítima;99,3;BR-116/RJ;Norte;Choque - Defensa, barreira ou "submarino";1;;;;;;;;;;2;;;;
06/01/2019;16:20:00;39;com vítima;48;BR-116/RJ;Norte;Colisão Lateral;1;;;1;;;;;;;1;;;1;
06/01/2019;12:13:00;23;com vítima;56;BR-116/RJ;Sul;Atropelamento - Pessoa;1;;;;;;;;;;1;;;1;
07/01/2019;04:05:00;7;com vítima;104,4;BR-116/RJ;Norte;Choque - Defensa, barreira ou "submarino";;;;1;;;;;;;0;;;1;
07/01/2019;06:30:00;10;sem vítima;136;BR-116/RJ;Sul;Atropelamento de Cachorro;1;;;;;;;;;;1;;;;
07/01/2019;23:40:00;73;sem vítima;40,2;BR-116/RJ;Norte;Colisão Lateral;;;1;;1;;;;;;2;;;;
08/01/2019;11:05:00;18;sem vítima;90,7;BR-116/RJ;Norte;Colisão Traseira;1;;1;;;;;;;;2;;;;
08/01/2019;13:45:00;29;sem vítima;97,3;BR-116/RJ;Sul;Colisão Traseira;2;;;;;;;;;;2;;;;
09/01/2019;09:05:00;18;com vítima;80,3;BR-116/RJ;Sul;Atropelamento - Pessoa;1;;;;;;;;;;1;1;;;
09/01/2019;17:18:00;42;sem vítima;95;BR-116/RJ;Norte;Engavetamento;3;;;;;;;;;;3;;;;
09/01/2019;00:01:00;2;com vítima;97,4;BR-116/RJ;Norte;Tombamento;;;1;;;;;;;;0;1;;;
10/01/2019;21:10:00;55;sem vítima;125,8;BR-116/RJ;Norte;Colisão Lateral;1;;1;;;;;;;;2;;;;
11/01/2019;17:31:00;34;sem vítima;142;BR-116/RJ;Sul;Colisão Lateral;2;;1;;;;;;;;3;;;;
11/01/2019;11:55:00;11;com vítima;99,8;BR-116/RJ;Sul;Colisão Traseira;2;;;;;;;;;;2;;1;;
12/01/2019;21:52:00;69;com vítima;72;BR-116/RJ;Sul;Queda de Moto;;;;1;;;;;;;0;1;1;;
12/01/2019;06:25:00;10;sem vítima;76;BR-116/RJ;Sul;Saida de Pista;1;;;;;;;;;;1;;;;
13/01/2019;17:10:00;38;com vítima;103,9;BR-116/RJ;Sul;Colisão Traseira;2;;;;;;;;;;5;1;;;
13/01/2019;13:53:00;27;sem vítima;133,5;BR-116/RJ;Sul;Engavetamento;3;;;;;;;;;;3;;;;
13/01/2019;07:42:00;9;sem vítima;141,9;BR-116/RJ;Sul;Colisão Traseira;2;;;;;;;;;;2;;;;
14/01/2019;17:43:00;48;com vítima;137,4;BR-116/RJ;Norte;Queda de Moto;;;;1;;;;;;;0;1;;;
15/01/2019;21:02:00;58;com vítima;101,8;BR-116/RJ;Sul;Colisão Traseira;1;;1;;;;;;;;0;4;;;
15/01/2019;19:17:00;50;com vítima;128,3;BR-116/RJ;Norte;Capotamento;1;;;;;;;;;;0;1;;;
15/01/2019;15:32:00;29;sem vítima;74,3;BR-116/RJ;Sul;Capotamento;1;;;;;;;;;;1;;;;
16/01/2019;18:12:00;46;sem vítima;61,1;BR-116/RJ;Norte;Colisão Traseira;;;2;;;;;;;;2;;;;
16/01/2019;10:30:00;18;com vítima;73,1;BR-116/RJ;Sul;Queda de Moto;;;;1;;;;;;;0;;1;;
16/01/2019;19:07:00;51;com vítima;74,6;BR-116/RJ;Norte;Choque - Defensa, barreira ou "submarino";1;;;;;;;;;;0;1;;;
17/01/2019;19:06:00;53;com vítima;127,05;BR-116/RJ;Norte;Saida de Pista;1;;;;;;;;;;1;;1;;
17/01/2019;10:17:00;22;com vítima;141,45;BR-116/RJ;Sul;Colisão Traseira;1;;1;;;;;;;;1;;1;;
19/01/2019;23:36:00;83;com vítima;114,8;BR-116/RJ;Norte;Engavetamento;3;;;;;;;;;;1;2;;;
19/01/2019;14:22:00;42;sem vítima;133,4;BR-116/RJ;Norte;Colisão Traseira;2;;;;;;;;;;2;;;;
19/01/2019;12:00:00;34;sem vítima;133,5;BR-116/RJ;Norte;Colisão Lateral;2;;;;;;;;;;2;;;;
19/01/2019;18:03:00;61;com vítima;138,3;BR-116/RJ;Sul;Choque - Defensa, barreira ou "submarino";1;;;;;;;;;;0;;;1;
20/01/2019;21:38:00;78;sem vítima;122;BR-116/RJ;Sul;Choque - Defensa, barreira ou "submarino";1;;;;;;;;;;1;;;;
20/01/2019;20:10:00;67;sem vítima;135;BR-116/RJ;Sul;Choque - Defensa, barreira ou "submarino";1;;;;;;;;;;1;;;;
20/01/2019;20:57:00;74;sem vítima;138,3;BR-116/RJ;Norte;Choque - Defensa, barreira ou "submarino";1;;;;;;;;;;1;;;;
20/01/2019;19:21:00;64;sem vítima;143,7;BR-116/RJ;Sul;Colisão Traseira;2;;;;;;;;;;2;;;;
20/01/2019;20:11:00;68;com vítima;44,7;BR-116/RJ;Norte;Queda de Moto;;;;1;;;;;;;0;1;;;
20/01/2019;17:17:00;52;com vítima;93,4;BR-116/RJ;Sul;Colisão Lateral;2;;;;;;;;;;0;3;2;1;
20/01/2019;20:13:00;72;com vítima;94,1;BR-116/RJ;Sul;Choque - Defensa, barreira ou "submarino";2;;;;;;;;;;2;1;;;
21/01/2019;04:30:00;5;sem vítima;112,9;BR-116/RJ;Sul;Colisão Traseira;2;;;;;;;;;;2;;;;
21/01/2019;16:32:00;40;sem vítima;144;BR-116/RJ;Norte;Choque - Defensa, barreira ou "submarino";1;;;;;;;;;;1;;;;
22/01/2019;12:17:00;21;com vítima;139,4;BR-116/RJ;Norte;Colisão Traseira;1;;1;;;;;;;;1;3;;;
23/01/2019;06:35:00;9;sem vítima;138,6;BR-116/RJ;Sul;Colisão Traseira;;;1;;1;;;;;;2;;;;
23/01/2019;20:35:00;61;com vítima;95,1;BR-116/RJ;Norte;Colisão Lateral;1;;1;;;;;;;;1;2;;;
24/01/2019;15:42:00;47;sem vítima;113,45;BR-116/RJ;Norte;Colisão Traseira;2;;;;;;;;;;2;;;;
25/01/2019;15:47:00;34;com vítima;125,6;BR-116/RJ;Norte;Choque - Defensa, barreira ou "submarino";1;;;;;;;;;;0;;1;;
25/01/2019;20:20:00;50;com vítima;137;BR-116/RJ;Norte;Queda de Moto;;;;1;;;;;;;0;1;;;
25/01/2019;12:30:00;24;com vítima;142,8;BR-116/RJ;Norte;Colisão Traseira;1;;1;;;;;;;;2;1;;;
25/01/2019;17:19:00;39;com vítima;30,85;BR-116/RJ;Sul;Saida de Pista;1;;;;;;;;;;0;1;;;
25/01/2019;20:04:00;49;com vítima;64,85;BR-116/RJ;Norte;Saida de Pista;;;1;;;;;;;;0;1;;;
25/01/2019;15:30:00;29;sem vítima;88;BR-116/RJ;Sul;Saida de Pista;1;;;;;;;;;;1;;;;
25/01/2019;11:20:00;18;com vítima;97,85;BR-116/RJ;Sul;Colisão Traseira;2;;;;;;;;;;1;1;;;
26/01/2019;18:30:00;40;sem vítima;143,7;BR-116/RJ;Norte;Choque - Defensa, barreira ou "submarino";1;;;;;;;;;;1;;;;
26/01/2019;06:05:00;5;sem vítima;18,3;BR-116/RJ;Sul;Saida de Pista;1;;;;;;;;;;1;;;;
26/01/2019;17:50:00;39;com vítima;37,9;BR-116/RJ;Sul;Capotamento;1;;;;;;;;;;0;3;;;
27/01/2019;04:20:00;6;com vítima;94,1;BR-116/RJ;Norte;Saida de Pista;1;;;;;;;;;;0;2;;;
28/01/2019;07:46:00;16;com vítima;77,95;BR-116/RJ;Norte;Engavetamento;1;;2;;;;;;;;2;2;;;
28/01/2019;11:35:00;25;sem vítima;82;BR-116/RJ;Norte;Saida de Pista;1;;;;;;;;;;1;;;;
29/01/2019;09:35:00;11;com vítima;107,05;BR-116/RJ;Sul;Atropelamento - Pessoa;;;1;;;;;;;;1;;;1;
29/01/2019;08:47:00;9;sem vítima;122;BR-116/RJ;Sul;Choque - Outros;1;;1;;;;;;;;2;;;;
29/01/2019;11:20:00;16;com vítima;122;BR-116/RJ;Norte;Queda de Moto;;;;1;;;;;;;0;2;;;
30/01/2019;06:54:00;4;com vítima;75,3;BR-116/RJ;Norte;Colisão Lateral;1;;1;1;;;;;;;1;1;;;2
30/01/2019;17:08:00;40;sem vítima;92,95;BR-116/RJ;Norte;Colisão Traseira;2;;;;;;;;;;2;;;;
31/01/2019;14:50:00;33;sem vítima;34,25;BR-116/RJ;Norte;Colisão Lateral;1;;1;;;;;;;;2;;;;
31/01/2019;14:45:00;31;com vítima;53,3;BR-116/RJ;Sul;Choque - Defensa, barreira ou "submarino";;;;1;;;;;;;0;;;1;
31/01/2019;18:54:00;54;com vítima;86,6;BR-116/RJ;Norte;Saida de Pista;;;1;;;;;;;;0;1;;;
31/01/2019;19:08:00;57;com vítima;90,5;BR-116/RJ;Norte;Choque - Defensa, barreira ou "submarino";1;;;;;;;;;;0;1;;;
01/02/2019;00:21:00;2;com vítima;95,4;BR-116/RJ;Norte;Tombamento;;;1;;;;;;;;0;1;2;;
01/02/2019;11:55:00;27;com vítima;122;BR-116/RJ;Norte;Colisão Traseira;1;;;1;;;;;;;1;;1;;
01/02/2019;15:27:00;37;sem vítima;133,4;BR-116/RJ;Norte;Colisão Traseira;2;;;;;;;;;;2;;;;
02/02/2019;11:13:00;31;com vítima;2,2;BR-116/RJ;Norte;Engavetamento;3;;1;;;;;;;;1;6;;;
02/02/2019;22:38:00;70;sem vítima;66,2;BR-116/RJ;Sul;Choque - Defensa, barreira ou "submarino";1;;;;;;;;;;1;;;;
02/02/2019;11:27:00;33;com vítima;93,9;BR-116/RJ;Norte;Colisão Lateral;1;;;1;;;;;;;1;;2;;
02/02/2019;15:19:00;44;com vítima;111,7;BR-116/RJ;Norte;Choque - Defensa, barreira ou "submarino";1;;;;;;;;;;0;;1;;
02/02/2019;17:25:00;52;com vítima;125,2;BR-116/RJ;Sul;Saida de Pista;1;;;;;;;;;;1;;1;;
02/02/2019;07:38:00;15;sem vítima;133,6;BR-116/RJ;Norte;Choque - Defensa, barreira ou "submarino";1;;;;;;;;;;1;;;;
03/02/2019;05:58:00;9;com vítima;25,9;BR-116/RJ;Sul;Choque - Defensa, barreira ou "submarino";1;;;;;;;;;;0;2;;;
03/02/2019;20:05:00;66;com vítima;76,5;BR-116/RJ;Sul;Choque - Veiculo parado no acostamento;1;;1;;;;;;;;1;;1;;
03/02/2019;20:05:00;67;com vítima;76,5;BR-116/RJ;Norte;Colisão Traseira;2;;;;;;;;;;0;2;;;
03/02/2019;18:00:00;49;sem vítima;97,2;BR-116/RJ;Sul;Colisão Traseira;2;;;;;;;;;;2;;;;
03/02/2019;22:15:00;72;sem vítima;127,5;BR-116/RJ;Sul;Choque - Defensa, barreira ou "submarino";1;;;;;;;;;;3;;;;
03/02/2019;19:37:00;65;com vítima;142,8;BR-116/RJ;Norte;Choque - Veiculo parado no acostamento;1;;1;;;;;;;;1;1;;;
04/02/2019;08:52:00;18;sem vítima;99;BR-116/RJ;Norte;Queda de Moto;;;;1;;;;;;;1;;;;
04/02/2019;07:23:00;8;sem vítima;104,9;BR-116/RJ;Sul;Colisão Traseira;1;;1;;;;;;;;2;;;;
04/02/2019;15:38:00;41;sem vítima;105,9;BR-116/RJ;Sul;Saida de Pista;1;;;;;;;;;;1;;;;
04/02/2019;05:36:00;4;com vítima;111,75;BR-116/RJ;Sul;Colisão Lateral;1;;;1;;;;;;;1;;1;;
05/02/2019;15:50:00;31;com vítima;13,5;BR-116/RJ;Norte;Tombamento;;;1;;;;;;;;0;2;;;
05/02/2019;07:53:00;8;com vítima;43,6;BR-116/RJ;Norte;Saida de Pista;1;;;;;;;;;;0;1;;;
05/02/2019;17:58:00;34;com vítima;66,8;BR-116/RJ;Norte;Colisão Frontal;2;;;;;;;;;;0;;2;;
05/02/2019;11:00:00;19;com vítima;88;BR-116/RJ;Norte;Colisão Lateral;1;;;;1;;;;;;0;3;;;
05/02/2019;09:03:00;13;com vítima;99,8;BR-116/RJ;Sul;Saida de Pista;1;;;;;;;;;;0;2;;;
06/02/2019;20:53:00;40;com vítima;94,1;BR-116/RJ;Sul;Capotamento;1;;;;;;;;;;0;1;;;
06/02/2019;23:22:00;45;sem vítima;122,4;BR-116/RJ;Sul;Saida de Pista;;;1;;;;;;;;1;;;;
07/02/2019;17:28:00;46;com vítima;74,6;BR-116/RJ;Norte;Choque - Defensa, barreira ou "submarino";1;;;;;;;;;;0;4;;;
07/02/2019;09:40:00;11;com vítima;95;BR-116/RJ;Sul;Queda de Moto;;;;1;;;;;;;0;1;;;
08/02/2019;21:00:00;53;com vítima;94,1;BR-116/RJ;Sul;Choque - Elemento de Drenagem;1;;;;;;;;;;0;1;;;
08/02/2019;12:18:00;24;com vítima;104,8;BR-116/RJ;Norte;Colisão Lateral;1;;;1;;;;;;;1;;1;;
08/02/2019;14:20:00;31;com vítima;106;BR-116/RJ;Sul;Queda de Moto;;;;1;1;;;;;;1;;1;;
09/02/2019;19:26:00;51;com vítima;105,95;BR-116/RJ;Sul;Saida de Pista;1;;;;;;;;;;0;1;;;
09/02/2019;07:10:00;11;com vítima;140,2;BR-116/RJ;Sul;Choque - Veiculo parado no acostamento;2;;;;;;;;;;0;1;1;;
10/02/2019;22:40:00;64;com vítima;55,8;BR-116/RJ;Norte;Choque - Defensa, barreira ou "submarino";1;;;;;;;;;;0;1;;;
10/02/2019;04:15:00;5;sem vítima;99,4;BR-116/RJ;Norte;Saida de Pista;1;;;;;;;;;;1;;;;
11/02/2019;22:05:00;51;sem vítima;62,8;BR-116/RJ;Norte;Atropelamento de Animal;1;;;;;;;;;;1;;;;
11/02/2019;17:20:00;34;com vítima;133,7;BR-116/RJ;Sul;Colisão Lateral;1;;;1;;;;;;;1;1;;;
12/02/2019;15:55:00;35;com vítima;118,45;BR-116/RJ;Norte;Colisão Lateral;1;;1;;;;;;;;1;;2;;
12/02/2019;08:55:00;12;sem vítima;124,85;BR-116/RJ;Sul;Choque - Defensa, barreira ou "submarino";2;;;;;;;;;;2;;;;
12/02/2019;14:33:00;32;com vítima;141,35;BR-116/RJ;Sul;Colisão Traseira;1;;;1;;;;;;;0;1;1;1;
13/02/2019;13:31:00;28;sem vítima;17,1;BR-116/RJ;Norte;Saida de Pista;1;;;;;;;;;;1;;;;
13/02/2019;12:19:00;26;sem vítima;141,7;BR-116/RJ;Sul;Choque - Defensa, barreira ou "submarino";1;;;;;;;;;;1;;;;
13/02/2019;13:40:00;30;sem vítima;142,7;BR-116/RJ;Norte;Colisão Lateral;;;1;;1;;;;;;2;;;;
15/02/2019;15:00:00;37;com vítima;91,9;BR-116/RJ;Sul;Engavetamento;2;;1;;;;;;;;0;3;;;
16/02/2019;06:35:00;3;com vítima;15,9;BR-116/RJ;Norte;Colisão Frontal;1;;1;;;;;;;;0;1;;1;
16/02/2019;13:15:00;19;sem vítima;26;BR-116/RJ;Sul;Saida de Pista;1;;;;;;;;;;1;;;;
16/02/2019;10:15:00;12;com vítima;75;BR-116/RJ;Norte;Saida de Pista;1;;;;;;;;;;0;1;;;
16/02/2019;23:58:00;53;com vítima;80,07;BR-116/RJ;Sul;Colisão Traseira;1;;;;1;;;;;;3;1;;;
16/02/2019;14:55:00;24;com vítima;80,8;BR-116/RJ;Norte;Saida de Pista;1;;;;;;;;;;0;1;;;
16/02/2019;12:08:00;17;com vítima;90,5;BR-116/RJ;Sul;Choque - Defensa, barreira ou "submarino";1;;;;;;;;;;0;;1;;
16/02/2019;12:40:00;18;com vítima;95,1;BR-116/RJ;Norte;Choque - Defensa, barreira ou "submarino";1;;;;;;;;;;1;1;;;
17/02/2019;16:18:00;31;com vítima;80,1;BR-116/RJ;Sul;Choque - Defensa, barreira ou "submarino";1;;;;;;;;;;0;2;;;
17/02/2019;15:33:00;26;sem vítima;88;BR-116/RJ;Norte;Choque - Defensa, barreira ou "submarino";1;;;;;;;;;;1;;;;
18/02/2019;11:58:00;19;sem vítima;29,3;BR-116/RJ;Norte;Choque - Defensa, barreira ou "submarino";;;1;;;;;;;;1;;;;
18/02/2019;15:45:00;29;com vítima;76,3;BR-116/RJ;Norte;Choque - Defensa, barreira ou "submarino";1;;;;;;;;;;0;1;;;
18/02/2019;12:25:00;21;com vítima;80,45;BR-116/RJ;Sul;Queda de Moto;;;;1;;;;;;;0;;1;;
18/02/2019;16:55:00;31;com vítima;86,2;BR-116/RJ;Sul;Saida de Pista;;;;;;;;;;1;0;1;;;
18/02/2019;17:30:00;33;com vítima;95;BR-116/RJ;Sul;Saida de Pista;;;;1;;;;;;;0;;1;;
18/02/2019;06:07:00;5;sem vítima;124;BR-116/RJ;Norte;Colisão Lateral;1;;1;;;;;;;;2;;;;
19/02/2019;06:37:00;11;com vítima;103,5;BR-116/RJ;Sul;Saida de Pista;1;;;;;;;;;;0;2;1;;
20/02/2019;16:30:00;38;sem vítima;143,3;BR-116/RJ;Norte;Choque - Defensa, barreira ou "submarino";;;1;;;;;;;;1;;;;
21/02/2019;20:06:00;54;com vítima;65,8;BR-116/RJ;Norte;Colisão Frontal;1;;;1;;;;;;;0;3;1;;
21/02/2019;15:35:00;34;sem vítima;85,7;BR-116/RJ;Sul;Saida de Pista;1;;;;;;;;;;1;;;;
21/02/2019;05:24:00;2;sem vítima;137,4;BR-116/RJ;Sul;Colisão Lateral;2;;;;1;;;;;;3;;;;
21/02/2019;06:16:00;5;sem vítima;144;BR-116/RJ;Sul;Colisão Lateral;1;;;;1;;;;;;2;;;;
22/02/2019;18:36:00;43;com vítima;63,1;BR-116/RJ;Norte;Colisão Transversal;2;;;;;;;;;;0;3;;;
22/02/2019;14:09:00;25;com vítima;114,4;BR-116/RJ;Sul;Colisão Lateral;1;;;1;;;;;;;1;1;;;
22/02/2019;21:45:00;57;com vítima;143,7;BR-116/RJ;Sul;Choque - Defensa, barreira ou "submarino";;;1;;;;;;;;0;;2;;
23/02/2019;10:38:00;21;com vítima;95,03;BR-116/RJ;Sul;Queda de Moto;;;;1;;;;;;;0;;1;;
23/02/2019;21:45:00;60;com vítima;107;BR-116/RJ;Norte;Colisão Transversal;;;;2;;;;;;;2;;;1;
23/02/2019;05:17:00;3;com vítima;118,9;BR-116/RJ;Sul;Choque - Defensa, barreira ou "submarino";1;;;;;;;;;;0;1;;;
23/02/2019;07:31:00;8;com vítima;122,6;BR-116/RJ;Norte;Saida de Pista;1;;;;;;;;;;0;1;;;
24/02/2019;10:45:00;16;com vítima;88;BR-116/RJ;Norte;Queda de Moto;;;;1;;;;;;;0;;1;;
24/02/2019;22:24:00;65;com vítima;93,7;BR-116/RJ;Norte;Choque - Defensa, barreira ou "submarino";1;;;;;;;;;;0;1;;;
24/02/2019;02:57:00;3;sem vítima;120;BR-116/RJ;Norte;Choque - Defensa, barreira ou "submarino";1;;;;;;;;;;1;;;;
24/02/2019;20:40:00;59;com vítima;135,25;BR-116/RJ;Norte;Saida de Pista;1;;;;;;;;;;1;2;;;
24/02/2019;18:20:00;47;com vítima;142,8;BR-116/RJ;Sul;Engavetamento;2;;;;;2;;;;;5;1;;;
25/02/2019;19:23:00;70;sem vítima;15;BR-116/RJ;Norte;Choque - Arvore;1;;;;;;;;;;1;;;;
25/02/2019;19:23:00;71;sem vítima;15;BR-116/RJ;Norte;Choque - Arvore;1;;;;;;;;;;1;;;;
25/02/2019;19:23:00;72;sem vítima;15;BR-116/RJ;Norte;Choque - Arvore;1;;;;;;;;;;1;;;;
25/02/2019;09:52:00;19;com vítima;128,3;BR-116/RJ;Sul;Saida de Pista;1;;;;;;;;;;0;1;;;
26/02/2019;15:00:00;32;com vítima;87,9;BR-116/RJ;Sul;Saida de Pista;1;;;;;;;;;;0;1;;;
26/02/2019;19:08:00;52;sem vítima;102;BR-116/RJ;Sul;Colisão Traseira;;;1;;;;;;;1;2;;;;
27/02/2019;19:55:00;57;sem vítima;143,8;BR-116/RJ;Sul;Colisão Lateral;1;;1;;;;;;;;2;;;;
27/02/2019;15:25:00;37;sem vítima;144;BR-116/RJ;Sul;Colisão Lateral;1;;1;;;;;;;;2;;;;
28/02/2019;17:25:00;48;com vítima;5,7;BR-116/RJ;Sul;Choque - Defensa, barreira ou "submarino";1;;;;;;;;;;0;1;;;
28/02/2019;21:03:00;65;com vítima;141,45;BR-116/RJ;Norte;Engavetamento;3;;1;;;;;;;;1;3;;;
01/03/2019;15:26:00;50;sem vítima;31,1;BR-116/RJ;Norte;Saida de Pista;1;;;;;;;;;;1;;;;
01/03/2019;23:43:00;82;com vítima;59,2;BR-116/RJ;Norte;Colisão Lateral;2;;;;;;;;;;1;5;;;
01/03/2019;09:18:00;26;sem vítima;90,7;BR-116/RJ;Norte;Choque - Veiculo parado no acostamento;2;;;;;;;;;;2;;;;
01/03/2019;23:57:00;83;sem vítima;105,35;BR-116/RJ;Sul;Tombamento;;;1;;;;;;;;2;;;;
02/03/2019;06:22:00;18;com vítima;3,5;BR-116/RJ;Norte;Colisão Frontal;1;;;1;;;;;;;0;1;;;2
02/03/2019;16:20:00;64;sem vítima;25,1;BR-116/RJ;Sul;Saida de Pista;1;;;;;;;;;;1;;;;
02/03/2019;20:55:00;83;sem vítima;46,75;BR-116/RJ;Norte;Colisão Traseira;2;;;;;;;;;;2;;;;
02/03/2019;12:00:00;47;com vítima;52,35;BR-116/RJ;Norte;Colisão Traseira;2;;;;;;;;;;0;3;;;
02/03/2019;05:35:00;16;sem vítima;80,7;BR-116/RJ;Norte;Choque - Defensa, barreira ou "submarino";1;;;;;;;;;;1;;;;
02/03/2019;22:49:00;93;com vítima;83,9;BR-116/RJ;Norte;Colisão Lateral;;;;2;;;;;;;1;1;;;
02/03/2019;09:52:00;35;com vítima;87,6;BR-116/RJ;Norte;Choque - Defensa, barreira ou "submarino";1;;;;;;;;;;0;1;;;
02/03/2019;07:07:00;21;sem vítima;105,45;BR-116/RJ;Sul;Saida de Pista;1;;;;;;;;;;1;;;;
02/03/2019;01:11:00;4;com vítima;119,7;BR-116/RJ;Sul;Choque - Defensa, barreira ou "submarino";1;;;;;;;;;;0;;1;;
03/03/2019;23:58:00;64;com vítima;60,1;BR-116/RJ;Sul;Queda de Moto;;;;1;;;;;;;0;;;1;
03/03/2019;06:53:00;10;sem vítima;99;BR-116/RJ;Sul;Choque - Defensa, barreira ou "submarino";1;;;;;;;;;;1;;;;
03/03/2019;17:31:00;49;sem vítima;117,5;BR-116/RJ;Norte;Choque - Defensa, barreira ou "submarino";1;;;;;;;;;;1;;;;
03/03/2019;19:57:00;55;com vítima;127;BR-116/RJ;Sul;Colisão Lateral;2;;;;;;;;;;2;1;;;
03/03/2019;22:55:00;63;com vítima;131,2;BR-116/RJ;Norte;Choque - Veiculo parado na pista;2;;;;;;;;;;0;2;;;
04/03/2019;21:23:00;50;com vítima;79,8;BR-116/RJ;Sul;Colisão Lateral;;1;;;;1;;;;;1;;;1;
04/03/2019;18:51:00;41;com vítima;135,2;BR-116/RJ;Norte;Atropelamento de Cachorro;;;;1;;;;;;;0;1;;;
05/03/2019;18:15:00;45;sem vítima;88;BR-116/RJ;Sul;Choque - Defensa, barreira ou "submarino";1;;;;;;;;;;1;;;;
05/03/2019;16:45:00;38;sem vítima;112,1;BR-116/RJ;Sul;Atropelamento de Cachorro;1;;;;;;;;;;1;;;;
05/03/2019;00:15:00;1;sem vítima;119,8;BR-116/RJ;Norte;Atropelamento de Cachorro;1;;;;;;;;;;1;;;;
05/03/2019;06:19:00;6;sem vítima;126,3;BR-116/RJ;Sul;Saida de Pista;1;;;;;;;;;;1;;;;
05/03/2019;21:30:00;61;sem vítima;127;BR-116/RJ;Norte;Colisão Frontal;2;;;;;;;;;;6;;;;
05/03/2019;22:41:00;66;com vítima;127,3;BR-116/RJ;Sul;Choque - Veiculo parado na pista;2;;;;;;;;;;1;;;2;
06/03/2019;01:00:00;1;sem vítima;69,7;BR-116/RJ;Norte;Atropelamento de Animal;1;;;;;;;;;;1;;;;
06/03/2019;07:35:00;10;com vítima;76;BR-116/RJ;Norte;Colisão Transversal;1;;;1;;;;;;;1;;1;;
06/03/2019;02:40:00;4;com vítima;104,3;BR-116/RJ;Norte;Queda de Moto;;;;1;;;;;;;0;1;;;
06/03/2019;15:40:00;41;sem vítima;119;BR-116/RJ;Sul;Colisão Traseira;2;;1;;;;;;;;3;;;;
07/03/2019;05:48:00;7;com vítima;95,1;BR-116/RJ;Sul;Queda de Moto;;;;1;;;;;;;0;1;;;
07/03/2019;06:34:00;8;com vítima;111,9;BR-116/RJ;Sul;Capotamento;1;;;;;;;;;;0;1;;;
07/03/2019;16:35:00;41;com vítima;125,7;BR-116/RJ;Sul;Queda de Moto;;;;1;;;;;;;0;1;;;
08/03/2019;16:45:00;46;sem vítima;104,3;BR-116/RJ;Norte;Colisão Transversal;2;;;;;;;;;;2;;;;
08/03/2019;11:27:00;21;com vítima;126,7;BR-116/RJ;Norte;Colisão Traseira;2;;;;;;;;;;0;3;;;
08/03/2019;11:40:00;23;com vítima;142;BR-116/RJ;Sul;Colisão Lateral;1;;1;;;;;;;;2;1;;;
09/03/2019;14:10:00;37;sem vítima;77,7;BR-116/RJ;Norte;Colisão Lateral;1;;;;1;;;;;;2;;;;
09/03/2019;15:23:00;42;com vítima;79,8;BR-116/RJ;Norte;Colisão Transversal;;;1;1;;;;;;;1;;1;;
09/03/2019;16:55:00;47;com vítima;92,5;BR-116/RJ;Sul;Saida de Pista;1;;;;;;;;;;0;2;;;
09/03/2019;08:18:00;9;sem vítima;137,8;BR-116/RJ;Sul;Saida de Pista;1;;;;;;;;;;1;;;;
10/03/2019;17:40:00;48;com vítima;88;BR-116/RJ;Norte;Saida de Pista;1;;;;;;;;;;1;1;;;
10/03/2019;14:39:00;32;sem vítima;139,7;BR-116/RJ;Norte;Saida de Pista;1;;;;;;;;;;1;;;;
11/03/2019;15:11:00;35;com vítima;32;BR-116/RJ;Norte;Saida de Pista;1;;;;;;;;;;0;1;;;
11/03/2019;14:16:00;32;com vítima;85,9;BR-116/RJ;Sul;Saida de Pista;1;;;;;;;;;;0;3;;;
11/03/2019;13:42:00;29;sem vítima;95,8;BR-116/RJ;Sul;Choque - Defensa, barreira ou "submarino";1;;;;;;;;;;1;;;;
11/03/2019;13:56:00;30;com vítima;125,6;BR-116/RJ;Norte;Choque - Defensa, barreira ou "submarino";;;1;;;;;;;;0;1;;;
11/03/2019;10:22:00;18;sem vítima;142;BR-116/RJ;Sul;Atropelamento de Cachorro;1;;;;;;;;;;1;;;;
12/03/2019;16:12:00;32;com vítima;75,2;BR-116/RJ;Norte;Queda de Moto;;;;1;;;;;;;0;1;;;
12/03/2019;05:26:00;1;sem vítima;137,7;BR-116/RJ;Sul;Colisão Lateral;1;;1;;;;;;;;2;;;;
12/03/2019;13:25:00;25;com vítima;143,15;BR-116/RJ;Norte;Queda de Moto;;;;1;;;;;;;0;;1;;