data;horario;n_da_ocorrencia;tipo_de_ocorrencia;km;trecho;sentido;tipo_de_acidente;automovel;bicicleta;caminhao;moto;onibus;outros;tracao_animal;transporte_de_cargas_especiais;trator_maquinas;utilitarios;ilesos;levemente_feridos;moderadamente_feridos;gravemente_feridos;mortos
14/03/2019;16:58:00;39;com vítima;40,6;BR-116/RJ;Norte;Atropelamento - Pessoa;;;;1;;;;;;;0;1;1;;
14/03/2019;16:37:00;36;com vítima;99;BR-116/RJ;Sul;Colisão Lateral;2;;;;;;;;;;0;2;;;
14/03/2019;08:39:00;12;com vítima;130,8;BR-116/RJ;Sul;Colisão Traseira;;;2;;;;;;;;1;1;;;
15/03/2019;16:53:00;38;sem vítima;139,5;BR-116/RJ;Norte;Colisão Lateral;1;;1;;;;;;;;2;;;;
16/03/2019;13:15:00;30;com vítima;9,9;BR-116/RJ;Sul;Capotamento;1;;;;;;;;;;0;1;;;
16/03/2019;03:59:00;3;sem vítima;95;BR-116/RJ;Norte;Choque - Defensa, barreira ou "submarino";1;;;;;;;;;;1;;;;
16/03/2019;19:16:00;53;com vítima;95,1;BR-116/RJ;Norte;Choque - Defensa, barreira ou "submarino";1;;;;;;;;;;0;2;;;
16/03/2019;13:25:00;31;com vítima;99;BR-116/RJ;Sul;Queda de Moto;;;;1;;;;;;;1;1;;;
17/03/2019;10:43:00;16;com vítima;99,4;BR-116/RJ;Norte;Saida de Pista;1;;;;;;;;;;0;4;;;
17/03/2019;11:13:00;17;com vítima;104,4;BR-116/RJ;Norte;Colisão Transversal;1;;1;;;;;;;;1;;;1;
17/03/2019;22:36:00;62;sem vítima;139,5;BR-116/RJ;Sul;Choque - Defensa, barreira ou "submarino";1;;;;;;;;;;2;;;;
18/03/2019;15:40:00;40;com vítima;29,5;BR-116/RJ;Norte;Engavetamento;2;;1;;;1;;;;;4;1;;;
18/03/2019;04:13:00;4;sem vítima;35;BR-116/RJ;Sul;Choque - Arvore;1;;;;;;;;;;1;;;;
18/03/2019;17:29:00;46;com vítima;39;BR-116/RJ;Sul;Colisão Transversal;1;;;1;;;;;;;2;1;;;
18/03/2019;09:09:00;11;sem vítima;95;BR-116/RJ;Sul;Saida de Pista;;;1;;;;;;;;1;;;;
18/03/2019;11:29:00;24;com vítima;95,02;BR-116/RJ;Norte;Colisão Frontal;1;;;1;;;;;;;1;;;;1
18/03/2019;16:30:00;43;sem vítima;126,4;BR-116/RJ;Sul;Choque - Defensa, barreira ou "submarino";1;;1;;;;;;;;2;;;;
18/03/2019;02:20:00;2;sem vítima;134,3;BR-116/RJ;Sul;Atropelamento de Animal;1;;;;;;;;;;1;;;;
20/03/2019;23:29:00;60;com vítima;17,7;BR-116/RJ;Sul;Tombamento;;;1;;;;;;;;0;;2;;
20/03/2019;16:40:00;40;com vítima;29,7;BR-116/RJ;Sul;Tombamento;;;1;;;;;;;;0;1;;;
20/03/2019;11:18:00;22;com vítima;92,3;BR-116/RJ;Sul;Tombamento;;;1;;;;;;;;2;;1;;
20/03/2019;14:00:00;32;com vítima;137,2;BR-116/RJ;Sul;Choque - Defensa, barreira ou "submarino";1;;;;;;;;;;1;1;;;
21/03/2019;00:21:00;1;com vítima;48;BR-116/RJ;Norte;Queda de Moto;;;;1;;;;;;;0;1;;;
21/03/2019;09:45:00;22;com vítima;95,1;BR-116/RJ;Norte;Colisão Lateral;3;;;;;;;;;;1;6;;;
23/03/2019;15:00:00;23;com vítima;127,7;BR-116/RJ;Sul;Colisão Lateral;;;1;;;;;;;1;1;;1;;
23/03/2019;18:42:00;35;sem vítima;139;BR-116/RJ;Norte;Colisão Traseira;2;;;;;;;;;;3;;;;
24/03/2019;21:30:00;50;com vítima;39,7;BR-116/RJ;Sul;Colisão Frontal;2;;;;;;;;;;0;1;1;;
24/03/2019;11:15:00;14;com vítima;71,4;BR-116/RJ;Sul;Queda de Moto;;;;1;;;;;;;0;;1;;
24/03/2019;06:20:00;5;com vítima;131,35;BR-116/RJ;Sul;Saida de Pista;1;;;;;;;;;;0;1;;;
24/03/2019;19:09:00;42;sem vítima;137;BR-116/RJ;Norte;Atropelamento de Cachorro;1;;;;;;;;;;1;;;;
24/03/2019;13:50:00;20;sem vítima;137,9;BR-116/RJ;Norte;Saida de Pista;2;;;;;;;;;;2;;;;
25/03/2019;09:01:00;19;com vítima;112,7;BR-116/RJ;Norte;Colisão Traseira;1;;;;1;;;;;;1;;1;;
25/03/2019;19:12:00;56;com vítima;141;BR-116/RJ;Norte;Atropelamento - Pessoa;;;2;;;;;;;;2;;;;1
26/03/2019;07:50:00;13;com vítima;94,1;BR-116/RJ;Sul;Queda de Moto;;;;1;;;;;;;0;1;1;;
26/03/2019;17:10:00;41;sem vítima;99;BR-116/RJ;Sul;Choque - Defensa, barreira ou "submarino";1;;;;;;;;;;1;;;;
27/03/2019;12:19:00;23;com vítima;87,95;BR-116/RJ;Norte;Tombamento;;;1;;;;;;;;0;;1;;
27/03/2019;07:47:00;10;sem vítima;138,35;BR-116/RJ;Sul;Colisão Traseira;;;2;;;;;;;;2;;;;
27/03/2019;19:00:00;44;sem vítima;141;BR-116/RJ;Norte;Atropelamento de Cachorro;1;;;;;;;;;;1;;;;
27/03/2019;21:36:00;47;com vítima;143,15;BR-116/RJ;Sul;Choque - Defensa, barreira ou "submarino";1;;;;;;;;;;0;;1;;
28/03/2019;14:30:00;26;sem vítima;65,8;BR-116/RJ;Sul;Colisão Lateral;;;2;;;;;;;;2;;;;
28/03/2019;16:05:00;35;sem vítima;94,4;BR-116/RJ;Norte;Colisão Lateral;;;;;;;;;;1;1;;;;
28/03/2019;18:33:00;49;sem vítima;105,4;BR-116/RJ;Sul;Choque - Elemento de Drenagem;;;1;;;;;;;;1;;;;
28/03/2019;21:08:00;64;com vítima;127,4;BR-116/RJ;Norte;Capotamento;1;;;;;;;;;;0;1;;;
29/03/2019;19:30:00;51;com vítima;13,8;BR-116/RJ;Norte;Saida de Pista;1;;;;;;;;;;0;1;1;;
29/03/2019;20:26:00;54;sem vítima;73;BR-116/RJ;Sul;Saida de Pista;1;;;;;;;;;;1;;;;
29/03/2019;19:03:00;50;com vítima;79,9;BR-116/RJ;Sul;Atropelamento - Pessoa;;;;1;;;;;;;0;2;;;
29/03/2019;09:42:00;16;sem vítima;122;BR-116/RJ;Norte;Saida de Pista;1;;;;;;;;;;1;;;;
29/03/2019;23:01:00;60;sem vítima;136,8;BR-116/RJ;Norte;Atropelamento de Cachorro;1;;;;;;;;;;2;;;;
29/03/2019;14:56:00;32;com vítima;143,7;BR-116/RJ;Norte;Colisão Lateral;1;1;;;;;;;;;1;;1;;
30/03/2019;17:02:00;43;com vítima;74;BR-116/RJ;Sul;Capotamento;1;;;;;;;;;;0;1;;;
30/03/2019;16:24:00;40;com vítima;119,95;BR-116/RJ;Sul;Saida de Pista;1;;;;;;;;;;0;1;;;
30/03/2019;02:08:00;3;sem vítima;132,7;BR-116/RJ;Norte;Choque - Defensa, barreira ou "submarino";;;1;;;;;;;;1;;;;
31/03/2019;08:45:00;13;com vítima;23,8;BR-116/RJ;Norte;Saida de Pista;1;;;;;;;;;;1;1;;;
31/03/2019;12:29:00;20;sem vítima;76;BR-116/RJ;Norte;Saida de Pista;1;;;;;;;;;;1;;;;
31/03/2019;22:25:00;38;com vítima;78,9;BR-116/RJ;Norte;Queda de Moto;;;;1;;;;;;;0;2;;;
01/08/2019;18:44:00;49;com vítima;40,2;BR-116/RJ;Sul;Colisão Transversal;1;;;1;;;;;;;1;1;;;
02/08/2019;14:10:00;30;sem vítima;99,5;BR-116/RJ;Norte;Colisão Lateral;1;;1;;;;;;;;2;;;;
02/08/2019;20:09:00;56;sem vítima;133,5;BR-116/RJ;Sul;Choque - Veiculo parado na pista;;;2;;;;;;;;2;;;;
02/08/2019;07:04:00;5;com vítima;141;BR-116/RJ;Sul;Colisão Traseira;1;1;;;;;;;;;1;1;;;
03/08/2019;16:14:00;41;com vítima;74,7;BR-116/RJ;Sul;Saida de Pista;1;;;;;;;;;;0;1;;;
03/08/2019;11:20:00;25;sem vítima;95,2;BR-116/RJ;Norte;Colisão Lateral;2;;;;;;;;;;2;;;;
03/08/2019;04:39:00;7;sem vítima;97;BR-116/RJ;Sul;Saida de Pista;1;;;;;;;;;;1;;;;
03/08/2019;10:54:00;21;sem vítima;99;BR-116/RJ;Sul;Saida de Pista;1;;;;;;;;;;1;;;;
03/08/2019;09:44:00;15;sem vítima;125,3;BR-116/RJ;Norte;Choque - Defensa, barreira ou "submarino";;;;;;;;;;1;1;;;;
03/08/2019;15:16:00;39;sem vítima;129;BR-116/RJ;Sul;Saida de Pista;1;;;;;;;;;;1;;;;
03/08/2019;02:40:00;4;sem vítima;132,8;BR-116/RJ;Sul;Choque - Objeto não identificado;1;;;;;;;;;;1;;;;
03/08/2019;16:24:00;42;sem vítima;137,4;BR-116/RJ;Norte;Saida de Pista;1;;;;;;;;;;1;;;;
03/08/2019;07:50:00;11;com vítima;142,7;BR-116/RJ;Norte;Colisão Frontal;2;;;;;;;;;;0;5;;;
03/08/2019;19:35:00;56;com vítima;142,9;BR-116/RJ;Sul;Engavetamento;3;;;;;;;;;;0;5;;;
03/08/2019;09:30:00;13;com vítima;143,5;BR-116/RJ;Norte;Choque - Defensa, barreira ou "submarino";;;1;;;;;;;;0;1;;;
04/08/2019;13:16:00;36;sem vítima;21;BR-116/RJ;Norte;Saida de Pista;1;;;;;;;;;;1;;;;
04/08/2019;06:32:00;16;com vítima;22,9;BR-116/RJ;Sul;Atropelamento - Pessoa;1;;;;;;;;;;1;;;1;
04/08/2019;06:04:00;14;com vítima;25;BR-116/RJ;Sul;Colisão Traseira;1;;;1;;;;;;;1;2;;;
04/08/2019;06:31:00;15;sem vítima;75,45;BR-116/RJ;Sul;Saida de Pista;1;;;;;;;;;;1;;;;
04/08/2019;01:53:00;7;com vítima;94,7;BR-116/RJ;Sul;Saida de Pista;1;;;;;;;;;;1;1;;;
04/08/2019;16:16:00;43;sem vítima;118,2;BR-116/RJ;Norte;Saida de Pista;1;;;;;;;;;;1;;;;
04/08/2019;19:45:00;53;com vítima;125,5;BR-116/RJ;Norte;Saida de Pista;1;;;;;;;;;;0;2;;;
04/08/2019;05:15:00;12;com vítima;134,8;BR-116/RJ;Sul;Queda de Moto;;;;1;;;;;;;0;;1;;
04/08/2019;05:19:00;13;sem vítima;134,8;BR-116/RJ;Sul;Choque - Veiculo parado na pista;1;;;1;;;;;;;2;;;;
04/08/2019;04:15:00;11;sem vítima;141;BR-116/RJ;Norte;Choque - Defensa, barreira ou "submarino";1;;;;;;;;;;1;;;;
04/08/2019;13:28:00;37;sem vítima;144;BR-116/RJ;Norte;Choque - Defensa, barreira ou "submarino";1;;;;;;;;;;1;;;;
05/08/2019;05:40:00;3;sem vítima;70,6;BR-116/RJ;Sul;Atropelamento de Animal;1;;;;;;;;;;1;;;;
05/08/2019;16:16:00;34;com vítima;71,9;BR-116/RJ;Norte;Choque - Elemento de Drenagem;;;;1;;;;;;;0;;1;;
05/08/2019;17:35:00;39;com vítima;74,5;BR-116/RJ;Norte;Choque - Elemento de Drenagem;1;;;;;;;;;;0;2;;;
05/08/2019;12:18:00;19;com vítima;80;BR-116/RJ;Norte;Colisão Lateral;1;;;1;;;;;;;0;2;;;
05/08/2019;18:08:00;42;com vítima;83,9;BR-116/RJ;Sul;Atropelamento - Pessoa;;;;1;;;;;;;0;2;;;
05/08/2019;12:53:00;25;com vítima;131,5;BR-116/RJ;Norte;Colisão Traseira;1;;1;;;;;;;;0;4;;;
06/08/2019;10:32:00;23;com vítima;104,4;BR-116/RJ;Norte;Colisão Transversal;1;;;1;;;;;;;1;1;;;
06/08/2019;07:05:00;8;com vítima;107,8;BR-116/RJ;Norte;Saida de Pista;1;;;;;;;;;;0;1;;;
06/08/2019;09:45:00;20;com vítima;125,9;BR-116/RJ;Sul;Colisão Lateral;;;1;1;;;;;;;1;;;1;
07/08/2019;07:23:00;5;com vítima;74,6;BR-116/RJ;Sul;Choque - Defensa, barreira ou "submarino";;;1;;;;;;;;0;;1;;
07/08/2019;14:40:00;23;com vítima;76;BR-116/RJ;Norte;Queda de Moto;;;;1;;;;;;;0;1;;;
07/08/2019;07:07:00;4;sem vítima;137;BR-116/RJ;Sul;Colisão Lateral;2;;;;;;;;;;2;;;;
08/08/2019;19:11:00;47;com vítima;31;BR-116/RJ;Norte;Saida de Pista;1;;;;;;;;;;0;2;;;
08/08/2019;18:39:00;44;com vítima;42;BR-116/RJ;Sul;Colisão Lateral;1;;;1;;;;;;;1;1;;;
08/08/2019;11:03:00;13;com vítima;96,8;BR-116/RJ;Sul;Colisão Traseira;1;;1;;;;;;;;1;1;;;
08/08/2019;19:19:00;48;com vítima;137,5;BR-116/RJ;Norte;Colisão Lateral;1;;1;;;;;;;;0;2;;;
09/08/2019;00:40:00;3;sem vítima;67,3;BR-116/RJ;Norte;Choque - Elemento de Drenagem;1;;;;;;;;;;1;;;;
10/08/2019;16:44:00;54;sem vítima;48,9;BR-116/RJ;Norte;Colisão Lateral;;;;;1;;;;;1;2;;;;
10/08/2019;05:23:00;9;com vítima;99;BR-116/RJ;Sul;Tombamento;1;;;;;;;;;;0;2;;;
10/08/2019;06:58:00;12;sem vítima;114,6;BR-116/RJ;Norte;Saida de Pista;1;;;;;;;;;;1;;;;
11/08/2019;03:46:00;2;com vítima;44,1;BR-116/RJ;Sul;Queda de Moto;;;;1;;;;;;;0;1;1;;
11/08/2019;17:51:00;52;com vítima;76,4;BR-116/RJ;Norte;Saida de Pista;1;;;;;;;;;;0;1;;;
11/08/2019;20:14:00;61;sem vítima;133,5;BR-116/RJ;Sul;Colisão Lateral;2;;;;;;;;;;3;;;;
11/08/2019;17:42:00;51;com vítima;136,9;BR-116/RJ;Sul;Engavetamento;3;;;;;;;;;;2;3;3;;
11/08/2019;10:23:00;11;com vítima;139,8;BR-116/RJ;Norte;Colisão Traseira;2;;;1;;;;;;;2;1;;;
11/08/2019;21:07:00;66;com vítima;142,5;BR-116/RJ;Sul;Capotamento;1;;;;;;;;;;2;1;;;
12/08/2019;09:15:00;15;sem vítima;31,2;BR-116/RJ;Sul;Saida de Pista;1;;;;;;;;;;1;;;;
12/08/2019;13:19:00;34;com vítima;62,5;BR-116/RJ;Sul;Capotamento;1;;;;;;;;;;0;2;;1;
12/08/2019;19:08:00;57;com vítima;73,5;BR-116/RJ;Norte;Queda de Moto;;;;1;;;;;;;0;1;;;
12/08/2019;12:06:00;28;com vítima;84,3;BR-116/RJ;Norte;Colisão Traseira;1;;1;;;;;;;;1;1;;;
13/08/2019;23:36:00;48;com vítima;124;BR-116/RJ;Norte;Choque - Defensa, barreira ou "submarino";1;;;;;;;;;;0;1;;;
13/08/2019;23:35:00;47;com vítima;137,4;BR-116/RJ;Norte;Choque - Defensa, barreira ou "submarino";2;;;;;;;;;;1;1;;;
13/08/2019;12:11:00;24;com vítima;137,5;BR-116/RJ;Sul;Queda de Moto;;;;1;;;;;;;0;;2;;
14/08/2019;20:27:00;45;sem vítima;92;BR-116/RJ;Norte;Colisão Lateral;1;;1;;;;;;;;4;;;;
14/08/2019;19:11:00;41;com vítima;103,8;BR-116/RJ;Norte;Colisão Lateral;2;;;;;;;;;;0;2;1;;
14/08/2019;13:45:00;27;sem vítima;109,7;BR-116/RJ;Norte;Saida de Pista;1;;;;;;;;;;1;;;;
14/08/2019;15:25:00;29;sem vítima;122,2;BR-116/RJ;Sul;Colisão Traseira;2;;;;;;;;;;2;;;;
15/08/2019;10:28:00;18;sem vítima;94;BR-116/RJ;Sul;Saida de Pista;1;;;;;;;;;;2;;;;
15/08/2019;12:30:00;23;com vítima;116;BR-116/RJ;Norte;Saida de Pista;1;;;;;;;;;;0;1;;;
16/08/2019;08:43:00;12;com vítima;133,5;BR-116/RJ;Norte;Colisão Traseira;1;;1;;;;;;;;0;3;;;
17/08/2019;07:55:00;12;com vítima;13,1;BR-116/RJ;Sul;Tombamento;;;1;;;;;;;;0;1;1;;
17/08/2019;16:22:00;48;com vítima;125,5;BR-116/RJ;Norte;Saida de Pista;1;;;;;;;;;;0;3;;;
17/08/2019;05:13:00;3;sem vítima;133,5;BR-116/RJ;Norte;Choque - Veiculo parado na pista;1;;1;;;;;;;;4;;;;
18/08/2019;21:40:00;72;com vítima;66;BR-116/RJ;Norte;Colisão Transversal;1;;;1;;;;;;;1;1;1;;
18/08/2019;17:42:00;53;com vítima;102,3;BR-116/RJ;Sul;Colisão Lateral;1;;;1;;;;;;;1;1;;;
18/08/2019;19:40:00;67;com vítima;122,7;BR-116/RJ;Sul;Colisão Lateral;1;;;1;;;;;;;1;;1;;
18/08/2019;15:14:00;37;com vítima;144;BR-116/RJ;Sul;Choque - Defensa, barreira ou "submarino";1;;;;;;;;;;0;;1;;
19/08/2019;18:09:00;53;sem vítima;3,4;BR-116/RJ;Norte;Atropelamento de Animal;1;;;;;;;;;;1;;;;
19/08/2019;23:03:00;64;com vítima;4,4;BR-116/RJ;Norte;Atropelamento de Animal;;;1;;;;;;;;0;2;;;
19/08/2019;18:13:00;52;com vítima;40,2;BR-116/RJ;Norte;Colisão Lateral;1;;;1;;;;;;;1;;1;;
19/08/2019;17:52:00;50;com vítima;77;BR-116/RJ;Norte;Atropelamento - Pessoa;;;;1;;;;;;;0;;1;1;
20/08/2019;13:25:00;29;com vítima;41,45;BR-116/RJ;Norte;Colisão Lateral;2;;;;;;;;;;0;5;1;;
20/08/2019;18:40:00;49;com vítima;63,1;BR-116/RJ;Norte;Saida de Pista;1;;;;;;;;;;0;1;;;
20/08/2019;20:43:00;61;com vítima;94,7;BR-116/RJ;Norte;Saida de Pista;1;;;;;;;;;;0;1;;;
20/08/2019;22:46:00;66;sem vítima;95;BR-116/RJ;Norte;Saida de Pista;1;;;;;;;;;;1;;;;
20/08/2019;09:46:00;16;com vítima;95,2;BR-116/RJ;Norte;Saida de Pista;;;;1;;;;;;;0;1;;;
20/08/2019;18:27:00;48;sem vítima;123,7;BR-116/RJ;Norte;Colisão Traseira;1;;1;;;;;;;;2;;;;
20/08/2019;07:21:00;8;sem vítima;125,5;BR-116/RJ;Norte;Colisão Traseira;;;1;;1;;;;;;2;;;;
20/08/2019;23:29:00;67;sem vítima;132,6;BR-116/RJ;Sul;Choque - Defensa, barreira ou "submarino";;;1;;;;;;;;1;;;;
20/08/2019;08:24:00;11;com vítima;133,5;BR-116/RJ;Norte;Colisão Traseira;1;;1;;;;;;;;1;1;;;
21/08/2019;17:43:00;33;sem vítima;141,2;BR-116/RJ;Norte;Atropelamento de Cachorro;1;;;;;;;;;;1;;;;
21/08/2019;06:53:00;6;com vítima;142,5;BR-116/RJ;Sul;Atropelamento - Pessoa;;;1;;;;;;;;1;;;;1
22/08/2019;08:30:00;15;com vítima;8,5;BR-116/RJ;Norte;Saida de Pista;1;;;;;;;;;;0;1;;;
22/08/2019;19:23:00;44;com vítima;43,35;BR-116/RJ;Norte;Tombamento;;;1;;;;;;;;0;2;;;
22/08/2019;08:04:00;12;com vítima;104,7;BR-116/RJ;Norte;Choque - Defensa, barreira ou "submarino";1;;;;;;;;;;0;;1;;
23/08/2019;17:45:00;38;com vítima;17,45;BR-116/RJ;Norte;Colisão Lateral;2;;;;;;;;;;0;;;3;
23/08/2019;08:45:00;14;com vítima;125,2;BR-116/RJ;Norte;Queda de Moto;;;;1;;;;;;;0;2;;;
23/08/2019;18:16:00;41;com vítima;134,8;BR-116/RJ;Norte;Atropelamento - Pessoa;2;;;1;;;;;;;2;1;;;1
23/08/2019;19:25:00;47;com vítima;138;BR-116/RJ;Norte;Colisão Lateral;;1;;;1;;;;;;1;1;;;
24/08/2019;01:28:00;1;sem vítima;30,1;BR-116/RJ;Norte;Choque - Defensa, barreira ou "submarino";1;;;;;;;;;;1;;;;
24/08/2019;18:20:00;40;com vítima;76,2;BR-116/RJ;Sul;Colisão Lateral;2;;;;;;;;;;1;3;;;
24/08/2019;03:38:00;2;com vítima;83;BR-116/RJ;Sul;Colisão Lateral;1;;;;;;;;;1;0;3;;;
24/08/2019;15:59:00;34;sem vítima;104,5;BR-116/RJ;Norte;Choque - Defensa, barreira ou "submarino";;;1;;;;;;;;1;;;;
25/08/2019;15:28:00;28;com vítima;69,7;BR-116/RJ;Norte;Queda de Moto;;;;1;;;;;;;0;2;;;
25/08/2019;13:45:00;20;sem vítima;125,5;BR-116/RJ;Norte;Choque - Defensa, barreira ou "submarino";2;;;;;;;;;;2;;;;
25/08/2019;07:32:00;9;sem vítima;144;BR-116/RJ;Norte;Queda de Moto;;;;1;;;;;;;1;;;;
26/08/2019;16:38:00;38;com vítima;133,5;BR-116/RJ;Norte;Colisão Traseira;;;;;2;;;;;;0;16;1;;
26/08/2019;11:05:00;22;com vítima;141,6;BR-116/RJ;Sul;Engavetamento;4;;;;;;;;;;1;3;;;
27/08/2019;07:27:00;8;sem vítima;98,2;BR-116/RJ;Sul;Colisão Lateral;1;;1;;;;;;;;2;;;;
27/08/2019;07:36:00;10;com vítima;142,7;BR-116/RJ;Sul;Colisão Lateral;1;;;;1;;;;;;1;1;;;
28/08/2019;04:41:00;4;sem vítima;140,35;BR-116/RJ;Sul;Colisão Traseira;2;;;;;;;;;;2;;;;
28/08/2019;09:41:00;16;com vítima;142,5;BR-116/RJ;Norte;Atropelamento - Andarilho;1;;;;;;;;;;1;1;;;
29/08/2019;05:46:00;3;sem vítima;123,8;BR-116/RJ;Norte;Choque - Defensa, barreira ou "submarino";1;;;;;;;;;;1;;;;
29/08/2019;05:30:00;2;sem vítima;127,8;BR-116/RJ;Norte;Choque - Defensa, barreira ou "submarino";1;;;;;;;;;;1;;;;
30/08/2019;06:25:00;4;com vítima;73,5;BR-116/RJ;Norte;Queda de Moto;;;;1;;;;;;;0;1;;;
30/08/2019;18:58:00;50;com vítima;78;BR-116/RJ;Sul;Atropelamento de Animal;1;;;;;;;;;;3;1;;;
31/08/2019;11:58:00;26;com vítima;32,6;BR-116/RJ;Norte;Queda de Moto;;;;1;;;;;;;0;2;;;
31/08/2019;14:30:00;40;sem vítima;85;BR-116/RJ;Sul;Saida de Pista;1;;;;;;;;;;1;;;;
31/08/2019;23:55:00;77;sem vítima;115,4;BR-116/RJ;Norte;Atropelamento de Cachorro;1;;;;;;;;;;2;;;;
31/08/2019;08:07:00;14;sem vítima;129,3;BR-116/RJ;Norte;Colisão Lateral;2;;;;;;;;;;2;;;;
02/07/2019;10:14:00;13;com vítima;42,35;BR-116/RJ;Norte;Choque - Defensa, barreira ou "submarino";;;;1;;;;;;;0;;;;1
02/07/2019;10:05:00;12;com vítima;76,95;BR-116/RJ;Sul;Choque - Defensa, barreira ou "submarino";1;;;;;;;;;;0;1;;;
03/07/2019;12:35:00;17;com vítima;83;BR-116/RJ;Sul;Colisão Frontal;1;;;1;;;;;;;1;1;;;
04/07/2019;21:41:00;52;com vítima;24,1;BR-116/RJ;Norte;Saida de Pista;;;;;;;;;;1;0;;1;;
04/07/2019;13:15:00;25;com vítima;48,6;BR-116/RJ;Norte;Capotamento;2;;;;;;;;;;1;1;;;
04/07/2019;23:02:00;54;sem vítima;64,3;BR-116/RJ;Norte;Choque - Defensa, barreira ou "submarino";1;;;;;;;;;;3;;;;
04/07/2019;14:50:00;33;com vítima;91,2;BR-116/RJ;Norte;Colisão Frontal;1;;;;;;;;;;0;1;;;
05/07/2019;10:10:00;18;sem vítima;24;BR-116/RJ;Norte;Saida de Pista;1;;;;;;;;;;1;;;;
05/07/2019;12:20:00;30;com vítima;24;BR-116/RJ;Sul;Saida de Pista;1;;;1;;;;;;;1;;1;;
05/07/2019;22:38:00;66;com vítima;89,2;BR-116/RJ;Norte;Choque - Defensa, barreira ou "submarino";1;;;;;;;;;;0;2;;;
05/07/2019;11:30:00;25;com vítima;93,35;BR-116/RJ;Sul;Colisão Frontal;1;;;;;;;;;;0;4;;;
05/07/2019;13:41:00;34;sem vítima;99;BR-116/RJ;Norte;Saida de Pista;1;;;;;;;;;;4;;;;
06/07/2019;14:37:00;33;com vítima;25,25;BR-116/RJ;Norte;Saida de Pista;;;;;;;;;;1;0;1;;;
06/07/2019;18:05:00;42;sem vítima;106,6;BR-116/RJ;Sul;Colisão Lateral;1;;1;;;;;;;;2;;;;
07/07/2019;19:05:00;41;com vítima;76,1;BR-116/RJ;Norte;Colisão Transversal;2;;;;;;;;;;1;4;2;;
07/07/2019;21:55:00;47;sem vítima;78,8;BR-116/RJ;Norte;Choque - Defensa, barreira ou "submarino";1;;;;;;;;;;1;;;;
07/07/2019;20:41:00;45;sem vítima;131;BR-116/RJ;Norte;Choque - Defensa, barreira ou "submarino";1;;;;;;;;;;1;;;;
09/07/2019;13:00:00;28;sem vítima;40,2;BR-116/RJ;Sul;Colisão Lateral;1;;1;;;;;;;;2;;;;
10/07/2019;05:50:00;6;sem vítima;99,5;BR-116/RJ;Sul;Saida de Pista;1;;;;;;;;;;1;;;;
10/07/2019;17:04:00;40;com vítima;101;BR-116/RJ;Sul;Colisão Traseira;;;;1;;;;;;;0;2;;;
10/07/2019;06:45:00;9;com vítima;140;BR-116/RJ;Sul;Queda de Moto;1;;;1;;;;;;;1;1;;;
10/07/2019;10:05:00;22;com vítima;141,5;BR-116/RJ;Sul;Colisão Lateral;1;;;1;;;;;;;1;2;;;
11/07/2019;21:18:00;55;com vítima;132,75;BR-116/RJ;Norte;Queda de Moto;;;;1;;;;;;;0;1;1;;
12/07/2019;20:15:00;58;com vítima;101,1;BR-116/RJ;Norte;Colisão Traseira;1;;;;;;;;;;0;2;;;
12/07/2019;18:15:00;54;com vítima;106,75;BR-116/RJ;Norte;Colisão Traseira;;;1;1;;;;;;;1;1;;;
12/07/2019;13:58:00;31;sem vítima;107,9;BR-116/RJ;Norte;Colisão Traseira;1;;;;;;;;;1;2;;;;
12/07/2019;15:30:00;34;com vítima;129;BR-116/RJ;Norte;Colisão Traseira;1;;;1;;;;;;;1;;1;;
12/07/2019;10:30:00;17;sem vítima;139,4;BR-116/RJ;Sul;Saida de Pista;2;;;;;;;;;;4;;;;
13/07/2019;19:17:00;44;sem vítima;133,8;BR-116/RJ;Norte;Atropelamento de Cachorro;1;;;;;;;;;;1;;;;
14/07/2019;08:35:00;12;com vítima;50,95;BR-116/RJ;Sul;Queda de Moto;1;;;;;;;;;;1;1;;;
14/07/2019;18:05:00;45;com vítima;104,7;BR-116/RJ;Norte;Atropelamento de Cachorro;3;;;;;;;;;;2;2;;;
14/07/2019;20:18:00;55;com vítima;131,15;BR-116/RJ;Norte;Queda de Moto;;;;1;;;;;;;0;1;;;
14/07/2019;08:12:00;11;sem vítima;139,5;BR-116/RJ;Norte;Colisão Traseira;1;;;;;;;;;;1;;;;
14/07/2019;04:55:00;6;com vítima;143,8;BR-116/RJ;Sul;Capotamento;;;;1;;;;;;;0;1;;;
15/07/2019;05:09:00;6;com vítima;106,4;BR-116/RJ;Sul;Colisão Traseira;;;;2;;;;;;;0;2;1;;
16/07/2019;15:46:00;27;com vítima;99,4;BR-116/RJ;Norte;Choque - Elemento de Drenagem;1;;;;;;;;;;0;1;;;
16/07/2019;06:38:00;5;com vítima;118,9;BR-116/RJ;Sul;Saida de Pista;1;;;;;;;;;;0;2;;;
16/07/2019;18:42:00;35;sem vítima;122,5;BR-116/RJ;Sul;Colisão Traseira;1;;;;;;;;;;1;;;;
16/07/2019;12:40:00;23;com vítima;125,6;BR-116/RJ;Sul;Choque - Defensa, barreira ou "submarino";1;;1;;;;;;;;1;3;;;
18/07/2019;13:20:00;29;sem vítima;24,3;BR-116/RJ;Sul;Saida de Pista;1;;;;;;;;;;1;;;;
18/07/2019;19:27:00;48;com vítima;76,6;BR-116/RJ;Norte;Colisão Lateral;;;1;1;;;;;;;1;;1;;