data;horario;n_da_ocorrencia;tipo_de_ocorrencia;km;trecho;sentido;tipo_de_acidente;automovel;bicicleta;caminhao;moto;onibus;outros;tracao_animal;transporte_de_cargas_especiais;trator_maquinas;utilitarios;ilesos;levemente_feridos;moderadamente_feridos;gravemente_feridos;mortos
18/07/2019;11:20:00;24;com vítima;93,4;BR-116/RJ;Norte;Colisão Lateral;4;;;;;;;;;;0;4;;;
18/07/2019;09:00:00;13;com vítima;98,4;BR-116/RJ;Norte;Choque - Defensa, barreira ou "submarino";1;;;;;;;;;;0;1;;;
18/07/2019;12:40:00;27;com vítima;123,3;BR-116/RJ;Norte;Engavetamento;1;;1;;;;;;;;0;2;;;
19/07/2019;16:46:00;40;com vítima;113,05;BR-116/RJ;Norte;Atropelamento - Pessoa;;;;1;;;;;;;0;2;;;
19/07/2019;06:38:00;9;com vítima;139,05;BR-116/RJ;Sul;Queda de Moto;1;;1;;;;;;;;1;2;;;1
19/07/2019;17:00:00;45;sem vítima;143;BR-116/RJ;Sul;Colisão Traseira;2;;;;;;;;;;2;;;;
19/07/2019;20:43:00;55;sem vítima;143;BR-116/RJ;Norte;Colisão Lateral;1;;1;;;;;;;;2;;;;
20/07/2019;17:59:00;49;com vítima;84,1;BR-116/RJ;Sul;Choque - Veiculo parado no acostamento;1;;;1;;;;;;;1;1;;;
21/07/2019;02:32:00;9;sem vítima;3,2;BR-116/RJ;Norte;Choque - Defensa, barreira ou "submarino";1;;;;;;;;;;1;;;;
21/07/2019;07:26:00;15;com vítima;137,5;BR-116/RJ;Norte;Saida de Pista;1;;;;;;;;;;0;1;;;
22/07/2019;08:12:00;8;com vítima;68,3;BR-116/RJ;Sul;Colisão Traseira;2;;;;;;;;;;0;2;;;
22/07/2019;23:21:00;53;sem vítima;103,9;BR-116/RJ;Sul;Colisão Traseira;;;2;;;;;;;;2;;;;
24/07/2019;14:35:00;31;sem vítima;45,3;BR-116/RJ;Norte;Colisão Traseira;1;;;;1;;;;;;2;;;;
24/07/2019;18:40:00;43;com vítima;67,5;BR-116/RJ;Sul;Atropelamento - Pessoa;1;;2;;;;;;;;1;3;;;
24/07/2019;20:10:00;52;com vítima;116,3;BR-116/RJ;Norte;Saida de Pista;;;;1;;;;;;;1;1;;;
24/07/2019;04:32:00;3;sem vítima;141,5;BR-116/RJ;Norte;Choque - Defensa, barreira ou "submarino";2;;1;;;;;;;;4;;;;
25/07/2019;08:00:00;10;sem vítima;138,2;BR-116/RJ;Norte;Atropelamento de Cachorro;1;;;;;;;;;;1;;;;
26/07/2019;20:45:00;56;sem vítima;81,5;BR-116/RJ;Norte;Queda de Moto;2;;;;;;;;;;2;;;;
26/07/2019;10:01:00;15;com vítima;89,2;BR-116/RJ;Norte;Colisão Traseira;1;;;;;;;;;;0;4;;;
26/07/2019;12:34:00;21;com vítima;122,4;BR-116/RJ;Sul;Choque - Defensa, barreira ou "submarino";;;;1;;;;;;;0;1;;;
27/07/2019;14:26:00;37;com vítima;10,1;BR-116/RJ;Norte;Queda de Moto;;;;1;;;;;;;0;1;;;
27/07/2019;10:12:00;17;com vítima;40,2;BR-116/RJ;Norte;Queda de Moto;;;;1;;;;;;;0;1;;;
28/07/2019;12:10:00;30;sem vítima;133,5;BR-116/RJ;Sul;Colisão Traseira;2;;;;;;;;;;2;;;;
29/07/2019;17:17:00;38;sem vítima;79,2;BR-116/RJ;Sul;Colisão Frontal;2;;;;;;;;;;2;;;;
29/07/2019;07:45:00;7;com vítima;144;BR-116/RJ;Norte;Colisão Traseira;1;;;1;;;;;;;1;;1;;
29/07/2019;08:30:00;10;com vítima;144;BR-116/RJ;Sul;Colisão Lateral;2;;;;;;;;;;0;3;1;;
30/07/2019;07:40:00;9;sem vítima;89,3;BR-116/RJ;Sul;Colisão Traseira;;;2;;;;;;;;2;;;;
30/07/2019;09:55:00;14;com vítima;105,15;BR-116/RJ;Sul;Colisão Lateral;1;;;1;;;;;;;1;;1;;
30/07/2019;18:50:00;35;com vítima;139,2;BR-116/RJ;Norte;Colisão Traseira;2;;;;;;;;;;1;1;;;
31/07/2019;16:40:00;43;com vítima;133,4;BR-116/RJ;Norte;Choque - Veiculo parado na pista;1;;2;;;;;;;;2;2;;;
31/07/2019;05:35:00;10;com vítima;141,6;BR-116/RJ;Sul;Colisão Lateral;;;1;1;;;;;;;1;;2;;
31/07/2019;05:06:00;9;sem vítima;143;BR-116/RJ;Sul;Engavetamento;;;2;;;;;;;;2;;;;
01/09/2019;18:02:00;40;com vítima;123,6;BR-116/RJ;Norte;Choque - Defensa, barreira ou "submarino";1;;;;;;;;;;0;1;;;
02/09/2019;06:23:00;7;sem vítima;65,1;BR-116/RJ;Norte;Choque - Defensa, barreira ou "submarino";1;;;;;;;;;;1;;;;
02/09/2019;17:04:00;41;com vítima;79,5;BR-116/RJ;Sul;Saida de Pista;1;;;;;;;;;;0;1;;;
02/09/2019;14:28:00;30;com vítima;103,8;BR-116/RJ;Norte;Queda de Moto;;;;1;;;;;;;0;1;;;
02/09/2019;00:45:00;2;sem vítima;125,5;BR-116/RJ;Sul;Choque - Defensa, barreira ou "submarino";1;;;;;;;;;;1;;;;
03/09/2019;10:34:00;24;sem vítima;120,8;BR-116/RJ;Norte;Atropelamento de Cachorro;1;;;;;;;;;;1;;;;
04/09/2019;16:35:00;40;com vítima;105,3;BR-116/RJ;Sul;Saida de Pista;1;;;;;;;;;;0;;1;;
04/09/2019;20:16:00;55;com vítima;107,3;BR-116/RJ;Norte;Colisão Traseira;1;;;;1;;;;;;1;;1;;
04/09/2019;03:42:00;3;sem vítima;132,5;BR-116/RJ;Sul;Choque - Defensa, barreira ou "submarino";2;;;;;;;;;;2;;;;
04/09/2019;14:10:00;31;sem vítima;133,4;BR-116/RJ;Norte;Choque - Cancela de Pedagio;;;1;;;;;;;;1;;;;
04/09/2019;07:25:00;8;sem vítima;137;BR-116/RJ;Sul;Colisão Traseira;;;1;;;;;;;;1;;;;
04/09/2019;06:30:00;6;com vítima;137,5;BR-116/RJ;Sul;Colisão Traseira;2;;;;;;;;;;1;1;;;
05/09/2019;17:37:00;31;sem vítima;5,6;BR-116/RJ;Norte;Saida de Pista;1;;;;;;;;;;2;;;;
05/09/2019;03:50:00;4;sem vítima;25,6;BR-116/RJ;Norte;Choque - Suporte de Sinalização;1;;;;;;;;;;1;;;;
05/09/2019;15:28:00;28;sem vítima;26,4;BR-116/RJ;Sul;Saida de Pista;1;;1;;;;;;;;2;;;;
05/09/2019;08:15:00;12;sem vítima;94,2;BR-116/RJ;Sul;Saida de Pista;1;;;;;;;;;;1;;;;
05/09/2019;15:50:00;27;sem vítima;103,2;BR-116/RJ;Norte;Saida de Pista;1;;;;;;;;;;1;;;;
05/09/2019;19:34:00;37;com vítima;104,3;BR-116/RJ;Norte;Colisão Transversal;1;;;;;;;;;;0;4;1;;
05/09/2019;12:45:00;20;sem vítima;143,4;BR-116/RJ;Sul;Colisão Lateral;2;;;;;;;;;;2;;;;
06/09/2019;16:55:00;46;com vítima;65,95;BR-116/RJ;Sul;Colisão Lateral;1;;;;;;;;;;0;1;;;
06/09/2019;06:25:00;9;com vítima;94,8;BR-116/RJ;Sul;Capotamento;1;;;;;;;;;;0;2;3;;
06/09/2019;08:43:00;15;com vítima;137,8;BR-116/RJ;Sul;Saida de Pista;1;;;1;;;;;;;0;1;1;;
07/09/2019;19:29:00;50;com vítima;135;BR-116/RJ;Sul;Colisão Lateral;;;;1;;;;;;;0;1;;;
07/09/2019;07:15:00;6;sem vítima;143,8;BR-116/RJ;Sul;Queda de Moto;2;;;;;;;;;;5;;;;
08/09/2019;09:51:00;13;com vítima;48,95;BR-116/RJ;Sul;Queda de Moto;2;;;;;;;;;;1;1;;;
08/09/2019;12:22:00;24;com vítima;129;BR-116/RJ;Norte;Saida de Pista;;;;1;;;;;;;0;2;;;
08/09/2019;01:20:00;4;com vítima;131,8;BR-116/RJ;Sul;Colisão Traseira;1;;;;;;;;;;0;4;;;
08/09/2019;16:53:00;47;sem vítima;133,5;BR-116/RJ;Sul;Colisão Traseira;2;;;;;;;;;;2;;;;
09/09/2019;16:55:00;50;sem vítima;94,7;BR-116/RJ;Norte;Engavetamento;2;;;;;;;;;;2;;;;
09/09/2019;17:20:00;52;sem vítima;102,1;BR-116/RJ;Sul;Choque - Defensa, barreira ou "submarino";;;3;;;;;;;;3;;;;
09/09/2019;14:38:00;40;sem vítima;133,5;BR-116/RJ;Sul;Colisão Lateral;;;1;;;;;;;;2;;;;
09/09/2019;17:02:00;51;com vítima;137,5;BR-116/RJ;Sul;Choque - Defensa, barreira ou "submarino";1;;;;;;;;;;0;1;;;
10/09/2019;13:45:00;24;com vítima;91;BR-116/RJ;Sul;Saida de Pista;;;1;1;;;;;;;1;;1;;
10/09/2019;06:25:00;4;sem vítima;136,15;BR-116/RJ;Norte;Colisão Traseira;;;1;;;;;;;;1;;;;
11/09/2019;15:20:00;47;com vítima;80,2;BR-116/RJ;Sul;Queda de Moto;;;;1;;;;;;;0;2;;;
12/09/2019;10:51:00;20;com vítima;88;BR-116/RJ;Norte;Colisão Lateral;;;1;;;;;;;;0;;2;;1
12/09/2019;04:20:00;4;com vítima;99,3;BR-116/RJ;Sul;Tombamento;1;;1;;;;;;;;1;3;;;
12/09/2019;14:10:00;40;sem vítima;100;BR-116/RJ;Norte;Saida de Pista;1;;;;;;;;;;1;;;;
12/09/2019;23:18:00;74;com vítima;108;BR-116/RJ;Sul;Colisão Traseira;2;;;;;;;;;;0;2;;;
13/09/2019;06:58:00;7;sem vítima;84,2;BR-116/RJ;Norte;Colisão Traseira;2;;;;;;;;;;2;;;;
13/09/2019;13:33:00;34;sem vítima;94,7;BR-116/RJ;Sul;Saida de Pista;1;;;;;;;;;;1;;;;
13/09/2019;09:14:00;17;sem vítima;100,05;BR-116/RJ;Norte;Colisão Lateral;2;;;;;;;;;;2;;;;
13/09/2019;14:55:00;39;sem vítima;106;BR-116/RJ;Sul;Tombamento;3;;;;;;;;;;3;;;;
13/09/2019;14:48:00;38;sem vítima;108;BR-116/RJ;Sul;Queda de Moto;1;;;;;;;;;;1;;;;
13/09/2019;10:11:00;21;com vítima;123;BR-116/RJ;Norte;Engavetamento;;;;1;;;;;;;0;1;;;
13/09/2019;17:35:00;53;sem vítima;126;BR-116/RJ;Sul;Colisão Traseira;;;1;;;;;;;;1;;;;
13/09/2019;06:43:00;8;com vítima;132;BR-116/RJ;Norte;Saida de Pista;1;;1;;;;;;;;1;2;;;
14/09/2019;01:11:00;1;sem vítima;48,6;BR-116/RJ;Norte;Choque - Defensa, barreira ou "submarino";1;;;;;;;;;;1;;;;
14/09/2019;01:17:00;2;sem vítima;80,3;BR-116/RJ;Norte;Choque - Defensa, barreira ou "submarino";1;;;;;;;;;;1;;;;
14/09/2019;06:39:00;12;com vítima;81,5;BR-116/RJ;Sul;Saida de Pista;1;;;;;;;;;;0;;1;;
14/09/2019;11:54:00;29;com vítima;128,1;BR-116/RJ;Sul;Saida de Pista;1;;;;;;;;;;0;2;;;
14/09/2019;02:28:00;5;com vítima;143,75;BR-116/RJ;Norte;Choque - Defensa, barreira ou "submarino";;;1;;;;;;;;0;3;;;
15/09/2019;03:02:00;4;com vítima;59;BR-116/RJ;Sul;Capotamento;1;;;;;;;;;;0;;1;;
15/09/2019;17:05:00;30;com vítima;133,4;BR-116/RJ;Sul;Colisão Traseira;5;;;;;;;;;;4;;1;1;
15/09/2019;13:20:00;21;sem vítima;139,85;BR-116/RJ;Sul;Engavetamento;2;;;;;;;;;;6;;;;
16/09/2019;09:25:00;18;com vítima;6,3;BR-116/RJ;Norte;Choque - Defensa, barreira ou "submarino";1;;;;;;;;;;0;1;;;
16/09/2019;02:57:00;7;com vítima;76,3;BR-116/RJ;Norte;Choque - Defensa, barreira ou "submarino";1;;;1;;;;;;;1;1;;;
16/09/2019;15:38:00;37;sem vítima;106,8;BR-116/RJ;Norte;Colisão Lateral;;;;;;;;;;1;1;;;;
16/09/2019;19:58:00;56;com vítima;131,2;BR-116/RJ;Norte;Saida de Pista;1;;1;;;;;;;;2;1;;;
16/09/2019;08:34:00;15;com vítima;143,5;BR-116/RJ;Norte;Colisão Traseira;1;;;;;;;;;;0;1;;;
17/09/2019;14:29:00;43;com vítima;110,1;BR-116/RJ;Sul;Saida de Pista;;;2;;;;;;;;1;1;;;
17/09/2019;06:47:00;8;com vítima;123,5;BR-116/RJ;Norte;Choque - Veiculo parado no acostamento;1;;;;;;;;;;0;1;;;
18/09/2019;06:50:00;7;com vítima;47,75;BR-116/RJ;Norte;Colisão Lateral;;;1;1;;;;;;;0;1;;1;
19/09/2019;18:16:00;51;com vítima;101,8;BR-116/RJ;Sul;Capotamento;1;;;;;;;;;;0;;1;;
20/09/2019;16:45:00;47;com vítima;34,6;BR-116/RJ;Norte;Saida de Pista;;;;1;;;;;;;0;;1;;
20/09/2019;04:10:00;5;sem vítima;61,2;BR-116/RJ;Sul;Atropelamento de Animal;;;1;;;;;;;;1;;;;
20/09/2019;21:01:00;70;com vítima;88;BR-116/RJ;Sul;Colisão Transversal;;;1;;;;;;;;0;1;;;
20/09/2019;01:03:00;2;com vítima;127,2;BR-116/RJ;Sul;Atropelamento de Cachorro;1;;1;;;;;;;;1;;1;1;1
21/09/2019;07:07:00;14;com vítima;29,8;BR-116/RJ;Norte;Colisão Traseira;1;;;1;;;;;;;0;2;;;
21/09/2019;14:05:00;41;sem vítima;87,1;BR-116/RJ;Norte;Colisão Traseira;1;;1;;;;;;;;2;;;;
21/09/2019;14:03:00;40;sem vítima;87,3;BR-116/RJ;Norte;Colisão Traseira;1;;1;;;;;;;;2;;;;
21/09/2019;16:16:00;46;com vítima;99,2;BR-116/RJ;Norte;Saida de Pista;1;;;;;;;;;;0;4;;;
21/09/2019;17:30:00;53;com vítima;125,5;BR-116/RJ;Norte;Choque - Defensa, barreira ou "submarino";1;;;;;;;;;;0;2;2;;
22/09/2019;15:45:00;23;sem vítima;6;BR-116/RJ;Norte;Choque - Defensa, barreira ou "submarino";4;;;;;;;;;;4;;;;
22/09/2019;18:45:00;39;com vítima;13,05;BR-116/RJ;Sul;Colisão Lateral;1;;;;;;;;;;0;1;;;
22/09/2019;14:45:00;19;sem vítima;22,7;BR-116/RJ;Norte;Saida de Pista;1;;;;;;;;;;1;;;;
22/09/2019;17:12:00;31;sem vítima;75,8;BR-116/RJ;Norte;Choque - Defensa, barreira ou "submarino";1;;;;;;;;;;1;;;;
22/09/2019;17:26:00;34;com vítima;75,8;BR-116/RJ;Norte;Choque - Defensa, barreira ou "submarino";1;;;;;;;;;;0;4;;;
22/09/2019;15:53:00;24;com vítima;123,6;BR-116/RJ;Norte;Choque - Defensa, barreira ou "submarino";1;;;;;;;;;;0;1;;;
22/09/2019;12:08:00;16;sem vítima;133,5;BR-116/RJ;Norte;Engavetamento;3;;;;;;;;;;9;;;;
22/09/2019;19:38:00;45;com vítima;133,7;BR-116/RJ;Sul;Choque - Veiculo parado no acostamento;2;;;;;;;;;;2;1;;;
23/09/2019;04:38:00;5;com vítima;74,8;BR-116/RJ;Sul;Queda de Moto;1;;;;;;;;;;0;1;;;
23/09/2019;07:53:00;10;com vítima;75,95;BR-116/RJ;Norte;Colisão Lateral;;;;1;;;;;;;0;2;;;
23/09/2019;04:28:00;3;com vítima;93,5;BR-116/RJ;Sul;Choque - Defensa, barreira ou "submarino";1;;;1;;;;;;;0;2;;;
24/09/2019;13:23:00;30;com vítima;70,8;BR-116/RJ;Norte;Colisão Traseira;2;;;;;;;;;;1;;2;;
24/09/2019;22:30:00;46;com vítima;75,2;BR-116/RJ;Norte;Choque - Suporte de Sinalização;1;1;;;;;;;;;1;;1;;
24/09/2019;10:45:00;21;com vítima;90,5;BR-116/RJ;Norte;Colisão Frontal;1;;;1;;;;;;;0;1;1;;
24/09/2019;22:53:00;48;com vítima;107,8;BR-116/RJ;Sul;Colisão Traseira;1;;;;;;;;;;0;1;;;
24/09/2019;11:28:00;23;com vítima;143,9;BR-116/RJ;Sul;Colisão Lateral;;;1;;;;;;;1;2;1;;;
25/09/2019;10:45:00;23;com vítima;13,1;BR-116/RJ;Sul;Saida de Pista;2;;;;1;;;;;;18;1;;;
25/09/2019;07:53:00;13;com vítima;17,05;BR-116/RJ;Sul;Saida de Pista;1;;;;;;;;;;0;2;;;
25/09/2019;14:06:00;34;com vítima;30,2;BR-116/RJ;Norte;Colisão Traseira;1;;;;;;;;;;0;1;;;
25/09/2019;07:40:00;12;sem vítima;76,2;BR-116/RJ;Norte;Saida de Pista;1;;;;;;;;;;1;;;;
25/09/2019;19:15:00;44;sem vítima;92,6;BR-116/RJ;Norte;Choque - Veiculo parado na pista;2;;;;;;;;;;2;;;;
25/09/2019;06:56:00;9;com vítima;101,2;BR-116/RJ;Sul;Engavetamento;1;;;;;;;;;;0;3;;;
25/09/2019;10:10:00;22;com vítima;102,2;BR-116/RJ;Norte;Colisão Traseira;;;2;;;;;;;;0;6;;;
25/09/2019;08:09:00;15;sem vítima;137;BR-116/RJ;Sul;Choque - Defensa, barreira ou "submarino";1;;1;;;;;;;;2;;;;
26/09/2019;03:58:00;7;com vítima;13,1;BR-116/RJ;Norte;Saida de Pista;;;1;;;;;;;;0;1;;;
26/09/2019;17:49:00;40;sem vítima;17;BR-116/RJ;Sul;Saida de Pista;1;;;;;;;;;;1;;;;
26/09/2019;08:46:00;16;com vítima;27,7;BR-116/RJ;Norte;Saida de Pista;1;;;;;;;;;;0;1;;;
26/09/2019;09:05:00;17;com vítima;28,6;BR-116/RJ;Sul;Colisão Transversal;2;;;;;;;;;;1;1;;;
26/09/2019;06:15:00;8;com vítima;51;BR-116/RJ;Sul;Saida de Pista;;;;;;;;;;1;3;1;;;
26/09/2019;15:16:00;34;com vítima;60;BR-116/RJ;Sul;Saida de Pista;1;;;;;;;;;1;0;2;;;
26/09/2019;17:18:00;39;sem vítima;88;BR-116/RJ;Norte;Choque - Defensa, barreira ou "submarino";1;;;;;;;;;;1;;;;
26/09/2019;09:17:00;18;com vítima;88,1;BR-116/RJ;Norte;Saida de Pista;1;;;;;;;;;;0;;1;;
26/09/2019;01:46:00;4;com vítima;98,4;BR-116/RJ;Sul;Saida de Pista;1;;;;;;;;;;0;1;;;
26/09/2019;08:25:00;14;com vítima;118,35;BR-116/RJ;Norte;Saida de Pista;1;;;;;;;;;;0;2;;;
26/09/2019;21:30:00;53;com vítima;127,3;BR-116/RJ;Norte;Atropelamento de Animal;1;;1;;;;;;;;0;3;;;
26/09/2019;20:43:00;52;com vítima;143,5;BR-116/RJ;Sul;Colisão Traseira;1;;;;;;;;;;0;4;;;
27/09/2019;18:44:00;53;sem vítima;41,2;BR-116/RJ;Sul;Colisão Lateral;2;;;;;;;;;;2;;;;
27/09/2019;09:25:00;14;com vítima;92;BR-116/RJ;Sul;Colisão Traseira;;;;1;;;;;;;1;;1;;
27/09/2019;12:50:00;32;sem vítima;133,5;BR-116/RJ;Norte;Colisão Traseira;1;;;;1;;;;;;2;;;;
27/09/2019;18:31:00;52;com vítima;134,2;BR-116/RJ;Sul;Colisão Lateral;;;1;1;;;;;;;1;;1;;
27/09/2019;09:38:00;15;com vítima;140;BR-116/RJ;Sul;Queda de Moto;1;;;1;;;;;;;1;;2;;
28/09/2019;01:56:00;4;com vítima;69,3;BR-116/RJ;Sul;Queda de Moto;;;;1;;;;;;;0;;2;;
28/09/2019;18:18:00;48;com vítima;94,6;BR-116/RJ;Norte;Atropelamento - Andarilho;1;;1;;;;;;;;1;;1;;
28/09/2019;07:05:00;9;sem vítima;123,6;BR-116/RJ;Norte;Choque - Defensa, barreira ou "submarino";1;;;;;;;;;;1;;;;
28/09/2019;04:48:00;7;com vítima;143;BR-116/RJ;Norte;Colisão Frontal;1;;;;;;;;;;1;;1;;
29/09/2019;14:40:00;39;sem vítima;81;BR-116/RJ;Norte;Saida de Pista;;;;;;;;;;1;1;;;;
29/09/2019;23:42:00;63;sem vítima;96,25;BR-116/RJ;Sul;Saida de Pista;1;;;;;;;;;;3;;;;
29/09/2019;03:35:00;6;sem vítima;98,3;BR-116/RJ;Sul;Choque - Defensa, barreira ou "submarino";1;;;;;;;;;;1;;;;
29/09/2019;03:35:00;7;com vítima;98,3;BR-116/RJ;Sul;Choque - Defensa, barreira ou "submarino";1;;;;;;;;;;0;1;;;
30/09/2019;22:02:00;53;sem vítima;72,1;BR-116/RJ;Norte;Atropelamento de Animal;1;;;;;;;;;;1;;;;
01/05/2019;15:02:00;32;sem vítima;50,45;BR-116/RJ;Norte;Colisão Transversal;2;;;;;;;;;;2;;;;
01/05/2019;20:30:00;51;sem vítima;108,8;BR-116/RJ;Norte;Saida de Pista;1;;;;;;;;;;1;;;;
01/05/2019;12:20:00;25;com vítima;127,4;BR-116/RJ;Sul;Queda de Moto;;;;1;;;;;;;0;1;;;
03/05/2019;15:23:00;33;com vítima;90,01;BR-116/RJ;Sul;Colisão Lateral;;;1;1;;;;;;;0;1;;;1
03/05/2019;11:55:00;21;com vítima;131,1;BR-116/RJ;Norte;Choque - Defensa, barreira ou "submarino";1;;;;;;;;;;0;1;;;
03/05/2019;18:51:00;49;com vítima;133,6;BR-116/RJ;Norte;Choque - Defensa, barreira ou "submarino";1;;;;;;;;;;0;1;;;
06/05/2019;09:18:00;14;com vítima;104,3;BR-116/RJ;Norte;Colisão Transversal;2;;;;;;;;;;0;2;;;
06/05/2019;06:35:00;5;com vítima;105,95;BR-116/RJ;Sul;Saida de Pista;;;1;;;;;;;;0;1;1;;
07/05/2019;15:10:00;42;sem vítima;99;BR-116/RJ;Norte;Choque - Elemento de Drenagem;1;;;;;;;;;;1;;;;
08/05/2019;07:20:00;7;com vítima;86,5;BR-116/RJ;Norte;Colisão Transversal;1;;1;;;;;;;;0;1;1;;
08/05/2019;08:22:00;11;com vítima;104,3;BR-116/RJ;Norte;Colisão Transversal;;;1;1;;;;;;;1;;1;;
08/05/2019;02:39:00;3;com vítima;110,7;BR-116/RJ;Norte;Atropelamento - Andarilho;1;;;;;;;;;;1;;;;1
08/05/2019;00:46:00;2;sem vítima;119;BR-116/RJ;Norte;Atropelamento de Animal;;;1;;;;;;;;1;;;;
08/05/2019;23:47:00;58;com vítima;131,8;BR-116/RJ;Sul;Saida de Pista;;;1;;;;;;;;0;1;;;
09/05/2019;07:20:00;8;com vítima;83,9;BR-116/RJ;Norte;Atropelamento de Animal;;;;1;;1;;;;;1;1;;;
10/05/2019;17:09:00;54;sem vítima;108,95;BR-116/RJ;Norte;Colisão Lateral;2;;;;;;;;;;2;;;;
12/05/2019;06:21:00;9;com vítima;45,5;BR-116/RJ;Sul;Saida de Pista;1;;;;;;;;;;0;1;;;
12/05/2019;23:12:00;71;com vítima;109,85;BR-116/RJ;Norte;Saida de Pista;;;1;;;;;;;;0;1;;;
12/05/2019;18:25:00;58;sem vítima;140;BR-116/RJ;Sul;Colisão Traseira;2;;;;;;;;;;2;;;;
13/05/2019;02:33:00;1;com vítima;39,8;BR-116/RJ;Sul;Queda de Moto;;;;1;;;;;;;0;1;;;
13/05/2019;13:46:00;33;com vítima;67;BR-116/RJ;Norte;Colisão Transversal;;1;;1;;;;;;;0;1;1;;
13/05/2019;17:50:00;49;com vítima;86,3;BR-116/RJ;Norte;Saida de Pista;1;;;;;;;;;;1;1;;;
13/05/2019;05:11:00;3;sem vítima;102,6;BR-116/RJ;Sul;Colisão Traseira;;;2;;;;;;;;2;;;;
13/05/2019;19:53:00;56;com vítima;133,5;BR-116/RJ;Sul;Queda de Moto;;;;1;;;;;;;0;1;;;
14/05/2019;23:09:00;61;com vítima;132,1;BR-116/RJ;Sul;Saida de Pista;;;1;;;;;;;;1;1;;;
14/05/2019;19:39:00;52;com vítima;140,8;BR-116/RJ;Sul;Queda de Moto;;;;1;;;;;;;0;2;;;
15/05/2019;12:50:00;28;com vítima;17,95;BR-116/RJ;Sul;Tombamento;;;1;;;;;;;;0;1;;;
15/05/2019;08:00:00;11;sem vítima;86,2;BR-116/RJ;Sul;Choque - Defensa, barreira ou "submarino";;;1;;;;;;;;1;;;;
16/05/2019;17:57:00;46;com vítima;72,2;BR-116/RJ;Norte;Engavetamento;2;;;1;;;;;;;0;3;;;
16/05/2019;17:59:00;48;com vítima;72,2;BR-116/RJ;Norte;Colisão Traseira;2;;;;;;;;;;0;2;;;
17/05/2019;05:00:00;6;sem vítima;17,7;BR-116/RJ;Norte;Choque - Defensa, barreira ou "submarino";1;;;;;;;;;;1;;;;
17/05/2019;11:45:00;27;com vítima;69,1;BR-116/RJ;Norte;Saida de Pista;;;;;;;;;;1;0;1;;;
17/05/2019;10:45:00;24;com vítima;86;BR-116/RJ;Norte;Saida de Pista;1;;;;;;;;;;0;1;;;
17/05/2019;10:42:00;23;com vítima;123,5;BR-116/RJ;Norte;Saida de Pista;1;;;;;;;;;;0;1;;;
17/05/2019;06:14:00;9;sem vítima;141;BR-116/RJ;Sul;Colisão Traseira;2;;;;;;;;;;2;;;;
18/05/2019;13:18:00;29;com vítima;13,3;BR-116/RJ;Sul;Choque - Defensa, barreira ou "submarino";1;;;;;;;;;;0;2;;;
18/05/2019;09:20:00;16;com vítima;27,3;BR-116/RJ;Norte;Choque - Defensa, barreira ou "submarino";1;;;;;;;;;;0;1;;;
18/05/2019;18:56:00;44;com vítima;34;BR-116/RJ;Sul;Colisão Transversal;1;;1;;;;;;;;1;;2;;
18/05/2019;14:15:00;33;com vítima;74,8;BR-116/RJ;Norte;Choque - Defensa, barreira ou "submarino";;;1;;;;;;;;0;1;;;
18/05/2019;12:46:00;28;com vítima;81;BR-116/RJ;Norte;Choque - Defensa, barreira ou "submarino";1;;;;;;;;;;0;2;;;
18/05/2019;07:10:00;12;com vítima;98,8;BR-116/RJ;Norte;Colisão Frontal;2;;;;;;;;;;0;4;3;;
18/05/2019;18:44:00;43;com vítima;104,8;BR-116/RJ;Norte;Colisão Lateral;1;;;;;1;;;;;1;4;1;;
18/05/2019;21:20:00;58;sem vítima;110,2;BR-116/RJ;Norte;Saida de Pista;;;;;;;;;;1;1;;;;
18/05/2019;15:56:00;38;com vítima;125,5;BR-116/RJ;Sul;Capotamento;1;;;;;;;;;;0;1;;;
18/05/2019;09:28:00;17;com vítima;132,9;BR-116/RJ;Norte;Choque - Veiculo parado no acostamento;1;;;;1;;;;;;1;2;;;
19/05/2019;07:50:00;9;com vítima;126,2;BR-116/RJ;Sul;Choque - Defensa, barreira ou "submarino";1;;;;;;;;;;0;1;;;
20/05/2019;07:05:00;10;sem vítima;126,9;BR-116/RJ;Norte;Saida de Pista;1;;;;;;;;;;1;;;;
20/05/2019;08:17:00;20;sem vítima;137,8;BR-116/RJ;Sul;Colisão Lateral;1;;1;;;;;;;;2;;;;
20/05/2019;07:42:00;14;sem vítima;140,25;BR-116/RJ;Sul;Colisão Traseira;2;;1;;;;;;;;3;;;;
20/05/2019;07:14:00;11;com vítima;143,8;BR-116/RJ;Sul;Colisão Traseira;1;;;;1;;;;;;1;1;;;
21/05/2019;12:33:00;21;com vítima;110;BR-116/RJ;Sul;Queda de Moto;;;;1;;;;;;;0;;2;;
21/05/2019;17:50:00;40;com vítima;143,2;BR-116/RJ;Sul;Queda de Moto;;;;1;;;;;;;0;;1;;
22/05/2019;13:08:00;28;com vítima;78;BR-116/RJ;Norte;Atropelamento de Cachorro;;;;1;;;;;;;1;1;;;
22/05/2019;09:07:00;13;com vítima;95,1;BR-116/RJ;Sul;Queda de Moto;;;;1;;;;;;;0;1;;;