data;horario;n_da_ocorrencia;tipo_de_ocorrencia;km;trecho;sentido;tipo_de_acidente;automovel;bicicleta;caminhao;moto;onibus;outros;tracao_animal;transporte_de_cargas_especiais;trator_maquinas;utilitarios;ilesos;levemente_feridos;moderadamente_feridos;gravemente_feridos;mortos
22/05/2019;18:16:00;42;com vítima;108,7;BR-116/RJ;Norte;Colisão Lateral;1;;;;1;;;;;;8;1;;;
22/05/2019;07:26:00;7;sem vítima;139,25;BR-116/RJ;Norte;Engavetamento;1;;2;;1;;;;;;4;;;;
23/05/2019;10:00:00;17;com vítima;122,7;BR-116/RJ;Sul;Queda de Moto;;;;1;;;;;;;0;1;;;
25/05/2019;01:55:00;2;sem vítima;6,4;BR-116/RJ;Norte;Choque - Defensa, barreira ou "submarino";1;;;;;;;;;;1;;;;
25/05/2019;17:35:00;43;com vítima;40,4;BR-116/RJ;Norte;Colisão Frontal;;;;2;;;;;;;1;1;;;
25/05/2019;10:30:00;16;com vítima;93,35;BR-116/RJ;Sul;Colisão Frontal;;;1;1;;;;;;;1;;;2;
25/05/2019;05:19:00;5;com vítima;144;BR-116/RJ;Sul;Queda de Moto;;;;1;;;;;;;0;;1;;
26/05/2019;14:50:00;35;com vítima;14,3;BR-116/RJ;Norte;Queda de Moto;;;1;1;;;;;;;1;;;2;
26/05/2019;20:06:00;42;com vítima;78,9;BR-116/RJ;Norte;Choque - Defensa, barreira ou "submarino";1;;;;;;;;;;0;1;;;
26/05/2019;19:54:00;41;com vítima;106;BR-116/RJ;Norte;Saida de Pista;1;;;;;;;;;;0;1;;;
26/05/2019;04:02:00;5;sem vítima;128,6;BR-116/RJ;Norte;Saida de Pista;1;;;;;;;;;;1;;;;
26/05/2019;21:44:00;45;sem vítima;140,85;BR-116/RJ;Norte;Colisão Traseira;2;;;;;;;;;;3;;;;
27/05/2019;21:47:00;42;com vítima;53,5;BR-116/RJ;Norte;Colisão Lateral;1;;1;;;;;;;;1;1;;;
27/05/2019;11:15:00;21;sem vítima;54,8;BR-116/RJ;Sul;Saida de Pista;1;;;;;;;;;;1;;;;
28/05/2019;19:14:00;42;com vítima;101,2;BR-116/RJ;Norte;Atropelamento - Pessoa;1;;;;;;;;;;0;1;;;1
28/05/2019;12:16:00;21;sem vítima;127,25;BR-116/RJ;Sul;Colisão Traseira;2;;;;;;;;;;2;;;;
28/05/2019;07:01:00;6;com vítima;137,6;BR-116/RJ;Norte;Atropelamento de Cachorro;;;;1;;;;;;;0;1;;;
28/05/2019;22:31:00;51;com vítima;142;BR-116/RJ;Norte;Colisão Frontal;;1;;;1;;;;;;1;;;1;
29/05/2019;16:43:00;34;com vítima;137,5;BR-116/RJ;Norte;Colisão Traseira;1;;;;1;;;;;;1;1;;;
30/05/2019;16:44:00;41;com vítima;41,05;BR-116/RJ;Sul;Choque - Defensa, barreira ou "submarino";1;;;;;;;;;;0;;1;;
30/05/2019;06:58:00;5;sem vítima;127,2;BR-116/RJ;Norte;Colisão Lateral;;;;;1;;;;;1;2;;;;
31/05/2019;09:56:00;20;sem vítima;90,5;BR-116/RJ;Sul;Colisão Traseira;2;;;;;;;;;;2;;;;
31/05/2019;07:40:00;7;com vítima;143,4;BR-116/RJ;Sul;Colisão Lateral;1;;1;;;;;;;;1;1;;;
01/06/2019;18:41:00;34;com vítima;40,1;BR-116/RJ;Sul;Colisão Transversal;2;;;;;;;;;;0;4;;;
01/06/2019;10:32:00;16;com vítima;139,05;BR-116/RJ;Norte;Colisão Traseira;1;1;;;;;;;;;1;;;;1
02/06/2019;18:57:00;36;com vítima;78,2;BR-116/RJ;Norte;Atropelamento - Pessoa;1;;;;;;;;;;0;1;;1;
02/06/2019;12:53:00;16;com vítima;87,5;BR-116/RJ;Sul;Saida de Pista;1;;;;;;;;;;0;1;;;
03/06/2019;19:26:00;55;com vítima;26;BR-116/RJ;Sul;Saida de Pista;1;;;;;;;;;;0;1;;;
03/06/2019;18:10:00;53;sem vítima;28,8;BR-116/RJ;Norte;Saida de Pista;1;;;;;;;;;;1;;;;
03/06/2019;17:30:00;41;sem vítima;29,8;BR-116/RJ;Norte;Colisão Traseira;;;2;;;;;;;;2;;;;
03/06/2019;17:14:00;45;sem vítima;132,7;BR-116/RJ;Sul;Atropelamento de Cachorro;1;;;;;;;;;;1;;;;
04/06/2019;03:16:00;2;com vítima;28,2;BR-116/RJ;Norte;Choque - Defensa, barreira ou "submarino";1;;;;;;;;;;1;1;;;
04/06/2019;09:27:00;11;com vítima;88,01;BR-116/RJ;Sul;Saida de Pista;1;;;;;;;;;;0;1;;;
04/06/2019;10:48:00;18;com vítima;90,9;BR-116/RJ;Sul;Saida de Pista;1;;;;;;;;;;1;1;;;
04/06/2019;15:43:00;32;sem vítima;99,5;BR-116/RJ;Sul;Saida de Pista;1;;;;;;;;;;1;;;;
04/06/2019;14:10:00;27;com vítima;126,4;BR-116/RJ;Sul;Colisão Traseira;;;1;;1;;;;;;2;1;;;
05/06/2019;18:30:00;36;sem vítima;122;BR-116/RJ;Norte;Colisão Traseira;1;;;;;1;;;;;2;;;;
05/06/2019;19:04:00;38;sem vítima;137,5;BR-116/RJ;Sul;Colisão Lateral;1;;;;1;;;;;;3;;;;
06/06/2019;19:26:00;37;com vítima;78,7;BR-116/RJ;Sul;Colisão Transversal;1;;;1;;;;;;;1;;1;;
07/06/2019;20:20:00;58;com vítima;12,05;BR-116/RJ;Sul;Atropelamento de Animal;;;;1;;;;;;;0;1;;;
07/06/2019;16:12:00;37;com vítima;17,9;BR-116/RJ;Sul;Tombamento;;;1;;;;;;;;0;1;;;
07/06/2019;17:58:00;45;com vítima;48,8;BR-116/RJ;Sul;Colisão Transversal;1;;;2;;;;;;;0;4;;;
07/06/2019;23:20:00;64;com vítima;78;BR-116/RJ;Norte;Colisão Traseira;1;;;1;;;;;;;1;;1;;
07/06/2019;05:20:00;9;com vítima;104,4;BR-116/RJ;Norte;Saida de Pista;;;1;;;;;;;;0;1;;;
07/06/2019;16:27:00;39;com vítima;122;BR-116/RJ;Norte;Colisão Traseira;1;;;1;;;;;;;0;2;;;
08/06/2019;16:50:00;34;sem vítima;109,4;BR-116/RJ;Sul;Choque - Defensa, barreira ou "submarino";1;;;;;;;;;;1;;;;
08/06/2019;23:27:00;49;sem vítima;126,8;BR-116/RJ;Norte;Colisão Lateral;2;;;;;;;;;;2;;;;
09/06/2019;19:40:00;50;com vítima;41,5;BR-116/RJ;Norte;Atropelamento - Pessoa;1;;;;;;;;;;1;1;;;
09/06/2019;05:15:00;6;sem vítima;86;BR-116/RJ;Norte;Choque - Defensa, barreira ou "submarino";1;;;;;;;;;;1;;;;
09/06/2019;08:17:00;12;sem vítima;112;BR-116/RJ;Sul;Colisão Lateral;2;;;;;;;;;;2;;;;
09/06/2019;18:17:00;44;com vítima;138,4;BR-116/RJ;Sul;Choque - Defensa, barreira ou "submarino";1;;;;;;;;;;1;1;;;
10/06/2019;15:04:00;29;sem vítima;53,8;BR-116/RJ;Sul;Choque - Defensa, barreira ou "submarino";1;;;;;;;;;;1;;;;
10/06/2019;15:55:00;34;sem vítima;129,4;BR-116/RJ;Norte;Choque - Defensa, barreira ou "submarino";1;;1;;;;;;;;2;;;;
10/06/2019;18:58:00;49;sem vítima;137,5;BR-116/RJ;Norte;Choque - Defensa, barreira ou "submarino";1;;;;1;;;;;;2;;;;
10/06/2019;04:23:00;3;com vítima;144;BR-116/RJ;Norte;Colisão Traseira;;;;;2;;;;;;1;;1;;
11/06/2019;10:16:00;19;com vítima;34;BR-116/RJ;Sul;Saida de Pista;1;;;;;;;;;;0;1;;;
11/06/2019;14:56:00;33;com vítima;91;BR-116/RJ;Norte;Colisão Traseira;2;;;;;;;;;;0;2;;;
12/06/2019;20:56:00;56;com vítima;40,3;BR-116/RJ;Sul;Colisão Lateral;;;1;;;;;;;1;0;3;;;
12/06/2019;17:37:00;48;com vítima;41,7;BR-116/RJ;Norte;Saida de Pista;1;;;;;;;;;;0;1;;;
12/06/2019;07:02:00;5;sem vítima;91,15;BR-116/RJ;Sul;Colisão Traseira;1;;;1;;;;;;;2;;;;
12/06/2019;15:24:00;35;com vítima;141,8;BR-116/RJ;Norte;Atropelamento - Pessoa;2;;;;;;;;;;2;;;1;
12/06/2019;16:22:00;38;sem vítima;142,2;BR-116/RJ;Norte;Colisão Traseira;2;;;;;;;;;;2;;;;
13/06/2019;14:16:00;36;com vítima;29,85;BR-116/RJ;Norte;Colisão Traseira;2;;;;;;;;;;0;2;;;
13/06/2019;01:21:00;2;sem vítima;125,5;BR-116/RJ;Norte;Atropelamento de Cachorro;1;;;;;;;;;;2;;;;
14/06/2019;17:50:00;36;sem vítima;40,9;BR-116/RJ;Norte;Colisão Lateral;;;1;;;;;;;1;2;;;;
14/06/2019;20:21:00;44;sem vítima;140,9;BR-116/RJ;Norte;Colisão Traseira;1;;;;;1;;;;;5;;;;
15/06/2019;18:12:00;41;com vítima;78,5;BR-116/RJ;Norte;Colisão Transversal;1;;;1;;;;;;;0;3;;;
15/06/2019;11:27:00;16;sem vítima;92,8;BR-116/RJ;Norte;Colisão Traseira;2;;;;;;;;;;2;;;;
15/06/2019;03:09:00;3;sem vítima;107,8;BR-116/RJ;Norte;Atropelamento de Animal;;;;;;;;;;1;1;;;;
15/06/2019;12:33:00;22;sem vítima;143;BR-116/RJ;Sul;Choque - Defensa, barreira ou "submarino";1;;;;;;;;;;1;;;;
15/06/2019;07:20:00;4;com vítima;144;BR-116/RJ;Sul;Queda de Moto;;;;1;;;;;;;0;1;;;
15/06/2019;11:08:00;14;sem vítima;144;BR-116/RJ;Sul;Colisão Lateral;1;;1;;;;;;;;2;;;;
16/06/2019;17:50:00;35;sem vítima;6,3;BR-116/RJ;Norte;Choque - Defensa, barreira ou "submarino";1;;;;;;;;;;1;;;;
16/06/2019;20:55:00;43;com vítima;77,1;BR-116/RJ;Sul;Choque - Defensa, barreira ou "submarino";1;;;;;1;;;;;1;1;;;
16/06/2019;23:28:00;57;com vítima;138,1;BR-116/RJ;Sul;Colisão Traseira;2;;;;;;;;;;7;1;;;
16/06/2019;06:25:00;4;com vítima;140;BR-116/RJ;Norte;Colisão Traseira;1;;;;1;;;;;;1;2;;;
17/06/2019;16:10:00;39;com vítima;127;BR-116/RJ;Sul;Queda de Moto;;;;1;;;;;;;0;1;1;;
17/06/2019;13:13:00;28;sem vítima;133,5;BR-116/RJ;Sul;Colisão Lateral;1;;1;;;;;;;;2;;;;
17/06/2019;17:38:00;43;com vítima;142;BR-116/RJ;Norte;Queda de Moto;;;;1;;;;;;;1;;;1;
18/06/2019;07:45:00;12;com vítima;123,5;BR-116/RJ;Sul;Saida de Pista;1;;;;;;;;;;0;1;;;
18/06/2019;15:30:00;39;com vítima;128;BR-116/RJ;Norte;Colisão Lateral;;1;1;;;;;;;;1;1;;;
18/06/2019;20:13:00;51;sem vítima;135,15;BR-116/RJ;Norte;Atropelamento de Cachorro;1;;;;;;;;;;3;;;;
18/06/2019;05:17:00;6;sem vítima;142,9;BR-116/RJ;Sul;Colisão Traseira;1;;1;;;;;;;;2;;;;
19/06/2019;09:05:00;15;com vítima;2,5;BR-116/RJ;Norte;Queda de Moto;;;;1;;;;;;;0;1;;;
19/06/2019;00:10:00;2;sem vítima;60,4;BR-116/RJ;Norte;Atropelamento de Animal;;;1;;;;;;;;1;;;;
19/06/2019;14:26:00;24;sem vítima;97,3;BR-116/RJ;Sul;Colisão Traseira;2;;;;;;;;;;2;;;;
19/06/2019;16:40:00;32;com vítima;122,5;BR-116/RJ;Sul;Colisão Lateral;;;1;1;;;;;;;1;;;1;
20/06/2019;20:07:00;41;com vítima;84,6;BR-116/RJ;Norte;Colisão Traseira;2;;;;;;;;;;1;2;;;
20/06/2019;09:55:00;13;sem vítima;86;BR-116/RJ;Sul;Choque - Defensa, barreira ou "submarino";1;;;;;;;;;;1;;;;
20/06/2019;11:20:00;17;com vítima;128,5;BR-116/RJ;Norte;Colisão Traseira;2;;;;;;;;;;0;7;;;
20/06/2019;06:18:00;5;sem vítima;129;BR-116/RJ;Sul;Colisão Lateral;;;1;;1;;;;;;2;;;;
20/06/2019;22:22:00;45;com vítima;142,8;BR-116/RJ;Sul;Colisão Lateral;;;1;;;;;;;1;0;5;;;
21/06/2019;07:02:00;9;com vítima;40,3;BR-116/RJ;Norte;Colisão Traseira;1;;1;;;;;;;;0;2;;;
21/06/2019;22:09:00;54;com vítima;74,8;BR-116/RJ;Norte;Colisão Frontal;1;;;;1;;;;;;16;1;;4;1
21/06/2019;08:20:00;13;com vítima;81;BR-116/RJ;Norte;Saida de Pista;1;;;;;;;;;;0;1;;;
21/06/2019;01:17:00;2;com vítima;105,1;BR-116/RJ;Norte;Colisão Traseira;2;;;;;;;;;;0;2;;;
21/06/2019;13:42:00;29;com vítima;140,9;BR-116/RJ;Norte;Queda de Moto;;;;1;;;;;;;0;1;;;
22/06/2019;11:35:00;21;com vítima;46,9;BR-116/RJ;Norte;Queda de Moto;;;;1;;;;;;;0;1;;;
22/06/2019;07:07:00;5;com vítima;68,8;BR-116/RJ;Norte;Colisão Lateral;1;;1;;;;;;;;1;2;;;
22/06/2019;11:29:00;19;com vítima;74,6;BR-116/RJ;Norte;Colisão Lateral;1;;;1;;;;;;;1;;1;;
22/06/2019;16:25:00;31;com vítima;76,6;BR-116/RJ;Norte;Colisão Frontal;1;;;1;;;;;;;1;1;;;
22/06/2019;03:18:00;2;sem vítima;106;BR-116/RJ;Norte;Choque - Defensa, barreira ou "submarino";1;;;;;;;;;;1;;;;
22/06/2019;23:38:00;48;sem vítima;143,3;BR-116/RJ;Sul;Colisão Lateral;2;;;;;;;;;;2;;;;
23/06/2019;09:38:00;12;com vítima;72;BR-116/RJ;Sul;Colisão Traseira;2;;;;;;;;;;2;1;;;
23/06/2019;10:22:00;13;com vítima;80,2;BR-116/RJ;Norte;Colisão Lateral;1;;;1;;;;;;;0;2;;;
23/06/2019;14:23:00;26;com vítima;102,3;BR-116/RJ;Norte;Colisão Lateral;2;;;;;;;;;;1;;1;;
23/06/2019;19:37:00;53;com vítima;128,8;BR-116/RJ;Sul;Colisão Traseira;1;;;1;;;;;;;3;1;;;
23/06/2019;13:11:00;20;com vítima;133;BR-116/RJ;Sul;Colisão Traseira;1;;;1;;;;;;;2;1;;;
24/06/2019;14:20:00;27;com vítima;143,8;BR-116/RJ;Norte;Queda de Moto;;;;1;;;;;;;0;;1;;
24/06/2019;19:15:00;44;sem vítima;143,8;BR-116/RJ;Norte;Choque - Defensa, barreira ou "submarino";1;;;;;;;;;;2;;;;
24/06/2019;11:40:00;22;com vítima;144;BR-116/RJ;Norte;Choque - Defensa, barreira ou "submarino";;;;;;;;;;1;0;1;;;
24/06/2019;14:51:00;29;com vítima;144;BR-116/RJ;Norte;Queda de Moto;;;;1;;;;;;;0;2;;;
24/06/2019;14:30:00;32;sem vítima;144;BR-116/RJ;Norte;Choque - Defensa, barreira ou "submarino";1;;;;;;;;;;1;;;;
24/06/2019;14:40:00;33;com vítima;144;BR-116/RJ;Norte;Queda de Moto;;;;1;;;;;;;0;1;;;
26/06/2019;17:18:00;40;com vítima;139,8;BR-116/RJ;Sul;Colisão Lateral;1;;1;;;;;;;;0;3;;;
27/06/2019;09:03:00;11;com vítima;106,7;BR-116/RJ;Sul;Colisão Frontal;1;;;1;;;;;;;1;1;;;
27/06/2019;08:01:00;8;com vítima;142,6;BR-116/RJ;Sul;Engavetamento;3;;;;;;;;;;2;3;;;
28/06/2019;22:09:00;59;com vítima;29,3;BR-116/RJ;Sul;Tombamento;1;;1;;;;;;;;1;;;1;
28/06/2019;20:55:00;53;sem vítima;115;BR-116/RJ;Norte;Atropelamento de Cachorro;1;;;;;;;;;;1;;;;
29/06/2019;23:46:00;64;com vítima;37,8;BR-116/RJ;Norte;Atropelamento - Pessoa;;;;1;;;;;;;1;;1;;
29/06/2019;07:20:00;11;sem vítima;123;BR-116/RJ;Sul;Choque - Defensa, barreira ou "submarino";1;;1;;;;;;;;2;;;;
30/06/2019;23:27:00;67;com vítima;24,3;BR-116/RJ;Sul;Choque - Defensa, barreira ou "submarino";1;;;;;;;;;;0;1;;;
30/06/2019;06:30:00;10;com vítima;54,1;BR-116/RJ;Sul;Colisão Lateral;;;;2;;;;;;;1;;1;;
30/06/2019;17:39:00;41;com vítima;143,5;BR-116/RJ;Sul;Colisão Traseira;3;;;;;;;;;;2;1;;;
01/04/2019;18:22:00;42;com vítima;81,7;BR-116/RJ;Norte;Saida de Pista;2;;1;;;;;;;;1;3;1;;
02/04/2019;18:21:00;44;com vítima;36,3;BR-116/RJ;Norte;Saida de Pista;;;1;;;;;;;;0;1;;;
02/04/2019;21:39:00;53;com vítima;76,9;BR-116/RJ;Norte;Colisão Traseira;2;;;;;;;;;;0;2;;;
02/04/2019;08:31:00;12;sem vítima;122;BR-116/RJ;Sul;Colisão Traseira;1;;;1;;;;;;;2;;;;
03/04/2019;07:40:00;6;com vítima;7,4;BR-116/RJ;Norte;Saida de Pista;1;;;;;;;;;;0;1;;;
03/04/2019;19:03:00;44;com vítima;32,3;BR-116/RJ;Norte;Queda de Moto;;;;1;;;;;;;0;2;;;
04/04/2019;07:10:00;6;com vítima;6,2;BR-116/RJ;Sul;Colisão Lateral;;;2;;;;;;;;2;1;;;
04/04/2019;11:37:00;22;com vítima;106,25;BR-116/RJ;Sul;Colisão Traseira;1;;1;;;;;;;;1;1;;;
04/04/2019;03:39:00;1;sem vítima;107,1;BR-116/RJ;Norte;Saida de Pista;1;;;;;;;;;;1;;;;
05/04/2019;17:05:00;58;sem vítima;120,5;BR-116/RJ;Norte;Colisão Traseira;;;;;;;;;;2;2;;;;
05/04/2019;03:03:00;5;com vítima;131;BR-116/RJ;Sul;Queda de Moto;;;;1;;;;;;;0;;1;;
06/04/2019;15:00:00;40;sem vítima;143,5;BR-116/RJ;Norte;Colisão Lateral;1;;1;;;;;;;;2;;;;
08/04/2019;15:15:00;33;sem vítima;24,4;BR-116/RJ;Norte;Saida de Pista;1;;;;;;;;;;1;;;;
08/04/2019;17:18:00;45;com vítima;75;BR-116/RJ;Norte;Atropelamento - Pessoa;1;;;;;;;;;;1;;1;;
08/04/2019;16:17:00;39;com vítima;90,1;BR-116/RJ;Sul;Colisão Frontal;1;;1;;;;;;;;0;1;2;1;
08/04/2019;14:38:00;30;com vítima;94,5;BR-116/RJ;Norte;Colisão Traseira;1;;1;;;;;;;;1;4;;;
08/04/2019;10:43:00;24;sem vítima;101,8;BR-116/RJ;Sul;Colisão Traseira;1;;1;;;;;;;;2;;;;
08/04/2019;11:32:00;26;com vítima;102,1;BR-116/RJ;Sul;Saida de Pista;1;;;;;;;;;;0;2;;;
08/04/2019;16:20:00;52;sem vítima;122,3;BR-116/RJ;Sul;Saida de Pista;;;1;;;;;;;;1;;;;
08/04/2019;18:30:00;44;sem vítima;122,55;BR-116/RJ;Sul;Choque - Defensa, barreira ou "submarino";1;;;;;;;;;;1;;;;
08/04/2019;16:30:00;54;sem vítima;125,35;BR-116/RJ;Sul;Colisão Traseira;1;;1;;;;;;;;3;;;;
08/04/2019;16:30:00;55;sem vítima;125,35;BR-116/RJ;Sul;Choque - Defensa, barreira ou "submarino";;;;;;;;;;1;1;;;;
08/04/2019;16:30:00;56;sem vítima;125,35;BR-116/RJ;Sul;Colisão Traseira;;;2;;;;;;;;2;;;;
08/04/2019;16:30:00;57;sem vítima;125,35;BR-116/RJ;Sul;Colisão Lateral;2;;;;;;;;;;3;;;;
08/04/2019;16:30:00;59;sem vítima;125,35;BR-116/RJ;Sul;Choque - Defensa, barreira ou "submarino";1;;;;;;;;;;1;;;;
08/04/2019;16:30:00;60;com vítima;125,35;BR-116/RJ;Sul;Queda de Moto;;;;1;;;;;;;0;;1;;
08/04/2019;16:30:00;62;sem vítima;125,35;BR-116/RJ;Sul;Choque - Defensa, barreira ou "submarino";1;;;;;;;;;;1;;;;
08/04/2019;16:30:00;58;sem vítima;125,6;BR-116/RJ;Sul;Choque - Defensa, barreira ou "submarino";1;;;;;;;;;;2;;;;
08/04/2019;01:41:00;5;sem vítima;131,1;BR-116/RJ;Sul;Choque - Defensa, barreira ou "submarino";1;;;;;;;;;;1;;;;
08/04/2019;04:00:00;6;com vítima;132,1;BR-116/RJ;Norte;Saida de Pista;1;;;;;;;;;;0;1;;;
08/04/2019;17:30:00;43;sem vítima;133,5;BR-116/RJ;Sul;Choque - Defensa, barreira ou "submarino";1;;;;;;;;;;1;;;;
09/04/2019;08:29:00;10;sem vítima;99;BR-116/RJ;Norte;Choque - Elemento de Drenagem;1;;;;;;;;;;1;;;;
09/04/2019;21:41:00;54;sem vítima;125,5;BR-116/RJ;Norte;Choque - Defensa, barreira ou "submarino";;;;;;;;;;1;1;;;;
10/04/2019;11:22:00;21;com vítima;16,9;BR-116/RJ;Sul;Capotamento;1;;;;;;;;;;0;1;;;
10/04/2019;06:30:00;6;sem vítima;74,8;BR-116/RJ;Sul;Saida de Pista;1;;;;;;;;;;1;;;;
10/04/2019;21:33:00;54;com vítima;143,2;BR-116/RJ;Sul;Atropelamento - Pessoa;1;;;;;;;;;;3;1;;;
11/04/2019;16:00:00;39;com vítima;108,8;BR-116/RJ;Sul;Queda de Moto;;;;1;;;;;;;0;;1;;
11/04/2019;12:57:00;26;sem vítima;128,2;BR-116/RJ;Norte;Colisão Lateral;1;;1;;;;;;;;2;;;;
12/04/2019;20:42:00;66;com vítima;78,3;BR-116/RJ;Sul;Colisão Transversal;;;1;1;;;;;;;0;4;;;
12/04/2019;11:00:00;21;sem vítima;125,5;BR-116/RJ;Sul;Colisão Lateral;2;;;;;;;;;;2;;;;
13/04/2019;14:20:00;35;com vítima;40,7;BR-116/RJ;Norte;Colisão Traseira;2;;;;;;;;;;1;2;;;
13/04/2019;16:05:00;40;com vítima;114;BR-116/RJ;Norte;Queda de Moto;;;;1;;;;;;;0;1;;;
13/04/2019;06:20:00;9;sem vítima;122,9;BR-116/RJ;Norte;Colisão Traseira;1;;1;;;;;;;;2;;;;
13/04/2019;08:45:00;16;com vítima;127;BR-116/RJ;Norte;Queda de Moto;;;;1;;;;;;;0;;;1;
13/04/2019;21:45:00;62;com vítima;138;BR-116/RJ;Sul;Colisão Traseira;2;;;;;;;;;;5;;1;;
13/04/2019;22:45:00;63;sem vítima;143;BR-116/RJ;Sul;Colisão Traseira;2;;;;;;;;;;2;;;;
13/04/2019;22:04:00;61;com vítima;143,9;BR-116/RJ;Sul;Queda de Moto;;;;1;;;;;;;0;1;;;
14/04/2019;22:38:00;60;sem vítima;53,8;BR-116/RJ;Norte;Choque - Defensa, barreira ou "submarino";1;;;;;;;;;;2;;;;
14/04/2019;22:52:00;62;com vítima;74;BR-116/RJ;Sul;Queda de Moto;;;;1;;;;;;;0;;1;;
14/04/2019;13:57:00;30;sem vítima;143,8;BR-116/RJ;Sul;Engavetamento;3;;;;;;;;;;3;;;;
14/04/2019;13:55:00;29;sem vítima;143,9;BR-116/RJ;Sul;Choque - Defensa, barreira ou "submarino";1;;;;;;;;;;1;;;;
15/04/2019;11:25:00;27;com vítima;6,15;BR-116/RJ;Sul;Colisão Frontal;2;;;;;;;;;;1;5;;;
15/04/2019;17:50:00;47;com vítima;53,25;BR-116/RJ;Norte;Colisão Transversal;2;;;;;;;;;;0;3;;;
15/04/2019;07:43:00;15;com vítima;59,95;BR-116/RJ;Sul;Capotamento;1;;;;;;;;;;0;2;;;
15/04/2019;05:51:00;11;com vítima;60;BR-116/RJ;Norte;Queda de vegetação c/ veículo;1;;;;;;;;;;0;1;;;
16/04/2019;18:26:00;46;com vítima;2,1;BR-116/RJ;Sul;Colisão Frontal;;1;;1;;;;;;;0;2;;;
16/04/2019;16:48:00;38;com vítima;33,8;BR-116/RJ;Sul;Saida de Pista;1;;;;;;;;;;0;1;;;
16/04/2019;13:50:00;31;com vítima;38,05;BR-116/RJ;Sul;Saida de Pista;1;;;;;;;;;;0;1;;;
16/04/2019;19:50:00;55;com vítima;114,8;BR-116/RJ;Norte;Colisão Traseira;1;1;;;;;;;;;4;;;1;
16/04/2019;19:05:00;53;sem vítima;137,3;BR-116/RJ;Norte;Colisão Lateral;1;;1;;;;;;;;2;;;;
16/04/2019;08:31:00;11;sem vítima;140,4;BR-116/RJ;Sul;Colisão Traseira;1;;1;;;;;;;;2;;;;
17/04/2019;09:20:00;18;sem vítima;90;BR-116/RJ;Norte;Colisão Traseira;1;;;;;;;;;;1;;;;
17/04/2019;04:18:00;4;sem vítima;95;BR-116/RJ;Norte;Choque - Defensa, barreira ou "submarino";1;;;;;;;;;;1;;;;
17/04/2019;16:55:00;45;com vítima;137,8;BR-116/RJ;Norte;Colisão Lateral;;;1;1;;;;;;;1;2;;;
18/04/2019;20:11:00;61;sem vítima;99,2;BR-116/RJ;Norte;Colisão Lateral;2;;;;;;;;;;7;;;;
18/04/2019;19:09:00;56;com vítima;108;BR-116/RJ;Sul;Choque - Arvore;1;;;;;;;;;;0;;2;;
18/04/2019;23:42:00;72;sem vítima;111;BR-116/RJ;Norte;Atropelamento de Cachorro;1;;;;;;;;;;6;;;;
18/04/2019;05:55:00;10;sem vítima;131;BR-116/RJ;Sul;Saida de Pista;1;;;;;;;;;;1;;;;
18/04/2019;02:57:00;6;sem vítima;142,8;BR-116/RJ;Norte;Choque - Defensa, barreira ou "submarino";1;;;;;;;;;;1;;;;
19/04/2019;19:00:00;64;com vítima;71,95;BR-116/RJ;Sul;Saida de Pista;1;;;;;;;;;;0;1;;;
19/04/2019;10:30:00;29;com vítima;90;BR-116/RJ;Norte;Colisão Traseira;2;;;;;;;;;;1;2;;;
19/04/2019;20:11:00;67;com vítima;107,8;BR-116/RJ;Sul;Choque - Defensa, barreira ou "submarino";1;;;;;;;;;;0;1;;;
20/04/2019;09:20:00;16;com vítima;40,1;BR-116/RJ;Norte;Colisão Traseira;1;;1;;;;;;;;1;4;;;
20/04/2019;04:17:00;8;com vítima;78,3;BR-116/RJ;Sul;Queda de Moto;;;;1;;;;;;;0;;1;;
20/04/2019;05:11:00;11;sem vítima;80,2;BR-116/RJ;Sul;Choque - Suporte de Sinalização;1;;;;;;;;;;1;;;;
20/04/2019;08:50:00;14;sem vítima;128,85;BR-116/RJ;Norte;Choque - Defensa, barreira ou "submarino";1;;;;;;;;;;1;;;;
21/04/2019;21:46:00;60;com vítima;17,7;BR-116/RJ;Sul;Tombamento;;;1;;;;;;;;0;;1;;
21/04/2019;17:03:00;45;com vítima;144;BR-116/RJ;Sul;Colisão Lateral;1;;1;;;;;;;;2;1;;;
22/04/2019;17:19:00;41;com vítima;79;BR-116/RJ;Norte;Colisão Transversal;2;;;;;;;;;;0;2;;;
22/04/2019;20:03:00;49;sem vítima;143,8;BR-116/RJ;Sul;Colisão Lateral;2;;;;;;;;;;5;;;;
23/04/2019;14:55:00;37;com vítima;72,8;BR-116/RJ;Norte;Saida de Pista;;;1;;;;;;;;0;1;;;
23/04/2019;15:17:00;38;com vítima;75;BR-116/RJ;Sul;Capotamento;1;;;;;;;;;;0;1;1;;
23/04/2019;18:39:00;54;sem vítima;144;BR-116/RJ;Norte;Colisão Traseira;2;;;;;;;;;;3;;;;
24/04/2019;20:40:00;62;com vítima;43,3;BR-116/RJ;Norte;Saida de Pista;1;;;;;;;;;;0;2;;;
24/04/2019;22:07:00;68;com vítima;97,7;BR-116/RJ;Sul;Tombamento;;;1;;;;;;;;0;;;;3
24/04/2019;10:33:00;23;com vítima;104,5;BR-116/RJ;Sul;Queda de Moto;;;;1;;;;;;;0;1;;;
25/04/2019;20:11:00;35;com vítima;56,6;BR-116/RJ;Sul;Colisão Traseira;2;;;;;;;;;;1;1;1;;
25/04/2019;18:04:00;29;com vítima;77,6;BR-116/RJ;Sul;Atropelamento - Pessoa;;;;1;;;;;;;1;;1;;