data;horario;n_da_ocorrencia;tipo_de_ocorrencia;km;trecho;sentido;tipo_de_acidente;automovel;bicicleta;caminhao;moto;onibus;outros;tracao_animal;transporte_de_cargas_especiais;trator_maquinas;utilitarios;ilesos;levemente_feridos;moderadamente_feridos;gravemente_feridos;mortos
25/04/2019;19:30:00;34;com vítima;142,7;BR-116/RJ;Norte;Colisão Traseira;1;;;;1;;;;;;0;1;2;;
26/04/2019;20:13:00;65;com vítima;58;BR-116/RJ;Norte;Atropelamento - Outros;1;;;;;;;;;;0;2;;;
27/04/2019;08:31:00;16;com vítima;114,4;BR-116/RJ;Sul;Colisão Frontal;1;;;1;;;;;;;1;1;;;
27/04/2019;07:17:00;10;com vítima;127,1;BR-116/RJ;Sul;Colisão Frontal;2;;;;;;;;;;2;;1;;
27/04/2019;07:57:00;13;sem vítima;140,75;BR-116/RJ;Sul;Saida de Pista;1;;;;;;;;;;1;;;;
28/04/2019;18:02:00;30;sem vítima;132;BR-116/RJ;Norte;Colisão Lateral;1;;1;;;;;;;;2;;;;
28/04/2019;08:09:00;5;com vítima;135,8;BR-116/RJ;Norte;Colisão Traseira;1;;;;1;;;;;;1;1;;;
28/04/2019;20:19:00;40;sem vítima;143,8;BR-116/RJ;Sul;Choque - Poste;2;;;;;;;;;;2;;;;
29/04/2019;10:18:00;19;com vítima;6,3;BR-116/RJ;Sul;Saida de Pista;1;;;;;;;;;;0;2;;;
29/04/2019;21:15:00;57;com vítima;29,3;BR-116/RJ;Norte;Tombamento;;;1;;;;;;;;0;1;;;
29/04/2019;16:48:00;43;sem vítima;143,3;BR-116/RJ;Sul;Colisão Lateral;2;;;;;;;;;;3;;;;
01/12/2019;15:45:00;32;com vítima;43,7;BR-116/RJ;Norte;Colisão Lateral;2;;;;;;;;;;0;3;;;
01/12/2019;14:04:00;24;sem vítima;92,6;BR-116/RJ;Norte;Colisão Traseira;2;;;;;;;;;;2;;;;
02/12/2019;05:45:00;6;com vítima;122,3;BR-116/RJ;Sul;Saida de Pista;;;;;1;;;;;;64;1;;;
02/12/2019;16:36:00;26;sem vítima;137,4;BR-116/RJ;Sul;Saida de Pista;1;;;;;;;;;;1;;;;
02/12/2019;20:50:00;40;sem vítima;140,5;BR-116/RJ;Norte;Colisão Traseira;1;;1;;;;;;;;2;;;;
03/12/2019;11:25:00;15;com vítima;62,8;BR-116/RJ;Norte;Queda de Moto;;;;1;;;;;;;0;1;1;;
03/12/2019;04:05:00;2;sem vítima;89;BR-116/RJ;Norte;Choque - Defensa, barreira ou "submarino";1;;;;;;;;;;1;;;;
03/12/2019;21:23:00;43;com vítima;93,2;BR-116/RJ;Sul;Queda de Moto;1;;;1;;;;;;;1;1;;;
04/12/2019;13:50:00;24;com vítima;81,9;BR-116/RJ;Sul;Queda de Moto;;;;1;;;;;;;0;1;;;
04/12/2019;22:28:00;44;sem vítima;92,6;BR-116/RJ;Sul;Choque - Defensa, barreira ou "submarino";;;1;;;;;;;;1;;;;
04/12/2019;19:05:00;36;com vítima;94,1;BR-116/RJ;Norte;Choque - Defensa, barreira ou "submarino";1;;;;;;;;;;0;3;;;
04/12/2019;02:50:00;4;com vítima;133,7;BR-116/RJ;Norte;Colisão Traseira;1;;1;;;;;;;;2;2;;;
04/12/2019;20:15:00;40;sem vítima;137,3;BR-116/RJ;Sul;Engavetamento;2;;;;1;;;;;;3;;;;
06/12/2019;14:49:00;34;com vítima;7,4;BR-116/RJ;Norte;Saida de Pista;1;;;;;;;;;;0;4;;;
06/12/2019;00:55:00;3;sem vítima;8,6;BR-116/RJ;Sul;Choque - Elemento de Drenagem;1;;;;;;;;;;1;;;;
06/12/2019;23:29:00;56;com vítima;47,4;BR-116/RJ;Sul;Colisão Lateral;;;1;1;;;;;;;0;1;;;1
06/12/2019;17:33:00;41;com vítima;76,6;BR-116/RJ;Sul;Colisão Lateral;1;;1;;;;;;;;0;3;1;;
06/12/2019;13:33:00;30;com vítima;76,8;BR-116/RJ;Norte;Colisão Lateral;1;;1;;;;;;;;1;2;;;
07/12/2019;22:00:00;67;sem vítima;104,25;BR-116/RJ;Norte;Colisão Lateral;2;;;;;;;;;;2;;;;
08/12/2019;18:10:00;44;com vítima;25,5;BR-116/RJ;Sul;Queda de Moto;;;;1;;;;;;;0;2;;;
08/12/2019;04:50:00;6;com vítima;42,9;BR-116/RJ;Sul;Choque - Defensa, barreira ou "submarino";1;;;;;;;;;;0;2;;;
08/12/2019;19:24:00;52;sem vítima;65,9;BR-116/RJ;Norte;Colisão Traseira;2;;;;;;;;;;2;;;;
08/12/2019;14:11:00;27;com vítima;128,1;BR-116/RJ;Norte;Saida de Pista;1;;;;;;;;;;0;3;;;
08/12/2019;10:01:00;14;sem vítima;133,5;BR-116/RJ;Sul;Colisão Traseira;2;;;;;;;;;;2;;;;
08/12/2019;20:15:00;57;com vítima;135,5;BR-116/RJ;Sul;Colisão Traseira;1;1;;;;;;;;;2;;;1;
08/12/2019;11:00:00;17;com vítima;137,4;BR-116/RJ;Norte;Colisão Lateral;2;;;;;;;;;1;3;2;;;
08/12/2019;22:27:00;66;com vítima;142,85;BR-116/RJ;Sul;Engavetamento;2;;;1;;;;;;;0;;2;2;
08/12/2019;19:32:00;54;sem vítima;143,3;BR-116/RJ;Sul;Colisão Traseira;2;;;;;;;;;;2;;;;
08/12/2019;14:49:00;29;sem vítima;144;BR-116/RJ;Sul;Colisão Traseira;2;;;;;;;;;;2;;;;
09/12/2019;09:50:00;19;com vítima;76,6;BR-116/RJ;Norte;Colisão Lateral;2;;;;;;;;;;0;3;;;
09/12/2019;09:15:00;16;sem vítima;77,6;BR-116/RJ;Sul;Colisão Lateral;1;;;1;;;;;;;2;;;;
09/12/2019;20:40:00;54;com vítima;92,85;BR-116/RJ;Norte;Saida de Pista;1;;;;;;;;;;0;1;;;
10/12/2019;17:25:00;54;sem vítima;88,5;BR-116/RJ;Sul;Choque - Defensa, barreira ou "submarino";1;;;;;;;;;;1;;;;
11/12/2019;21:16:00;48;sem vítima;5,2;BR-116/RJ;Norte;Saida de Pista;1;;;;;;;;;;1;;;;
11/12/2019;15:43:00;29;sem vítima;28,7;BR-116/RJ;Norte;Choque - Defensa, barreira ou "submarino";1;;;;;;;;;;1;;;;
11/12/2019;22:33:00;50;com vítima;73,4;BR-116/RJ;Sul;Saida de Pista;1;;;;;;;;;;0;1;;;
11/12/2019;16:42:00;35;com vítima;102,7;BR-116/RJ;Sul;Saida de Pista;1;;;;;;;;;;0;;1;;
11/12/2019;04:10:00;3;com vítima;144;BR-116/RJ;Sul;Choque - Defensa, barreira ou "submarino";1;;;;;;;;;;0;1;;;
12/12/2019;13:57:00;29;com vítima;27,7;BR-116/RJ;Norte;Colisão Lateral;2;;;;;;;;;;0;2;;;
12/12/2019;16:45:00;38;com vítima;68,7;BR-116/RJ;Norte;Colisão Traseira;2;;;;;;;;;;0;3;;;
12/12/2019;18:45:00;45;sem vítima;93,2;BR-116/RJ;Norte;Colisão Lateral;;;2;;;;;;;;2;;;;
12/12/2019;16:36:00;37;sem vítima;93,3;BR-116/RJ;Sul;Colisão Lateral;2;;;;;;;;;;2;;;;
12/12/2019;15:35:00;36;sem vítima;96,7;BR-116/RJ;Sul;Saida de Pista;1;;;;;;;;;;1;;;;
13/12/2019;09:50:00;19;sem vítima;104,3;BR-116/RJ;Norte;Colisão Transversal;2;;;;;;;;;;2;;;;
13/12/2019;18:55:00;45;com vítima;104,3;BR-116/RJ;Norte;Colisão Transversal;1;;;1;;;;;;;1;;1;;
14/12/2019;06:32:00;11;sem vítima;22,3;BR-116/RJ;Sul;Saida de Pista;1;;;;;;;;;;1;;;;
14/12/2019;02:30:00;3;com vítima;92,6;BR-116/RJ;Norte;Saida de Pista;1;;;;;;;;;;0;3;;;
14/12/2019;04:11:00;6;sem vítima;105,95;BR-116/RJ;Sul;Colisão Traseira;2;;;;;;;;;;2;;;;
14/12/2019;11:10:00;29;sem vítima;133,04;BR-116/RJ;Norte;Colisão Lateral;1;;1;;;;;;;;2;;;;
15/12/2019;05:57:00;10;com vítima;67,7;BR-116/RJ;Norte;Saida de Pista;1;;;;;;;;;;0;3;;;
15/12/2019;20:26:00;62;sem vítima;84,2;BR-116/RJ;Norte;Colisão Traseira;2;;;;;;;;;;3;;;;
15/12/2019;17:43:00;51;sem vítima;100,9;BR-116/RJ;Sul;Colisão Lateral;2;;;;;;;;;;3;;;;
16/12/2019;17:08:00;47;sem vítima;21,5;BR-116/RJ;Sul;Colisão Lateral;;;2;;;;;;;;2;;;;
16/12/2019;09:36:00;10;com vítima;130,97;BR-116/RJ;Norte;Choque - Defensa, barreira ou "submarino";1;;;;;;;;;;0;1;;;
16/12/2019;15:30:00;41;com vítima;143,6;BR-116/RJ;Norte;Colisão Traseira;;;;;2;;;;;;3;2;;;
18/12/2019;20:43:00;51;com vítima;37,6;BR-116/RJ;Sul;Colisão Frontal;2;;;;;;;;;;0;2;3;;
18/12/2019;11:20:00;23;com vítima;77,7;BR-116/RJ;Norte;Colisão Frontal;1;1;;;;;;;;;0;1;;1;
18/12/2019;08:56:00;8;com vítima;86,2;BR-116/RJ;Sul;Saida de Pista;1;;;;;;;;;;0;1;;;
18/12/2019;16:18:00;34;sem vítima;114,85;BR-116/RJ;Norte;Colisão Lateral;1;;1;;;;;;;;2;;;;
18/12/2019;14:00:00;28;com vítima;114,9;BR-116/RJ;Sul;Colisão Frontal;2;;;;;;;;;;0;3;;;
18/12/2019;08:08:00;3;sem vítima;138,55;BR-116/RJ;Norte;Colisão Lateral;;;1;;;;1;;;;2;;;;
18/12/2019;08:46:00;4;sem vítima;138,8;BR-116/RJ;Norte;Colisão Traseira;;;2;;;;;;;;2;;;;
18/12/2019;09:10:00;11;sem vítima;143,9;BR-116/RJ;Sul;Colisão Lateral;;;1;;1;;;;;;2;;;;
19/12/2019;16:45:00;48;com vítima;17,1;BR-116/RJ;Sul;Capotamento;1;;;;;;;;;;0;1;;;
19/12/2019;20:13:00;68;com vítima;28,2;BR-116/RJ;Norte;Saida de Pista;1;;;;;;;;;;2;1;;;
19/12/2019;07:36:00;12;com vítima;31,1;BR-116/RJ;Norte;Saida de Pista;1;;;;;;;;;;0;3;;;
19/12/2019;17:16:00;52;com vítima;50,6;BR-116/RJ;Sul;Saida de Pista;2;;;;;;;;;;1;1;4;2;
19/12/2019;23:15:00;80;com vítima;79,7;BR-116/RJ;Sul;Saida de Pista;2;;;;;;;;;;1;1;;;
19/12/2019;13:30:00;35;sem vítima;114;BR-116/RJ;Sul;Colisão Frontal;1;;;1;;;;;;;2;;;;
19/12/2019;20:49:00;73;sem vítima;131,1;BR-116/RJ;Sul;Choque - Veiculo parado na pista;;;1;;;;;;;1;2;;;;
20/12/2019;22:52:00;82;com vítima;79,8;BR-116/RJ;Norte;Atropelamento - Pessoa;1;;;;;;;;;;1;;1;;
20/12/2019;17:49:00;61;com vítima;88;BR-116/RJ;Norte;Queda de Moto;;;;1;;;;;;;0;1;;;
20/12/2019;12:22:00;38;com vítima;108,97;BR-116/RJ;Norte;Saida de Pista;;;1;;;;;;;;0;;1;;
20/12/2019;09:15:00;19;com vítima;120,6;BR-116/RJ;Norte;Queda de Moto;;;;1;;;;;;;0;;1;;
20/12/2019;22:51:00;81;sem vítima;125,6;BR-116/RJ;Sul;Choque - Defensa, barreira ou "submarino";1;;;;;;;;;;1;;;;
20/12/2019;15:10:00;51;com vítima;139,1;BR-116/RJ;Norte;Choque - Defensa, barreira ou "submarino";;;1;;;;;;;;0;1;;;
21/12/2019;07:35:00;12;com vítima;60;BR-116/RJ;Norte;Choque - Defensa, barreira ou "submarino";1;;;;;;;;;;0;1;;;
21/12/2019;13:44:00;35;sem vítima;95,85;BR-116/RJ;Sul;Saida de Pista;1;;;;;;;;;;1;;;;
22/12/2019;18:55:00;44;com vítima;17,5;BR-116/RJ;Norte;Saida de Pista;1;;;;;;;;;;0;1;;;
22/12/2019;12:34:00;25;com vítima;23,4;BR-116/RJ;Sul;Colisão Lateral;2;;;;;;;;;;0;2;1;;
22/12/2019;17:12:00;42;sem vítima;27,65;BR-116/RJ;Sul;Saida de Pista;1;;;;;;;;;;1;;;;
22/12/2019;09:07:00;19;com vítima;64;BR-116/RJ;Sul;Colisão Traseira;2;;;;;;;;;;0;6;;;
22/12/2019;16:50:00;41;sem vítima;96,2;BR-116/RJ;Norte;Saida de Pista;1;;;;;;;;;;1;;;;
22/12/2019;21:44:00;56;com vítima;105,3;BR-116/RJ;Norte;Atropelamento - Pessoa;1;;;;;;;;;;1;;;;1
22/12/2019;14:46:00;32;sem vítima;106,3;BR-116/RJ;Sul;Saida de Pista;1;;;;;;;;;;1;;;;
22/12/2019;08:40:00;17;com vítima;143,4;BR-116/RJ;Sul;Colisão Traseira;2;;;;;;;;;;0;3;;;
23/12/2019;06:05:00;10;com vítima;6,4;BR-116/RJ;Sul;Saida de Pista;1;;;;;;;;;;0;3;;;
23/12/2019;06:55:00;15;com vítima;13,95;BR-116/RJ;Norte;Saida de Pista;1;;;;;;;;;;0;;1;;2
23/12/2019;12:40:00;33;com vítima;26,3;BR-116/RJ;Norte;Colisão Lateral;1;;1;;;;;;;;0;2;;1;
23/12/2019;15:17:00;43;sem vítima;100,5;BR-116/RJ;Norte;Saida de Pista;1;;;;;;;;;;1;;;;
23/12/2019;01:00:00;3;com vítima;122;BR-116/RJ;Sul;Saida de Pista;;;1;;;;;;;;0;;1;;
23/12/2019;22:01:00;66;com vítima;131,5;BR-116/RJ;Sul;Saida de Pista;1;;;;;;;;;;0;2;;;
24/12/2019;10:05:00;25;com vítima;17,3;BR-116/RJ;Sul;Capotamento;1;;;;;;;;;;0;2;;;
24/12/2019;06:58:00;10;sem vítima;73,6;BR-116/RJ;Norte;Atropelamento de Cachorro;1;;;;;;;;;;1;;;;
24/12/2019;10:25:00;26;com vítima;87,7;BR-116/RJ;Sul;Saida de Pista;1;;;;;;;;;;0;4;;;
25/12/2019;02:50:00;4;com vítima;140,2;BR-116/RJ;Sul;Atropelamento - Pessoa;1;;;;;;;;;;1;;;1;
26/12/2019;20:00:00;66;com vítima;77,5;BR-116/RJ;Sul;Saida de Pista;1;;;;;;;;;;0;1;;;
26/12/2019;16:40:00;56;com vítima;94,2;BR-116/RJ;Norte;Saida de Pista;1;;;;;;;;;;0;1;;;
26/12/2019;07:26:00;11;com vítima;109,7;BR-116/RJ;Sul;Saida de Pista;1;;;;;;;;;;1;;1;;
27/12/2019;11:00:00;18;sem vítima;133,5;BR-116/RJ;Norte;Colisão Traseira;;;2;;;;;;;;2;;;;
28/12/2019;08:13:00;10;sem vítima;23,4;BR-116/RJ;Norte;Choque - Elemento de Drenagem;1;;;;;;;;;;1;;;;
28/12/2019;08:42:00;13;com vítima;128,6;BR-116/RJ;Norte;Queda de Moto;;;;1;;;;;;;0;2;;;
28/12/2019;09:10:00;17;com vítima;129,4;BR-116/RJ;Norte;Queda de Moto;;;;1;;;;;;;0;;2;;
28/12/2019;04:55:00;7;com vítima;131,9;BR-116/RJ;Norte;Colisão Traseira;1;;;;1;;;;;;2;1;;;
28/12/2019;10:50:00;26;com vítima;137,9;BR-116/RJ;Norte;Engavetamento;3;;1;;;;;;;;0;10;;;
28/12/2019;17:19:00;47;com vítima;138,4;BR-116/RJ;Sul;Colisão Traseira;;;;1;1;;;;;;20;;1;;
29/12/2019;06:16:00;3;com vítima;5,9;BR-116/RJ;Sul;Saida de Pista;1;;;;;;;;;;0;4;;;
29/12/2019;07:05:00;4;sem vítima;7;BR-116/RJ;Norte;Choque - Elemento de Drenagem;1;;;;;;;;;;1;;;;
29/12/2019;18:00:00;46;sem vítima;25,9;BR-116/RJ;Sul;Saida de Pista;1;;;;;;;;;;1;;;;
29/12/2019;16:06:00;38;sem vítima;90,2;BR-116/RJ;Norte;Engavetamento;3;;;;;;;;;;3;;;;
29/12/2019;10:47:00;16;sem vítima;143;BR-116/RJ;Sul;Colisão Traseira;1;;;;;;;;;;1;;;;
30/12/2019;14:22:00;29;com vítima;79;BR-116/RJ;Norte;Colisão Traseira;1;;;;1;;;;;;1;5;;;
30/12/2019;11:30:00;16;com vítima;106;BR-116/RJ;Sul;Queda de Moto;;;;1;;;;;;;0;1;;;
30/12/2019;07:25:00;4;com vítima;130,9;BR-116/RJ;Sul;Engavetamento;3;;;;;;;;;;2;1;;;
31/12/2019;16:32:00;28;com vítima;86,7;BR-116/RJ;Norte;Saida de Pista;1;;;;;;;;;;1;1;;;
31/12/2019;20:25:00;43;sem vítima;135,1;BR-116/RJ;Norte;Atropelamento de Animal;1;;;;;;;;;;1;;;;
31/12/2019;16:10:00;26;com vítima;140;BR-116/RJ;Sul;Saida de Pista;1;;;;;;;;;;0;1;;;
31/12/2019;00:50:00;1;com vítima;144;BR-116/RJ;Sul;Saida de Pista;1;;;;;;;;;;0;1;;;
01/11/2019;16:43:00;31;sem vítima;29;BR-116/RJ;Norte;Choque - Defensa, barreira ou "submarino";;;2;;;;;;;;0;;;;
01/11/2019;08:25:00;11;com vítima;31,1;BR-116/RJ;Sul;Tombamento;1;;;;;;;;;;1;;;2;
01/11/2019;12:32:00;19;sem vítima;128;BR-116/RJ;Norte;Saida de Pista;1;;;;;;;;;;1;;;;
02/11/2019;15:30:00;34;com vítima;111,45;BR-116/RJ;Norte;Choque - Defensa, barreira ou "submarino";1;;;;;;;;;;0;1;;;
02/11/2019;16:32:00;37;sem vítima;127,2;BR-116/RJ;Norte;Choque - Defensa, barreira ou "submarino";1;;;;;;;;;;1;;;;
02/11/2019;11:36:00;15;com vítima;142,8;BR-116/RJ;Norte;Choque - Suporte de Sinalização;1;;;;;;;;;;1;1;;;
03/11/2019;14:33:00;43;com vítima;72,2;BR-116/RJ;Sul;Colisão Lateral;2;;;;;;;;;;0;2;;;
03/11/2019;14:33:00;44;sem vítima;98,4;BR-116/RJ;Sul;Engavetamento;3;;;;;;;;;;3;;;;
05/11/2019;21:04:00;74;sem vítima;40,4;BR-116/RJ;Sul;Colisão Frontal;1;;1;;;;;;;;4;;;;
05/11/2019;15:33:00;54;sem vítima;101,9;BR-116/RJ;Sul;Saida de Pista;1;;1;;;;;;;;2;;;;
05/11/2019;07:38:00;10;com vítima;106,4;BR-116/RJ;Norte;Colisão Traseira;1;;;;;;;;;;0;1;;;
05/11/2019;13:38:00;43;com vítima;131,8;BR-116/RJ;Norte;Colisão Lateral;1;;;1;;;;;;;1;1;1;;
06/11/2019;08:56:00;13;com vítima;114,3;BR-116/RJ;Norte;Atropelamento de Cachorro;;;;1;1;;;;;;1;;1;;
06/11/2019;06:49:00;5;sem vítima;132;BR-116/RJ;Sul;Colisão Lateral;1;;;;;;;;;;1;;;;
06/11/2019;17:49:00;37;com vítima;132,5;BR-116/RJ;Norte;Colisão Lateral;1;;;1;;;;;;;1;1;;;
06/11/2019;22:52:00;45;sem vítima;142,3;BR-116/RJ;Norte;Colisão Traseira;2;;;;;;;;;;2;;;;
07/11/2019;10:48:00;16;sem vítima;31,1;BR-116/RJ;Norte;Saida de Pista;1;;;;;;;;;;2;;;;
07/11/2019;02:40:00;3;sem vítima;140,2;BR-116/RJ;Norte;Choque - Defensa, barreira ou "submarino";;;1;;;;;;;;1;;;;
07/11/2019;12:30:00;23;sem vítima;143,95;BR-116/RJ;Sul;Colisão Traseira;1;;1;;;;;;;;2;;;;
08/11/2019;06:28:00;8;com vítima;25,8;BR-116/RJ;Sul;Saida de Pista;;;;1;;;;;;;0;;1;;
08/11/2019;13:49:00;26;sem vítima;95,15;BR-116/RJ;Norte;Colisão Frontal;1;;;;;;;;;;1;;;;
08/11/2019;20:35:00;48;com vítima;104,3;BR-116/RJ;Norte;Colisão Transversal;1;;;1;;;;;;;0;1;;;
08/11/2019;14:52:00;31;sem vítima;130,1;BR-116/RJ;Sul;Atropelamento de Cachorro;1;;;;;;;;;;1;;;;
08/11/2019;23:13:00;55;com vítima;132,1;BR-116/RJ;Sul;Engavetamento;1;;;1;;;;;;;1;1;;;
08/11/2019;02:16:00;2;com vítima;137,4;BR-116/RJ;Norte;Saida de Pista;1;;2;;;;;;;;2;;1;;
09/11/2019;17:25:00;42;com vítima;18,6;BR-116/RJ;Norte;Saida de Pista;1;;;1;;;;;;;0;1;1;;
09/11/2019;13:00:00;27;com vítima;34;BR-116/RJ;Norte;Queda de Moto;;;;1;;;;;;;0;1;;;
09/11/2019;13:29:00;28;com vítima;95,15;BR-116/RJ;Norte;Colisão Lateral;2;;;;;;;;;;0;2;;;
09/11/2019;13:40:00;29;com vítima;95,15;BR-116/RJ;Norte;Colisão Lateral;2;;;;;;;;;;0;3;;;
09/11/2019;00:03:00;1;com vítima;107,8;BR-116/RJ;Norte;Colisão Lateral;1;;1;;;;;;;;0;4;;;
09/11/2019;15:00:00;30;com vítima;144;BR-116/RJ;Sul;Colisão Lateral;1;1;;;;;;;;;1;;1;;
09/11/2019;16:34:00;40;com vítima;144;BR-116/RJ;Sul;Colisão Frontal;1;;;;;;;;;;0;1;;;
10/11/2019;18:12:00;44;com vítima;4,5;BR-116/RJ;Norte;Choque - Defensa, barreira ou "submarino";1;;1;;;;;;;;0;2;;;
10/11/2019;16:43:00;39;com vítima;27,1;BR-116/RJ;Norte;Colisão Lateral;1;;;;;;;;;;0;3;;;
10/11/2019;17:36:00;42;com vítima;95,5;BR-116/RJ;Sul;Colisão Frontal;;;1;1;;;;;;;0;1;;;
10/11/2019;10:59:00;20;sem vítima;105,45;BR-116/RJ;Norte;Colisão Traseira;2;;;;;;;;;;2;;;;
10/11/2019;11:41:00;21;com vítima;137,3;BR-116/RJ;Sul;Choque - Defensa, barreira ou "submarino";1;;;;;;;;;;0;1;;;
11/11/2019;14:50:00;37;com vítima;31,15;BR-116/RJ;Norte;Tombamento;;;1;1;1;;;;;;1;1;1;;
11/11/2019;10:00:00;20;com vítima;83;BR-116/RJ;Norte;Colisão Transversal;1;;;;2;;;;;;3;1;;;
11/11/2019;13:57:00;32;com vítima;85,6;BR-116/RJ;Norte;Colisão Lateral;;;2;;;;;;;;1;1;;;
11/11/2019;11:10:00;35;sem vítima;143,2;BR-116/RJ;Sul;Colisão Lateral;1;;1;;;;;;;;3;;;;
11/11/2019;10:55:00;24;com vítima;143,8;BR-116/RJ;Sul;Engavetamento;;;1;;;;;;;;0;1;1;;
11/11/2019;15:20:00;38;sem vítima;143,8;BR-116/RJ;Sul;Colisão Traseira;;;1;;1;;;;;;2;;;;
12/11/2019;16:44:00;32;com vítima;27,5;BR-116/RJ;Sul;Saida de Pista;1;;;;;;;;;;0;1;;;
12/11/2019;18:25:00;46;com vítima;104,5;BR-116/RJ;Norte;Colisão Lateral;1;;;;;;;;;;0;2;;;
12/11/2019;09:28:00;13;sem vítima;104,6;BR-116/RJ;Sul;Saida de Pista;1;;1;;;;;;;;2;;;;
12/11/2019;18:25:00;45;sem vítima;126,7;BR-116/RJ;Sul;Colisão Lateral;2;;;;;;;;;;4;;;;
13/11/2019;13:13:00;20;sem vítima;96,3;BR-116/RJ;Sul;Saida de Pista;1;;;;;;;;;;1;;;;
13/11/2019;18:44:00;39;sem vítima;96,5;BR-116/RJ;Norte;Engavetamento;1;;;;;;;;;;1;;;;
13/11/2019;06:48:00;8;com vítima;99;BR-116/RJ;Sul;Choque - Elemento de Drenagem;;;1;;;;;;;;0;;2;;
13/11/2019;13:32:00;22;com vítima;104,35;BR-116/RJ;Sul;Colisão Transversal;2;;;;;;;;;;0;2;;;
13/11/2019;22:03:00;47;sem vítima;138,4;BR-116/RJ;Sul;Colisão Traseira;4;;;;;1;;;;;5;;;;
13/11/2019;01:15:00;4;com vítima;144;BR-116/RJ;Norte;Choque - Defensa, barreira ou "submarino";2;;;;;;;;;;1;2;;;
14/11/2019;07:35:00;14;com vítima;37,8;BR-116/RJ;Norte;Choque - Defensa, barreira ou "submarino";;;1;;;;;;;;0;1;;;
14/11/2019;23:24:00;70;com vítima;72,8;BR-116/RJ;Norte;Saida de Pista;1;1;;;;;;;;;1;;1;;
14/11/2019;19:36:00;61;com vítima;115,4;BR-116/RJ;Norte;Colisão Lateral;;;1;;;;;;;;0;2;1;;
15/11/2019;09:59:00;26;com vítima;17,15;BR-116/RJ;Sul;Saida de Pista;1;;;;;;;;;;0;3;;;
15/11/2019;13:49:00;47;sem vítima;26,3;BR-116/RJ;Sul;Saida de Pista;1;;;;;;;;;;1;;;;
15/11/2019;00:14:00;1;sem vítima;27,4;BR-116/RJ;Norte;Choque - Defensa, barreira ou "submarino";1;;;;;;;;;;1;;;;
15/11/2019;06:57:00;19;com vítima;53,2;BR-116/RJ;Norte;Colisão Lateral;1;;1;;;;;;;;1;1;;1;
15/11/2019;21:39:00;75;com vítima;78,9;BR-116/RJ;Sul;Colisão Lateral;1;;;;;;;;;;0;2;;;
15/11/2019;12:15:00;39;com vítima;81,7;BR-116/RJ;Norte;Capotamento;1;;;;;;;;;;0;1;;;
15/11/2019;04:10:00;9;com vítima;99,3;BR-116/RJ;Sul;Choque - Defensa, barreira ou "submarino";1;;;;;;;;;;0;2;;;
15/11/2019;05:55:00;12;sem vítima;119;BR-116/RJ;Sul;Saida de Pista;1;;;;;;;;;;1;;;;
15/11/2019;17:00:00;61;com vítima;143,5;BR-116/RJ;Sul;Choque - Defensa, barreira ou "submarino";1;;;1;;;;;;;2;;1;;
17/11/2019;22:24:00;76;com vítima;11,4;BR-116/RJ;Sul;Atropelamento de Cachorro;2;;;;;;;;;;0;3;;;
17/11/2019;01:47:00;5;com vítima;76,3;BR-116/RJ;Sul;Atropelamento de Animal;1;;;;;;;;;;1;;;1;
17/11/2019;22:01:00;74;com vítima;85,7;BR-116/RJ;Norte;Choque - Defensa, barreira ou "submarino";;;;1;;;;;;;0;;1;;
17/11/2019;10:04:00;20;com vítima;95,1;BR-116/RJ;Norte;Queda de Moto;1;;;;;;;;;;9;1;;;
17/11/2019;13:18:00;36;sem vítima;95,8;BR-116/RJ;Sul;Saida de Pista;2;;;;;;;;;;4;;;;
17/11/2019;18:35:00;56;com vítima;102,3;BR-116/RJ;Sul;Colisão Lateral;1;;;;;;;;;;1;1;;;
17/11/2019;06:35:00;8;sem vítima;127,8;BR-116/RJ;Norte;Atropelamento - Pessoa;1;;;;;;;;;;1;;;;
18/11/2019;13:50:00;32;com vítima;26,8;BR-116/RJ;Norte;Saida de Pista;2;;;;;;;;;;1;1;;;
18/11/2019;18:40:00;50;com vítima;90,7;BR-116/RJ;Norte;Choque - Defensa, barreira ou "submarino";;;1;;;;;;;;0;1;;;
18/11/2019;19:49:00;60;sem vítima;93,8;BR-116/RJ;Sul;Choque - Defensa, barreira ou "submarino";1;;1;;;;;;;;2;;;;
18/11/2019;14:45:00;36;com vítima;95,15;BR-116/RJ;Sul;Queda de Moto;;;;1;;;;;;;0;1;1;;
18/11/2019;19:35:00;58;sem vítima;106,5;BR-116/RJ;Sul;Choque - Defensa, barreira ou "submarino";1;;;;;;;;;;1;;;;
18/11/2019;22:30:00;69;com vítima;127,7;BR-116/RJ;Norte;Atropelamento de Animal;1;;;;;;;;;;0;1;;;
18/11/2019;14:14:00;34;sem vítima;143,8;BR-116/RJ;Sul;Colisão Traseira;1;;;;;;;;;;1;;;;
18/11/2019;13:42:00;31;sem vítima;144;BR-116/RJ;Sul;Colisão Lateral;1;;;;;;;;;;1;;;;
19/11/2019;13:31:00;31;sem vítima;99,3;BR-116/RJ;Norte;Choque - Elemento de Drenagem;1;;;;;;;;;;1;;;;
20/11/2019;07:03:00;4;com vítima;120,3;BR-116/RJ;Sul;Colisão Traseira;2;;;;;;;;;;1;;2;;
21/11/2019;14:11:00;27;com vítima;57,85;BR-116/RJ;Norte;Saida de Pista;1;;;;;;;;;;0;1;;;
21/11/2019;03:23:00;3;com vítima;67,8;BR-116/RJ;Sul;Choque - Defensa, barreira ou "submarino";1;;;1;;;;;;;2;;1;;