data;horario;n_da_ocorrencia;tipo_de_ocorrencia;km;trecho;sentido;tipo_de_acidente;automovel;bicicleta;caminhao;moto;onibus;outros;tracao_animal;transporte_de_cargas_especiais;trator_maquinas;utilitarios;ilesos;levemente_feridos;moderadamente_feridos;gravemente_feridos;mortos
13/05/2020;07:09:00;6;com vítima;17,2;BR-116/RJ;Norte;Engavetamento;;;;1;;;;;;;0;1;;;
13/05/2020;19:24:00;41;com vítima;40,2;BR-116/RJ;Norte;Colisão Lateral;1;;1;;;;;;;2;0;4;;;
13/05/2020;06:14:00;3;com vítima;130,85;BR-116/RJ;Sul;Queda de Moto;1;;1;;;;;;;;1;1;;;
14/05/2020;13:46:00;24;com vítima;80,6;BR-116/RJ;Norte;Choque - Suporte de Sinalização;2;;;;;;;;;;1;1;;;
15/05/2020;16:55:00;28;sem vítima;27,7;BR-116/RJ;Norte;Saida de Pista;2;;;;;;;;;;2;;;;
15/05/2020;07:25:00;5;com vítima;35;BR-116/RJ;Sul;Saida de Pista;3;;;;;;;;;;0;6;;;
15/05/2020;13:18:00;22;sem vítima;59,9;BR-116/RJ;Sul;Capotamento;2;;;;;;;;;;2;;;;
15/05/2020;09:40:00;13;sem vítima;120,7;BR-116/RJ;Sul;Choque - Defensa, barreira ou "submarino";1;;;;;;;;;;1;;;;
15/05/2020;09:12:00;10;com vítima;120,9;BR-116/RJ;Sul;Colisão Traseira;1;;;;;;;;;;0;1;;;
15/05/2020;16:38:00;27;com vítima;129,3;BR-116/RJ;Sul;Capotamento;1;;;;;;;;;;0;1;;;
15/05/2020;06:48:00;4;com vítima;143,8;BR-116/RJ;Sul;Colisão Traseira;1;;;;;;;;;;0;1;;;
16/05/2020;18:52:00;25;sem vítima;37,9;BR-116/RJ;Sul;Colisão Lateral;;;1;;;;;;;;1;;;;
16/05/2020;05:21:00;6;com vítima;97,5;BR-116/RJ;Sul;Saida de Pista;1;;1;;;;;;;;0;1;1;;2
16/05/2020;22:16:00;29;sem vítima;125,05;BR-116/RJ;Norte;Atropelamento de Cachorro;1;;;;;;;;;;1;;;;
17/05/2020;12:15:00;14;com vítima;98,4;BR-116/RJ;Sul;Saida de Pista;1;;;;;;;;;;1;;1;;
17/05/2020;01:26:00;1;com vítima;140,6;BR-116/RJ;Norte;Atropelamento - Pessoa;1;;;;;;;;;;0;1;;;
18/05/2020;19:29:00;37;com vítima;99,5;BR-116/RJ;Norte;Colisão Lateral;1;;1;;;;;;;;1;1;;;
19/05/2020;03:40:00;3;com vítima;106,8;BR-116/RJ;Norte;Queda de Moto;;;;1;;;;;;;0;;1;;
20/05/2020;07:14:00;5;sem vítima;133,5;BR-116/RJ;Norte;Colisão Traseira;1;;1;;;;;;;;2;;;;
21/05/2020;06:33:00;6;com vítima;92,75;BR-116/RJ;Sul;Saida de Pista;;;1;;;;;;;;0;;1;;
22/05/2020;16:37:00;33;com vítima;142,5;BR-116/RJ;Norte;Engavetamento;;;;1;;;;;;;0;;1;;
22/05/2020;15:15:00;27;sem vítima;143,7;BR-116/RJ;Norte;Queda de Moto;1;;3;;;;;;;;4;;;;
23/05/2020;17:37:00;39;com vítima;77,9;BR-116/RJ;Sul;Colisão Lateral;;;;3;;;;;;;0;2;1;;
24/05/2020;06:14:00;6;com vítima;53,4;BR-116/RJ;Norte;Capotamento;1;;;;;;;;;;0;2;;;
24/05/2020;11:15:00;12;com vítima;86,3;BR-116/RJ;Sul;Saida de Pista;1;;;;;;;;;;0;1;;;
24/05/2020;10:46:00;10;com vítima;116,8;BR-116/RJ;Norte;Saida de Pista;1;;;;;;;;;;0;2;;;
24/05/2020;13:27:00;14;sem vítima;137,15;BR-116/RJ;Sul;Saida de Pista;1;;;;;;;;;;1;;;;
24/05/2020;22:16:00;34;com vítima;140,8;BR-116/RJ;Norte;Atropelamento de Animal;3;;;;;;;;;;3;3;;;
24/05/2020;22:16:00;35;sem vítima;140,8;BR-116/RJ;Norte;Atropelamento de Animal;1;;;;;;;;;;1;;;;
24/05/2020;17:54:00;26;sem vítima;143,5;BR-116/RJ;Sul;Engavetamento;1;;;;;;;;;;1;;;;
25/05/2020;05:20:00;3;sem vítima;140,5;BR-116/RJ;Norte;Atropelamento de Animal;1;;;;;;;;;;1;;;;
26/05/2020;18:06:00;37;sem vítima;107,3;BR-116/RJ;Norte;Colisão Lateral;2;;;;;;;;;;2;;;;
26/05/2020;23:12:00;52;com vítima;129,7;BR-116/RJ;Norte;Choque - Defensa, barreira ou "submarino";;;;1;;;;;;;0;;1;;
26/05/2020;09:18:00;14;com vítima;133,5;BR-116/RJ;Sul;Colisão Traseira;1;;;2;;;;;;;1;;2;1;
26/05/2020;17:51:00;36;sem vítima;143;BR-116/RJ;Norte;Queda de Moto;1;;;;;;;;;;1;;;;
27/05/2020;18:48:00;30;com vítima;81,5;BR-116/RJ;Norte;Atropelamento - Pessoa;1;;;;;;;;;;1;;1;;
28/05/2020;07:18:00;4;com vítima;13,3;BR-116/RJ;Norte;Tombamento;;;1;;;;;;;;0;;1;;
29/05/2020;23:01:00;42;com vítima;81,4;BR-116/RJ;Norte;Atropelamento - Pessoa;;;1;;;;;;;;0;;1;;
29/05/2020;21:40:00;39;com vítima;83,5;BR-116/RJ;Norte;Colisão Traseira;;;;1;;;;;;;0;;1;;
29/05/2020;17:53:00;29;sem vítima;133;BR-116/RJ;Sul;Saida de Pista;2;;;;;;;;;;6;;;;
29/05/2020;20:15:00;35;com vítima;144;BR-116/RJ;Norte;Saida de Pista;;;;1;;;;;;;0;;1;1;
30/05/2020;16:00:00;29;com vítima;32,1;BR-116/RJ;Sul;Queda de Moto;2;;;;;;;;;;2;1;;;
30/05/2020;20:38:00;41;com vítima;38,2;BR-116/RJ;Norte;Saida de Pista;1;;;1;;;;;;;1;;1;;
30/05/2020;01:00:00;2;com vítima;132;BR-116/RJ;Norte;Colisão Traseira;1;;;1;;;;;;;1;;2;;
30/05/2020;06:48:00;7;com vítima;140,9;BR-116/RJ;Sul;Colisão Lateral;;;;1;;;;;;;0;;1;;
30/05/2020;14:27:00;23;com vítima;143,5;BR-116/RJ;Sul;Colisão Lateral;1;;1;;;;;;;;0;2;;;
31/05/2020;14:02:00;16;com vítima;95,9;BR-116/RJ;Norte;Tombamento;;;1;;;;;;;;0;;;;1
01/04/2020;15:45:00;15;com vítima;82,8;BR-116/RJ;Sul;Colisão Lateral;2;;;;;;;;;;0;4;;;
02/04/2020;05:52:00;1;com vítima;143,7;BR-116/RJ;Sul;Colisão Traseira;1;;;1;;;;;;;1;;1;;
03/04/2020;16:32:00;26;com vítima;40,2;BR-116/RJ;Norte;Colisão Lateral;1;;;1;;;;;;;1;;1;;
06/04/2020;00:10:00;2;com vítima;127,1;BR-116/RJ;Norte;Colisão Lateral;1;;1;;;;;;;;0;2;1;;
06/04/2020;21:34:00;53;sem vítima;137;BR-116/RJ;Norte;Choque - Defensa, barreira ou "submarino";1;;;;;;;;;;2;;;;
06/04/2020;21:36:00;54;com vítima;73,95;BR-116/RJ;Norte;Capotamento;1;;;;;;;;;;0;3;;;
07/04/2020;16:55:00;32;sem vítima;122,7;BR-116/RJ;Sul;Colisão Lateral;1;;1;;;;;;;;2;;;;
08/04/2020;06:08:00;3;com vítima;132,5;BR-116/RJ;Sul;Colisão Frontal;1;;1;;;;;;;;1;1;;;
08/04/2020;06:19:00;5;com vítima;114,8;BR-116/RJ;Norte;Saida de Pista;1;;;;;;;;;;0;1;;;
08/04/2020;06:34:00;7;sem vítima;96;BR-116/RJ;Norte;Saida de Pista;1;;;;;;;;;;1;;;;
08/04/2020;07:30:00;9;sem vítima;69,2;BR-116/RJ;Norte;Saida de Pista;1;;;;;;;;;;1;;;;
08/04/2020;15:40:00;29;com vítima;122,8;BR-116/RJ;Norte;Queda de Moto;;;;1;;;;;;;0;;1;;
08/04/2020;16:46:00;33;com vítima;125,6;BR-116/RJ;Norte;Choque - Defensa, barreira ou "submarino";;;;;;;;;;1;0;1;;;
08/04/2020;16:54:00;34;com vítima;125,65;BR-116/RJ;Sul;Saida de Pista;1;;;;;;;;;;0;1;;;
09/04/2020;04:38:00;3;sem vítima;70,6;BR-116/RJ;Sul;Atropelamento de Cachorro;1;;;;;;;;;;1;;;;
09/04/2020;07:15:00;6;com vítima;6,3;BR-116/RJ;Sul;Saida de Pista;1;;1;;;;;;;;1;1;;;
09/04/2020;18:16:00;32;com vítima;139,2;BR-116/RJ;Norte;Atropelamento - Pessoa;1;;;;;;;;;;0;1;;1;
09/04/2020;19:02:00;37;com vítima;78,6;BR-116/RJ;Sul;Colisão Transversal;1;;;1;;;;;;;0;2;1;;
10/04/2020;06:29:00;10;com vítima;32,5;BR-116/RJ;Sul;Colisão Frontal;2;;;;;;;;;;0;3;;;
10/04/2020;17:32:00;30;sem vítima;126,5;BR-116/RJ;Norte;Saida de Pista;1;;;;;;;;;;1;;;;
10/04/2020;20:43:00;43;com vítima;46,7;BR-116/RJ;Norte;Saida de Pista;1;;;;;;;;;;0;;1;;
11/04/2020;03:20:00;4;com vítima;85,7;BR-116/RJ;Norte;Choque - Defensa, barreira ou "submarino";1;;;;;;;;;;0;2;;;
11/04/2020;10:31:00;10;sem vítima;23,5;BR-116/RJ;Sul;Saida de Pista;1;;;;;;;;;;1;;;;
11/04/2020;12:30:00;14;com vítima;81;BR-116/RJ;Norte;Choque - Defensa, barreira ou "submarino";1;;;;;;;;;;0;1;;;
11/04/2020;15:28:00;20;sem vítima;95,3;BR-116/RJ;Sul;Choque - Defensa, barreira ou "submarino";1;;;;;;;;;;1;;;;
11/04/2020;20:08:00;28;sem vítima;144;BR-116/RJ;Sul;Choque - Defensa, barreira ou "submarino";1;;;;;;;;;;2;;;;
11/04/2020;21:29:00;36;sem vítima;75,2;BR-116/RJ;Norte;Choque - Defensa, barreira ou "submarino";1;;;;;;;;;;1;;;;
14/04/2020;09:57:00;9;sem vítima;107,9;BR-116/RJ;Sul;Atropelamento de Cachorro;1;;;;;;;;;;1;;;;
15/04/2020;10:15:00;7;sem vítima;105,3;BR-116/RJ;Norte;Colisão Lateral;1;;1;;;;;;;;2;;;;
15/04/2020;19:39:00;30;com vítima;141,95;BR-116/RJ;Norte;Colisão Frontal;1;;;1;;;;;;;1;;1;;
16/04/2020;06:11:00;6;com vítima;121,9;BR-116/RJ;Sul;Saida de Pista;1;;;;;;;;;;0;1;;;
17/04/2020;12:48:00;23;com vítima;138;BR-116/RJ;Sul;Colisão Lateral;1;1;;;;;;;;;1;1;;;
17/04/2020;18:11:00;37;sem vítima;104,8;BR-116/RJ;Norte;Saida de Pista;1;;;;;;;;;;1;;;;
17/04/2020;19:12:00;40;com vítima;136,6;BR-116/RJ;Norte;Atropelamento de Animal;1;;;;;;;;;;0;;1;;
17/04/2020;20:04:00;42;com vítima;95,2;BR-116/RJ;Sul;Saida de Pista;1;;;;;;;;;;0;3;;;
18/04/2020;05:40:00;8;com vítima;122,5;BR-116/RJ;Norte;Saida de Pista;1;;;;;;;;;;0;;1;;
18/04/2020;18:40:00;29;com vítima;49,5;BR-116/RJ;Norte;Colisão Traseira;2;;;;;;;;;;1;1;;;
18/04/2020;19:12:00;32;com vítima;118,8;BR-116/RJ;Norte;Saida de Pista;1;;;;;;;;;;0;1;;;
18/04/2020;19:43:00;35;com vítima;101,5;BR-116/RJ;Norte;Colisão Frontal;2;;;;;;;;;;0;1;1;;
18/04/2020;22:27:00;40;com vítima;76,3;BR-116/RJ;Norte;Colisão Traseira;1;;;1;;;;;;;1;;1;;
19/04/2020;23:42:00;31;com vítima;130,02;BR-116/RJ;Sul;Queda de Moto;;;;1;;;;;;;0;;1;;
20/04/2020;08:06:00;10;com vítima;137,6;BR-116/RJ;Sul;Saida de Pista;1;;;;;;;;;;0;4;;;
20/04/2020;16:52:00;30;com vítima;129,6;BR-116/RJ;Norte;Saida de Pista;1;;;;;;;;;;0;;1;;
20/04/2020;21:57:00;42;sem vítima;114,5;BR-116/RJ;Norte;Colisão Traseira;1;;;;1;;;;;;2;;;;
22/04/2020;14:10:00;19;com vítima;134;BR-116/RJ;Norte;Queda de Moto;;;;2;;;;;;;1;2;;;
22/04/2020;17:55:00;32;com vítima;42;BR-116/RJ;Sul;Atropelamento - Pessoa;1;;;;;;;;;;1;1;;;
23/04/2020;17:47:00;21;com vítima;76,2;BR-116/RJ;Sul;Saida de Pista;1;;;;;;;;;;0;1;;;
23/04/2020;22:07:00;29;sem vítima;90,4;BR-116/RJ;Sul;Saida de Pista;1;;;;;;;;;;1;;;;
24/04/2020;13:09:00;27;com vítima;141,5;BR-116/RJ;Norte;Engavetamento;1;;2;;;;;;;;2;1;;;
25/04/2020;19:40:00;28;sem vítima;41,1;BR-116/RJ;Sul;Colisão Lateral;1;;1;;;;;;;;2;;;;
27/04/2020;06:21:00;4;sem vítima;122,6;BR-116/RJ;Norte;Colisão Traseira;1;;1;;;;;;;;2;;;;
28/04/2020;04:23:00;4;com vítima;106,6;BR-116/RJ;Norte;Saida de Pista;;;;;;;;;;1;0;;;1;
29/04/2020;14:25:00;24;com vítima;102,6;BR-116/RJ;Norte;Colisão Lateral;2;;;;;;;;;;1;1;;;
29/04/2020;16:20:00;29;com vítima;32,5;BR-116/RJ;Norte;Queda de Moto;;;;1;;;;;;;0;;1;;
30/04/2020;06:48:00;5;sem vítima;141,2;BR-116/RJ;Sul;Colisão Traseira;2;;;;;;;;;;2;;;;
30/04/2020;12:46:00;23;com vítima;137,4;BR-116/RJ;Sul;Queda de Moto;;;;1;;;;;;;0;;1;;
30/04/2020;18:23:00;35;com vítima;79,5;BR-116/RJ;Norte;Atropelamento - Pessoa;;;;1;;;;;;;0;1;1;;
01/02/2020;04:07:00;10;com vítima;78;BR-116/RJ;Norte;Atropelamento - Pessoa;1;;;;;;;;;;1;;1;;
01/02/2020;10:18:00;29;com vítima;90,7;BR-116/RJ;Sul;Saida de Pista;;;1;;;;;;;;0;;1;;
01/02/2020;17:51:00;62;sem vítima;95;BR-116/RJ;Sul;Saida de Pista;1;;;;;;;;;;1;;;;
02/02/2020;18:20:00;59;com vítima;75,2;BR-116/RJ;Norte;Choque - Defensa, barreira ou "submarino";;;;1;;;;;;;0;2;;;
02/02/2020;18:53:00;65;com vítima;94,1;BR-116/RJ;Norte;Choque - Defensa, barreira ou "submarino";;;;1;;;;;;;0;1;1;;
02/02/2020;20:10:00;73;sem vítima;95,8;BR-116/RJ;Sul;Colisão Frontal;1;;;;;;;;;;2;;;;
02/02/2020;21:42:00;77;sem vítima;107,7;BR-116/RJ;Norte;Colisão Traseira;1;;;;;;;;;;1;;;;
02/02/2020;05:42:00;9;sem vítima;127,8;BR-116/RJ;Norte;Queda de Moto;2;;;;;;;;;;2;;;;
02/02/2020;08:00:00;17;com vítima;140,07;BR-116/RJ;Norte;Queda de Moto;1;;;1;;;;;;;1;2;;;
03/02/2020;07:19:00;10;com vítima;90,6;BR-116/RJ;Norte;Colisão Traseira;1;;;1;;;;;;;1;;1;;
03/02/2020;08:05:00;12;com vítima;90,7;BR-116/RJ;Norte;Engavetamento;3;;;;;;;;;;0;3;;;
03/02/2020;11:51:00;25;sem vítima;122,8;BR-116/RJ;Norte;Colisão Traseira;;;;;1;;;;;1;2;;;;
04/02/2020;21:55:00;54;com vítima;19,9;BR-116/RJ;Sul;Saida de Pista;;;1;;;;;;;;0;3;;;
04/02/2020;22:00:00;53;sem vítima;85,5;BR-116/RJ;Norte;Choque - Defensa, barreira ou "submarino";;;1;;;;;;;;1;;;;
04/02/2020;22:38:00;58;com vítima;127;BR-116/RJ;Sul;Choque - Defensa, barreira ou "submarino";2;;;;;;;;;;4;1;1;;
04/02/2020;22:14:00;55;sem vítima;131;BR-116/RJ;Sul;Colisão Traseira;1;;;;;;;;;;1;;;;
05/02/2020;11:39:00;21;sem vítima;29,3;BR-116/RJ;Norte;Colisão Traseira;;;2;;;;;;;;4;;;;
05/02/2020;19:26:00;48;sem vítima;73,8;BR-116/RJ;Sul;Atropelamento - Pessoa;1;;;;;;;;;;1;;;;
05/02/2020;14:10:00;28;sem vítima;94;BR-116/RJ;Sul;Saida de Pista;1;;;;;;;;;;1;;;;
05/02/2020;15:52:00;34;com vítima;116,2;BR-116/RJ;Norte;Saida de Pista;2;;1;;;;;;;1;1;8;;;
05/02/2020;17:15:00;38;sem vítima;128,1;BR-116/RJ;Norte;Colisão Lateral;2;;;;;;;;;;2;;;;
05/02/2020;19:02:00;46;com vítima;141,1;BR-116/RJ;Norte;Colisão Traseira;1;;;;;;;;;;2;;;1;
06/02/2020;13:01:00;35;com vítima;68,6;BR-116/RJ;Sul;Colisão Traseira;;;;1;;;;;;;0;1;1;;
06/02/2020;08:47:00;14;com vítima;81,8;BR-116/RJ;Norte;Colisão Lateral;1;;1;;;;;;;;1;2;;;
06/02/2020;22:42:00;87;com vítima;99,3;BR-116/RJ;Norte;Saida de Pista;;;1;;;;;;;;0;1;;;
06/02/2020;22:07:00;85;sem vítima;100;BR-116/RJ;Norte;Colisão Lateral;2;;;;;;;;;;2;;;;
06/02/2020;06:31:00;6;com vítima;105,85;BR-116/RJ;Norte;Queda de Moto;1;;;;;;;;;;0;1;;;
06/02/2020;09:14:00;17;sem vítima;122,3;BR-116/RJ;Sul;Tombamento;1;;1;;;;;;;;2;;;;
06/02/2020;16:00:00;54;sem vítima;138;BR-116/RJ;Sul;Saida de Pista;;;1;;;;;;;;3;;;;
07/02/2020;10:40:00;19;com vítima;79,7;BR-116/RJ;Sul;Colisão Transversal;2;;;;;;;;;;1;1;;;
07/02/2020;14:58:00;34;sem vítima;85,9;BR-116/RJ;Sul;Choque - Defensa, barreira ou "submarino";1;;;;;;;;;;1;;;;
07/02/2020;21:11:00;68;com vítima;113,1;BR-116/RJ;Norte;Saida de Pista;1;;;;;;;;;;0;1;;;
08/02/2020;16:20:00;30;com vítima;106,3;BR-116/RJ;Norte;Saida de Pista;;;1;1;;;;;;;2;;;1;1
08/02/2020;14:00:00;24;sem vítima;142,25;BR-116/RJ;Sul;Colisão Traseira;1;;;;;;;;;;1;;;;
09/02/2020;00:25:00;2;com vítima;132,5;BR-116/RJ;Sul;Atropelamento - Pessoa;;;;;;1;;;;;1;;;1;
09/02/2020;20:23:00;67;com vítima;137,05;BR-116/RJ;Norte;Atropelamento - Pessoa;1;;;;;;;;;;0;;1;;
09/02/2020;16:19:00;55;com vítima;142,5;BR-116/RJ;Sul;Saida de Pista;;;;;;1;;;;;1;;;1;
10/02/2020;17:21:00;37;com vítima;13,7;BR-116/RJ;Norte;Capotamento;1;;;;;;;;;;0;;1;;
10/02/2020;16:25:00;39;com vítima;31,3;BR-116/RJ;Norte;Saida de Pista;;;2;;;;;;;;2;1;;;
10/02/2020;23:04:00;68;com vítima;74,9;BR-116/RJ;Norte;Saida de Pista;1;;;;;;;;;;0;1;;;
10/02/2020;23:23:00;69;com vítima;75,05;BR-116/RJ;Norte;Saida de Pista;1;;1;;;;;;;;1;1;;;
10/02/2020;12:48:00;30;sem vítima;101,9;BR-116/RJ;Sul;Colisão Traseira;;;1;;;;;;;1;2;;;;
10/02/2020;19:41:00;58;sem vítima;107,6;BR-116/RJ;Norte;Colisão Traseira;2;;;;;;;;;;2;;;;
10/02/2020;20:51:00;63;com vítima;125,5;BR-116/RJ;Norte;Colisão Traseira;1;;;;;;;;;;0;3;;;
10/02/2020;04:45:00;5;com vítima;138,2;BR-116/RJ;Sul;Saida de Pista;1;;;;;;;;;;0;1;;;
11/02/2020;19:45:00;44;sem vítima;70,1;BR-116/RJ;Norte;Colisão Lateral;;;1;;;;;;;;2;;;;
11/02/2020;00:50:00;4;sem vítima;86,7;BR-116/RJ;Norte;Choque - Defensa, barreira ou "submarino";1;;1;;;;;;;;2;;;;
11/02/2020;06:37:00;8;com vítima;135;BR-116/RJ;Sul;Colisão Lateral;;;1;;1;;;;;;1;1;;;
11/02/2020;17:05:00;36;com vítima;142,75;BR-116/RJ;Norte;Colisão Traseira;1;;;1;;;;;;;1;;1;;
12/02/2020;16:05:00;28;sem vítima;28;BR-116/RJ;Sul;Saida de Pista;1;;;;;;;;;;1;;;;
12/02/2020;10:05:00;11;com vítima;99,4;BR-116/RJ;Norte;Saida de Pista;1;;;;;;;;;;0;1;;;
13/02/2020;16:27:00;45;com vítima;99,4;BR-116/RJ;Sul;Choque - Defensa, barreira ou "submarino";1;;;;;;;;;;1;1;;;
14/02/2020;19:16:00;64;com vítima;128,2;BR-116/RJ;Sul;Atropelamento de Cachorro;;;;1;;;;;;;0;;1;;
14/02/2020;14:47:00;37;sem vítima;139,3;BR-116/RJ;Sul;Queda de Moto;1;;;;;;;;;;1;;;;
15/02/2020;04:26:00;12;sem vítima;144;BR-116/RJ;Sul;Colisão Lateral;1;;1;;;;;;;;2;;;;
16/02/2020;23:15:00;64;com vítima;3,6;BR-116/RJ;Sul;Saida de Pista;1;;;1;;;;;;;2;;1;;
16/02/2020;22:35:00;63;sem vítima;89,7;BR-116/RJ;Norte;Saida de Pista;1;;;;1;;;;;;2;;;;
16/02/2020;15:19:00;28;com vítima;91;BR-116/RJ;Sul;Colisão Lateral;1;;;;;;;;;;0;1;1;;
16/02/2020;19:35:00;51;com vítima;104,6;BR-116/RJ;Norte;Saida de Pista;2;;1;;;;;;;;0;3;;;
16/02/2020;00:22:00;1;com vítima;108,6;BR-116/RJ;Norte;Colisão Frontal;1;;;;;;;;;;0;1;;;
16/02/2020;23:44:00;66;com vítima;140;BR-116/RJ;Sul;Choque - Poste;1;;;;;;;;;;0;1;;;
17/02/2020;15:10:00;28;com vítima;93,5;BR-116/RJ;Sul;Colisão Traseira;1;;;;;;;;;;0;;1;;
17/02/2020;07:13:00;10;sem vítima;143;BR-116/RJ;Sul;Colisão Traseira;2;;;;;;;;;;2;;;;
17/02/2020;02:33:00;5;sem vítima;144;BR-116/RJ;Sul;Choque - Defensa, barreira ou "submarino";2;;;;;;;;;;6;;;;
18/02/2020;06:41:00;9;com vítima;137,5;BR-116/RJ;Sul;Engavetamento;;;1;;2;;;;;;3;;1;;
18/02/2020;08:16:00;15;sem vítima;143;BR-116/RJ;Sul;Engavetamento;2;;2;;;;;;;;4;;;;
20/02/2020;19:21:00;70;com vítima;70;BR-116/RJ;Norte;Colisão Lateral;;;1;;;;;;;;0;1;;;
20/02/2020;07:57:00;14;com vítima;79;BR-116/RJ;Norte;Colisão Lateral;1;;;;;;;;;;0;1;1;;1
20/02/2020;21:55:00;82;com vítima;80,2;BR-116/RJ;Sul;Colisão Transversal;;;;;;;;;;1;0;1;;;
20/02/2020;02:05:00;3;com vítima;94,3;BR-116/RJ;Norte;Tombamento;1;;;1;;;;;;;0;2;;;
20/02/2020;23:11:00;84;com vítima;109,4;BR-116/RJ;Norte;Atropelamento de Cachorro;1;;;1;;;;;;;0;2;;;
20/02/2020;04:10:00;7;com vítima;111,5;BR-116/RJ;Sul;Choque - Defensa, barreira ou "submarino";1;;;1;;;;;;;1;;1;;
20/02/2020;02:08:00;4;sem vítima;119,1;BR-116/RJ;Norte;Atropelamento de Animal;1;;;;;;;;;;1;;;;
22/02/2020;22:43:00;99;com vítima;66,6;BR-116/RJ;Norte;Colisão Lateral;1;;;;;;;;;;1;;;;1
22/02/2020;08:59:00;34;com vítima;93,5;BR-116/RJ;Sul;Engavetamento;3;;1;;;;;;;;1;3;;;
22/02/2020;10:10:00;39;sem vítima;93,5;BR-116/RJ;Sul;Colisão Lateral;;;1;1;;;;;;;2;;;;
22/02/2020;17:34:00;76;sem vítima;110,95;BR-116/RJ;Sul;Saida de Pista;1;;;;;;;;;;1;;;;
22/02/2020;03:40:00;13;com vítima;138;BR-116/RJ;Norte;Atropelamento - Pessoa;2;;;;;;;;;;0;12;;;
23/02/2020;13:00:00;29;sem vítima;33,9;BR-116/RJ;Sul;Choque - Defensa, barreira ou "submarino";1;;;;;;;;;;1;;;;
23/02/2020;00:23:00;2;sem vítima;132;BR-116/RJ;Norte;Atropelamento de Animal;1;;;;;;;;;;1;;;;
24/02/2020;03:24:00;5;com vítima;75,7;BR-116/RJ;Sul;Capotamento;1;;;;;;;;;;0;1;;;
24/02/2020;18:47:00;49;sem vítima;79,8;BR-116/RJ;Sul;Colisão Lateral;1;;;;;;;;;;1;;;;
24/02/2020;13:53:00;34;com vítima;81,9;BR-116/RJ;Sul;Saida de Pista;1;;;;;;;;;;0;1;;;
24/02/2020;04:16:00;6;sem vítima;122,2;BR-116/RJ;Sul;Choque - Defensa, barreira ou "submarino";1;;;;;;;;;;1;;;;
24/02/2020;14:35:00;35;com vítima;141,3;BR-116/RJ;Sul;Saida de Pista;1;;;1;;;;;;;1;;1;;
25/02/2020;16:53:00;46;com vítima;7,4;BR-116/RJ;Sul;Choque - Elemento de Drenagem;1;;;;;;;;;;0;1;;;
25/02/2020;06:28:00;16;com vítima;24,1;BR-116/RJ;Sul;Saida de Pista;1;;;;;;;;;;0;2;;;
25/02/2020;23:05:00;79;sem vítima;76,2;BR-116/RJ;Norte;Saida de Pista;2;;;;;;;;;;2;;;;
25/02/2020;05:55:00;12;com vítima;87,4;BR-116/RJ;Sul;Saida de Pista;1;;;;;;;;;;0;2;;;
25/02/2020;07:08:00;18;com vítima;122,4;BR-116/RJ;Sul;Colisão Traseira;1;;;;;;;;;;0;1;;;
25/02/2020;19:05:00;64;com vítima;139,9;BR-116/RJ;Sul;Choque - Defensa, barreira ou "submarino";1;;;;;;;;;;0;1;;;
26/02/2020;01:27:00;2;com vítima;93,3;BR-116/RJ;Sul;Saida de Pista;1;;;;;;;;;;1;1;;;
26/02/2020;16:22:00;45;com vítima;102,6;BR-116/RJ;Sul;Choque - Defensa, barreira ou "submarino";1;;;;;;;;;;0;1;;;
26/02/2020;12:49:00;31;com vítima;104,8;BR-116/RJ;Sul;Colisão Traseira;1;;;;;;;;;;0;1;;;
26/02/2020;11:52:00;25;sem vítima;122,7;BR-116/RJ;Sul;Colisão Traseira;2;;;;;;;;;;2;;;;
26/02/2020;07:59:00;13;com vítima;130,1;BR-116/RJ;Sul;Choque - Defensa, barreira ou "submarino";2;;;;;;;;;;1;1;;;
26/02/2020;02:10:00;3;com vítima;139,1;BR-116/RJ;Sul;Saida de Pista;;;;;;;;;;1;0;2;;;
27/02/2020;09:47:00;24;com vítima;33,9;BR-116/RJ;Sul;Choque - Defensa, barreira ou "submarino";2;;;;;;;;;;0;2;;;
27/02/2020;00:35:00;3;sem vítima;84,3;BR-116/RJ;Sul;Colisão Traseira;1;;;;;;;;;;1;;;;
27/02/2020;16:29:00;50;com vítima;134,95;BR-116/RJ;Norte;Colisão Lateral;1;;;;;;;;;;1;1;;;
27/02/2020;11:43:00;29;sem vítima;142;BR-116/RJ;Sul;Colisão Lateral;1;;;;1;;;;;;2;;;;
27/02/2020;00:38:00;4;com vítima;144;BR-116/RJ;Sul;Capotamento;1;1;;;;;;;;;1;;1;;
28/02/2020;12:58:00;19;sem vítima;95,8;BR-116/RJ;Sul;Saida de Pista;1;;;;;;;;;;1;;;;
28/02/2020;13:58:00;21;sem vítima;99,5;BR-116/RJ;Norte;Saida de Pista;1;;;;;;;;;;1;;;;
28/02/2020;16:14:00;34;com vítima;137,4;BR-116/RJ;Sul;Colisão Lateral;1;;;;1;;;;;;1;;1;;
01/08/2020;11:05:00;24;3 - Acidente com Vitima Sem Lesão;40;BR-116/RJ;Sul;Capotamento;1;;;;;;;;;;2;;;;
01/08/2020;19:01:00;48;3 - Acidente com Vitima Sem Lesão;79,3;BR-116/RJ;Sul;Colisão Traseira;2;;;;;;;;;;3;;;;
01/08/2020;00:17:00;3;3 - Acidente com Vitima Sem Lesão;87;BR-116/RJ;Norte;Saida de Pista;1;;;;;;;;;;1;;;;
01/08/2020;16:45:00;40;3 - Acidente com Vitima Sem Lesão;133,5;BR-116/RJ;Sul;Colisão Lateral;1;;;1;;;;;;;3;;;;
02/08/2020;12:05:00;25;2 - Acidente com Vitima;48;BR-116/RJ;Sul;Colisão Lateral;1;;;1;;;;;;;2;;1;;