data;horario;n_da_ocorrencia;tipo_de_ocorrencia;km;trecho;sentido;tipo_de_acidente;automovel;bicicleta;caminhao;moto;onibus;outros;tracao_animal;transporte_de_cargas_especiais;trator_maquinas;utilitarios;ilesos;levemente_feridos;moderadamente_feridos;gravemente_feridos;mortos
01/10/2020;14:55:00;35;3 - Acidente com Vitima Sem Lesão;143;BR-116/RJ;Norte;Colisão Lateral;2;;;;;;;;;;2;;;;
02/10/2020;22:46:00;76;3 - Acidente com Vitima Sem Lesão;105,7;BR-116/RJ;Sul;Choque - Defensa, barreira ou "submarino";1;;;;;;;;;;5;;;;
03/10/2020;23:33:00;69;3 - Acidente com Vitima Sem Lesão;42,8;BR-116/RJ;Norte;Saida de Pista;1;;;;;;;;;;3;;;;
03/10/2020;03:47:00;8;2 - Acidente com Vitima;126,1;BR-116/RJ;Norte;Capotamento;1;;;;;;;;;;0;;1;;
03/10/2020;22:01:00;64;2 - Acidente com Vitima;135,55;BR-116/RJ;Sul;Colisão Traseira;1;1;;;;1;;;;;5;;;2;
04/10/2020;17:00:00;30;3 - Acidente com Vitima Sem Lesão;88;BR-116/RJ;Sul;Saida de Pista;1;;;;;;;;;;2;;;;
04/10/2020;20:26:00;39;3 - Acidente com Vitima Sem Lesão;97,8;BR-116/RJ;Sul;Queda de vegetação c/ veículo;;;;;;;;;;1;7;;;;
04/10/2020;16:53:00;28;3 - Acidente com Vitima Sem Lesão;99,3;BR-116/RJ;Norte;Saida de Pista;1;;;;;;;;;;2;;;;
04/10/2020;22:08:00;44;2 - Acidente com Vitima;142,3;BR-116/RJ;Sul;Choque - Defensa, barreira ou "submarino";1;;;;;;;;;;0;;;1;
05/10/2020;15:09:00;38;3 - Acidente com Vitima Sem Lesão;22,4;BR-116/RJ;Sul;Tombamento;;;1;;;;;;;;1;;;;
05/10/2020;09:00:00;20;3 - Acidente com Vitima Sem Lesão;114;BR-116/RJ;Sul;Colisão Lateral;1;;;1;;;;;;;2;;;;
05/10/2020;08:40:00;17;3 - Acidente com Vitima Sem Lesão;141,4;BR-116/RJ;Sul;Choque - Defensa, barreira ou "submarino";1;;;;;;;;;;1;;;;
06/10/2020;17:11:00;52;2 - Acidente com Vitima;54,05;BR-116/RJ;Sul;Queda de Moto;;;;1;;;;;;;0;;2;;
06/10/2020;12:26:00;34;3 - Acidente com Vitima Sem Lesão;86,1;BR-116/RJ;Norte;Saida de Pista;;;1;;;;;;;;1;;;;
06/10/2020;21:41:00;67;2 - Acidente com Vitima;96,5;BR-116/RJ;Sul;Saida de Pista;1;;;;;;;;;;0;1;;;
06/10/2020;09:55:00;19;3 - Acidente com Vitima Sem Lesão;108,4;BR-116/RJ;Norte;Saida de Pista;1;;;;;;;;;1;2;;;;
06/10/2020;05:30:00;5;3 - Acidente com Vitima Sem Lesão;137,7;BR-116/RJ;Sul;Colisão Lateral;1;;1;;;;;;;;2;;;;
07/10/2020;10:15:00;17;2 - Acidente com Vitima;75,3;BR-116/RJ;Sul;Queda de Moto;;;;1;;;;;;;0;;2;;
07/10/2020;07:11:00;6;2 - Acidente com Vitima;101,8;BR-116/RJ;Sul;Colisão Lateral;1;1;;;;;;;;;1;;;1;
07/10/2020;15:10:00;40;3 - Acidente com Vitima Sem Lesão;110;BR-116/RJ;Norte;Saida de Pista;1;;;;;;;;1;;3;;;;
08/10/2020;22:05:00;51;3 - Acidente com Vitima Sem Lesão;24,05;BR-116/RJ;Sul;Tombamento;;;1;;;;;;;;1;;;;
08/10/2020;00:48:00;1;3 - Acidente com Vitima Sem Lesão;97,6;BR-116/RJ;Norte;Colisão Lateral;1;;1;;;;;;;;2;;;;
08/10/2020;12:24:00;24;3 - Acidente com Vitima Sem Lesão;99;BR-116/RJ;Norte;Colisão Lateral;2;;;;;;;;;;2;;;;
08/10/2020;22:04:00;50;3 - Acidente com Vitima Sem Lesão;101,4;BR-116/RJ;Sul;Tombamento;;;1;;;;;;;;2;;;;
08/10/2020;12:15:00;23;3 - Acidente com Vitima Sem Lesão;131;BR-116/RJ;Sul;Engavetamento;3;;;;;;;;;;5;;;;
09/10/2020;18:00:00;51;3 - Acidente com Vitima Sem Lesão;42,9;BR-116/RJ;Sul;Capotamento;1;;;;;;;;;;1;;;;
09/10/2020;14:05:00;37;2 - Acidente com Vitima;66,3;BR-116/RJ;Sul;Saida de Pista;1;;;;;;;;;;1;;1;;
09/10/2020;13:50:00;35;3 - Acidente com Vitima Sem Lesão;68;BR-116/RJ;Sul;Colisão Traseira;2;;;;;;;;;;2;;;;
09/10/2020;15:05:00;40;3 - Acidente com Vitima Sem Lesão;86;BR-116/RJ;Sul;Saida de Pista;1;;;;;;;;;;2;;;;
09/10/2020;07:37:00;14;2 - Acidente com Vitima;139,6;BR-116/RJ;Sul;Colisão Traseira;1;;;1;;;;;;;1;;1;;
10/10/2020;01:19:00;4;3 - Acidente com Vitima Sem Lesão;58,7;BR-116/RJ;Norte;Saida de Pista;1;;;;;;;;;;1;;;;
10/10/2020;13:19:00;37;2 - Acidente com Vitima;63,1;BR-116/RJ;Norte;Tombamento;1;;1;;;;;;;;4;;1;;
10/10/2020;15:06:00;43;3 - Acidente com Vitima Sem Lesão;86,2;BR-116/RJ;Norte;Saida de Pista;1;;;;;;;;;;1;;;;
10/10/2020;14:25:00;41;3 - Acidente com Vitima Sem Lesão;95,7;BR-116/RJ;Norte;Colisão Frontal;2;;;;;;;;;;2;;;;
10/10/2020;14:23:00;40;2 - Acidente com Vitima;129,25;BR-116/RJ;Norte;Colisão Traseira;2;;;1;;;;;;;5;;;1;
11/10/2020;14:15:00;28;2 - Acidente com Vitima;17,05;BR-116/RJ;Sul;Capotamento;1;;;;;;;;;;0;;;1;
11/10/2020;00:18:00;3;3 - Acidente com Vitima Sem Lesão;95,1;BR-116/RJ;Norte;Choque - Defensa, barreira ou "submarino";1;;;;;;;;;;1;;;;
11/10/2020;11:30:00;18;2 - Acidente com Vitima;143,25;BR-116/RJ;Sul;Colisão Traseira;;1;;1;;;;;;;1;;1;;
12/10/2020;22:54:00;83;3 - Acidente com Vitima Sem Lesão;73,75;BR-116/RJ;Sul;Atropelamento de Animal;1;;;;;;;;;;1;;;;
12/10/2020;18:28:00;56;3 - Acidente com Vitima Sem Lesão;105,8;BR-116/RJ;Norte;Colisão Traseira;2;;;;;;;;;;3;;;;
12/10/2020;19:13:00;63;2 - Acidente com Vitima;106,2;BR-116/RJ;Sul;Colisão Lateral;1;;;1;;;;;;;1;;1;;
12/10/2020;16:25:00;39;2 - Acidente com Vitima;143,8;BR-116/RJ;Sul;Engavetamento;4;;;;;;;;;;5;1;1;;
13/10/2020;06:46:00;6;3 - Acidente com Vitima Sem Lesão;143;BR-116/RJ;Sul;Engavetamento;6;;;;;;;;;;6;;;;
15/10/2020;08:25:00;8;2 - Acidente com Vitima;6;BR-116/RJ;Sul;Queda de Moto;;;;1;;;;;;;0;;2;;
15/10/2020;15:05:00;32;2 - Acidente com Vitima;40;BR-116/RJ;Sul;Colisão Transversal;2;;1;;;;;;;;3;;;1;
15/10/2020;16:43:00;35;3 - Acidente com Vitima Sem Lesão;75,2;BR-116/RJ;Norte;Capotamento;1;;;;;;;;;;1;;;;
15/10/2020;16:52:00;38;3 - Acidente com Vitima Sem Lesão;75,25;BR-116/RJ;Norte;Colisão Lateral;1;;;;1;;;;;;2;;;;
15/10/2020;06:00:00;2;2 - Acidente com Vitima;86,9;BR-116/RJ;Sul;Colisão Lateral;2;;1;;;;;;;;4;;3;;
15/10/2020;16:09:00;33;3 - Acidente com Vitima Sem Lesão;95,05;BR-116/RJ;Norte;Saida de Pista;1;;;;;;;;;;1;;;;
15/10/2020;09:03:00;12;2 - Acidente com Vitima;98;BR-116/RJ;Sul;Choque - Defensa, barreira ou "submarino";1;;;;;;;;;;0;;1;;
15/10/2020;09:40:00;16;2 - Acidente com Vitima;143,6;BR-116/RJ;Sul;Colisão Lateral;1;;;1;;;;;;;2;;1;;
15/10/2020;08:49:00;11;2 - Acidente com Vitima;143,8;BR-116/RJ;Sul;Colisão Lateral;1;;2;;;;;;;;3;;1;;
16/10/2020;00:25:00;1;2 - Acidente com Vitima;80,5;BR-116/RJ;Sul;Capotamento;1;;;;;;;;;;2;;1;;
16/10/2020;16:00:00;33;3 - Acidente com Vitima Sem Lesão;94,8;BR-116/RJ;Sul;Saida de Pista;1;;;;;;;;;;1;;;;
16/10/2020;15:35:00;32;3 - Acidente com Vitima Sem Lesão;99;BR-116/RJ;Norte;Choque - Elemento de Drenagem;1;;;;;;;;;;1;;;;
17/10/2020;05:56:00;7;2 - Acidente com Vitima;6,5;BR-116/RJ;Sul;Engavetamento;;;1;1;;;;;;;1;1;;;
17/10/2020;12:38:00;27;3 - Acidente com Vitima Sem Lesão;92;BR-116/RJ;Norte;Saida de Pista;;;1;;;;;;;;1;;;;
17/10/2020;11:50:00;25;3 - Acidente com Vitima Sem Lesão;104,2;BR-116/RJ;Norte;Colisão Lateral;1;;1;;;;;;;;2;;;;
18/10/2020;04:57:00;8;2 - Acidente com Vitima;39,7;BR-116/RJ;Sul;Queda de Moto;;;;1;;;;;;;0;;1;;
18/10/2020;00:42:00;2;2 - Acidente com Vitima;52,9;BR-116/RJ;Norte;Queda de Moto;;;;1;;;;;;;0;;1;1;
18/10/2020;18:49:00;40;3 - Acidente com Vitima Sem Lesão;136,4;BR-116/RJ;Sul;Saida de Pista;1;;;;;;;;;;1;;;;
18/10/2020;04:27:00;6;3 - Acidente com Vitima Sem Lesão;143,4;BR-116/RJ;Sul;Colisão Traseira;2;;;;;;;;;;4;;;;
19/10/2020;22:53:00;58;2 - Acidente com Vitima;38,5;BR-116/RJ;Sul;Queda de Moto;;;;1;;;;;;;0;;1;;
19/10/2020;20:40:00;53;2 - Acidente com Vitima;141,4;BR-116/RJ;Norte;Queda de Moto;;;;1;;;;;;;0;;1;;
20/10/2020;12:00:00;18;2 - Acidente com Vitima;17,6;BR-116/RJ;Sul;Saida de Pista;1;;;;;;;;;;1;;1;;
20/10/2020;15:20:00;26;3 - Acidente com Vitima Sem Lesão;89,1;BR-116/RJ;Norte;Colisão Traseira;1;;1;;;;;;;;2;;;;
20/10/2020;18:50:00;36;2 - Acidente com Vitima;139,2;BR-116/RJ;Norte;Atropelamento - Pessoa;;1;;1;;;;;;;1;;;1;
21/10/2020;16:30:00;42;1 - Acidente com Vitima Fatal;34,1;BR-116/RJ;Sul;Colisão Frontal;1;;;1;;;;;;;1;;;;1
21/10/2020;17:33:00;46;3 - Acidente com Vitima Sem Lesão;65,9;BR-116/RJ;Norte;Colisão Frontal;1;;;1;;;;;;;2;;;;
21/10/2020;08:44:00;14;3 - Acidente com Vitima Sem Lesão;132,8;BR-116/RJ;Norte;Choque - Veiculo parado no acostamento;1;;1;;;;;;;;2;;;;
21/10/2020;06:51:00;6;3 - Acidente com Vitima Sem Lesão;143,4;BR-116/RJ;Sul;Engavetamento;3;;;;;;;;;;3;;;;
22/10/2020;17:25:00;49;2 - Acidente com Vitima;78,95;BR-116/RJ;Sul;Colisão Transversal;;;1;1;;;;;;;1;;1;;
22/10/2020;07:52:00;4;3 - Acidente com Vitima Sem Lesão;117,5;BR-116/RJ;Sul;Saida de Pista;1;;;;;;;;;;1;;;;
22/10/2020;12:52:00;30;2 - Acidente com Vitima;130,8;BR-116/RJ;Sul;Colisão Traseira;1;;;1;;;;;;;1;;;1;
23/10/2020;23:29:00;67;3 - Acidente com Vitima Sem Lesão;72,05;BR-116/RJ;Sul;Saida de Pista;1;;;;;;;;;;1;;;;
24/10/2020;17:40:00;42;3 - Acidente com Vitima Sem Lesão;20;BR-116/RJ;Sul;Saida de Pista;1;;;;;;;;;;4;;;;
24/10/2020;14:15:00;34;3 - Acidente com Vitima Sem Lesão;27,5;BR-116/RJ;Norte;Saida de Pista;1;;;;;;;;;;1;;;;
24/10/2020;02:00:00;2;3 - Acidente com Vitima Sem Lesão;30;BR-116/RJ;Norte;Capotamento;1;;;;;;;;;;1;;;;
24/10/2020;23:05:00;60;3 - Acidente com Vitima Sem Lesão;104,5;BR-116/RJ;Norte;Choque - Defensa, barreira ou "submarino";1;;;;;;;;;;1;;;;
24/10/2020;16:11:00;41;3 - Acidente com Vitima Sem Lesão;125;BR-116/RJ;Norte;Capotamento;1;;;;;;;;;;2;;;;
24/10/2020;19:58:00;51;2 - Acidente com Vitima;130,8;BR-116/RJ;Norte;Saida de Pista;1;;;;;;;;;;0;;1;;
25/10/2020;15:50:00;56;3 - Acidente com Vitima Sem Lesão;26;BR-116/RJ;Sul;Saida de Pista;1;;;;;;;;;;1;;;;
25/10/2020;16:34:00;48;3 - Acidente com Vitima Sem Lesão;29;BR-116/RJ;Sul;Colisão Traseira;2;;;;;;;;;;6;;;;
25/10/2020;06:00:00;14;3 - Acidente com Vitima Sem Lesão;87,7;BR-116/RJ;Norte;Capotamento;1;;;;;;;;;;2;;;;
25/10/2020;06:54:00;15;3 - Acidente com Vitima Sem Lesão;93,5;BR-116/RJ;Norte;Saida de Pista;1;;;;;;;;;;1;;;;
25/10/2020;00:16:00;3;3 - Acidente com Vitima Sem Lesão;95,1;BR-116/RJ;Norte;Choque - Defensa, barreira ou "submarino";1;;;;;;;;;;1;;;;
25/10/2020;07:25:00;16;3 - Acidente com Vitima Sem Lesão;96,8;BR-116/RJ;Sul;Saida de Pista;1;;;;;;;;;;1;;;;
25/10/2020;13:25:00;36;3 - Acidente com Vitima Sem Lesão;98,7;BR-116/RJ;Sul;Saida de Pista;1;;;;;;;;;;1;;;;
25/10/2020;23:55:00;75;2 - Acidente com Vitima;106,8;BR-116/RJ;Sul;Atropelamento - Pessoa;;;;1;;;;;;;1;;1;;
25/10/2020;05:18:00;13;3 - Acidente com Vitima Sem Lesão;110;BR-116/RJ;Norte;Saida de Pista;1;;;;;;;;;;1;;;;
25/10/2020;01:45:00;9;2 - Acidente com Vitima;125,6;BR-116/RJ;Sul;Capotamento;1;;;;;;;;;;4;;1;;
26/10/2020;19:00:00;52;3 - Acidente com Vitima Sem Lesão;73,7;BR-116/RJ;Norte;Colisão Traseira;2;;;;;;;;;;2;;;;
26/10/2020;06:45:00;8;2 - Acidente com Vitima;82,9;BR-116/RJ;Norte;Choque - Defensa, barreira ou "submarino";1;;;;;;;;;;0;;1;;
26/10/2020;17:05:00;46;3 - Acidente com Vitima Sem Lesão;86;BR-116/RJ;Sul;Saida de Pista;1;;;;;;;;;;1;;;;
26/10/2020;13:44:00;37;3 - Acidente com Vitima Sem Lesão;94,1;BR-116/RJ;Sul;Colisão Lateral;2;;1;;;;;;;;6;;;;
26/10/2020;06:33:00;7;2 - Acidente com Vitima;95;BR-116/RJ;Sul;Colisão Lateral;1;;;;;;;;;1;2;;1;;
26/10/2020;15:32:00;42;3 - Acidente com Vitima Sem Lesão;98,5;BR-116/RJ;Sul;Saida de Pista;1;;;;;;;;;;1;;;;
26/10/2020;08:17:00;14;3 - Acidente com Vitima Sem Lesão;143,5;BR-116/RJ;Sul;Colisão Traseira;1;;;;1;;;;;;2;;;;
27/10/2020;07:11:00;9;3 - Acidente com Vitima Sem Lesão;143,8;BR-116/RJ;Sul;Colisão Traseira;2;;;;;;;;;;2;;;;
28/10/2020;11:00:00;10;3 - Acidente com Vitima Sem Lesão;122,5;BR-116/RJ;Sul;Saida de Pista;1;;;;;;;;;;1;;;;
28/10/2020;12:37:00;14;3 - Acidente com Vitima Sem Lesão;123,2;BR-116/RJ;Norte;Colisão Lateral;2;;;;;;;;;;3;;;;
28/10/2020;09:37:00;7;3 - Acidente com Vitima Sem Lesão;133,5;BR-116/RJ;Norte;Choque - Outros;1;;;;;;;;;;1;;;;
29/10/2020;07:26:00;11;3 - Acidente com Vitima Sem Lesão;35,1;BR-116/RJ;Norte;Tombamento;;;1;;;;;;;;1;;;;
29/10/2020;15:27:00;41;2 - Acidente com Vitima;95,05;BR-116/RJ;Norte;Queda de Moto;;;;1;;;;;;;1;;1;;
29/10/2020;04:00:00;6;2 - Acidente com Vitima;135;BR-116/RJ;Sul;Atropelamento de Cachorro;;;;1;;;;;;;1;;1;;
30/10/2020;03:33:00;3;3 - Acidente com Vitima Sem Lesão;38,8;BR-116/RJ;Norte;Saida de Pista;1;;;;;;;;;;2;;;;
30/10/2020;18:16:00;40;3 - Acidente com Vitima Sem Lesão;76,4;BR-116/RJ;Sul;Engavetamento;3;;;;;;;;;;3;;;;
30/10/2020;15:20:00;31;2 - Acidente com Vitima;84,1;BR-116/RJ;Norte;Colisão Traseira;1;;;;1;;;;;;2;;2;;
30/10/2020;10:34:00;18;3 - Acidente com Vitima Sem Lesão;122;BR-116/RJ;Sul;Saida de Pista;1;;;;;;;;;;1;;;;
31/10/2020;11:00:00;24;3 - Acidente com Vitima Sem Lesão;29,95;BR-116/RJ;Norte;Colisão Traseira;1;;;;;;;;;1;2;;;;
31/10/2020;17:58:00;43;2 - Acidente com Vitima;95,1;BR-116/RJ;Norte;Colisão Frontal;2;;;;;;;;;;0;1;6;;
31/10/2020;12:22:00;27;3 - Acidente com Vitima Sem Lesão;96;BR-116/RJ;Norte;Saida de Pista;1;;;;;;;;;;1;;;;
31/10/2020;17:00:00;39;3 - Acidente com Vitima Sem Lesão;96,3;BR-116/RJ;Sul;Saida de Pista;1;;;;;;;;;;1;;;;
31/10/2020;20:24:00;50;3 - Acidente com Vitima Sem Lesão;118,8;BR-116/RJ;Sul;Saida de Pista;1;;;;;;;;;;1;;;;
31/10/2020;23:52:00;55;3 - Acidente com Vitima Sem Lesão;125,5;BR-116/RJ;Norte;Choque - Defensa, barreira ou "submarino";1;;;;;;;;;;2;;;;
31/10/2020;01:07:00;6;2 - Acidente com Vitima;140,4;BR-116/RJ;Norte;Saida de Pista;1;;;;;;;;;;0;;1;;
01/11/2020;08:53:00;12;3 - Acidente com Vitima Sem Lesão;69,5;BR-116/RJ;Sul;Saida de Pista;1;;;;;;;;;;1;;;;
01/11/2020;00:25:00;2;3 - Acidente com Vitima Sem Lesão;80,5;BR-116/RJ;Norte;Colisão Lateral;2;;;;;;;;;;2;;;;
02/11/2020;08:30:00;9;3 - Acidente com Vitima Sem Lesão;60;BR-116/RJ;Norte;Saida de Pista;1;;;;;;;;;;1;;;;
02/11/2020;21:50:00;54;2 - Acidente com Vitima;73,8;BR-116/RJ;Norte;Colisão Lateral;;;;2;;;;;;;1;;1;;
02/11/2020;07:04:00;7;2 - Acidente com Vitima;98,3;BR-116/RJ;Norte;Colisão Frontal;2;;;;;;;;;;2;;1;;
02/11/2020;23:20:00;56;3 - Acidente com Vitima Sem Lesão;127,2;BR-116/RJ;Norte;Saida de Pista;1;;;;;;;;;;1;;;;
03/11/2020;17:25:00;32;2 - Acidente com Vitima;96,7;BR-116/RJ;Norte;Queda de Moto;1;;;1;;;;;;;1;;2;;
03/11/2020;06:48:00;6;3 - Acidente com Vitima Sem Lesão;133,5;BR-116/RJ;Sul;Colisão Traseira;1;;;;1;;;;;;2;;;;
03/11/2020;10:56:00;14;2 - Acidente com Vitima;139,95;BR-116/RJ;Norte;Engavetamento;2;;;;;;;;;1;4;;1;;
03/11/2020;12:39:00;28;3 - Acidente com Vitima Sem Lesão;140;BR-116/RJ;Norte;Colisão Lateral;1;;1;;;;;;;;2;;;;
04/11/2020;06:35:00;6;3 - Acidente com Vitima Sem Lesão;128,05;BR-116/RJ;Sul;Colisão Lateral;1;;1;;;;;;;;2;;;;
04/11/2020;14:00:00;30;3 - Acidente com Vitima Sem Lesão;133,6;BR-116/RJ;Norte;Choque - Defensa, barreira ou "submarino";1;;;;;;;;;;1;;;;
05/11/2020;10:21:00;21;2 - Acidente com Vitima;144;BR-116/RJ;Sul;Saida de Pista;1;;;;;;;;;;0;1;;;
06/11/2020;07:16:00;6;2 - Acidente com Vitima;18;BR-116/RJ;Sul;Colisão Frontal;2;;;;;;;;;;0;1;2;;
06/11/2020;04:48:00;1;3 - Acidente com Vitima Sem Lesão;60,8;BR-116/RJ;Norte;Saida de Pista;;;;;;;;;;1;3;;;;
07/11/2020;05:29:00;4;3 - Acidente com Vitima Sem Lesão;59,9;BR-116/RJ;Sul;Saida de Pista;1;;;;;;;;;;4;;;;
07/11/2020;11:05:00;27;2 - Acidente com Vitima;78,3;BR-116/RJ;Norte;Colisão Lateral;1;;;1;;;;;;;1;;1;;
07/11/2020;20:57:00;66;3 - Acidente com Vitima Sem Lesão;142,6;BR-116/RJ;Norte;Saida de Pista;1;;;;;;;;;;1;;;;
08/11/2020;15:02:00;32;3 - Acidente com Vitima Sem Lesão;70,1;BR-116/RJ;Sul;Saida de Pista;1;;;;;;;;;;1;;;;
08/11/2020;01:44:00;1;3 - Acidente com Vitima Sem Lesão;78,5;BR-116/RJ;Sul;Colisão Lateral;2;;;;;;;;;;2;;;;
08/11/2020;22:39:00;54;2 - Acidente com Vitima;128,4;BR-116/RJ;Norte;Colisão Traseira;2;;;;;;;;;;3;;1;;
08/11/2020;17:20:00;41;3 - Acidente com Vitima Sem Lesão;130,65;BR-116/RJ;Sul;Engavetamento;3;;;;;;;;;;3;;;;
09/11/2020;18:30:00;43;3 - Acidente com Vitima Sem Lesão;40,2;BR-116/RJ;Sul;Colisão Lateral;2;;;;;;;;;;4;;;;
09/11/2020;08:35:00;12;3 - Acidente com Vitima Sem Lesão;90,6;BR-116/RJ;Sul;Colisão Traseira;2;;;;;;;;;;2;;;;
10/11/2020;09:25:00;14;2 - Acidente com Vitima;17,8;BR-116/RJ;Sul;Queda de Moto;;;;1;;;;;;;0;;2;;
10/11/2020;09:06:00;13;3 - Acidente com Vitima Sem Lesão;18;BR-116/RJ;Sul;Saida de Pista;1;;;;;;;;;;1;;;;
10/11/2020;12:09:00;21;3 - Acidente com Vitima Sem Lesão;129,8;BR-116/RJ;Norte;Saida de Pista;1;;1;;;;;;;;2;;;;
11/11/2020;14:56:00;35;3 - Acidente com Vitima Sem Lesão;98,3;BR-116/RJ;Norte;Saida de Pista;1;;;;;;;;;;1;;;;
11/11/2020;14:45:00;34;3 - Acidente com Vitima Sem Lesão;99,9;BR-116/RJ;Norte;Queda de Moto;;;;1;;;;;;;1;;;;
11/11/2020;03:04:00;3;3 - Acidente com Vitima Sem Lesão;121,05;BR-116/RJ;Sul;Saida de Pista;;;1;;;;;;;;1;;;;
11/11/2020;21:29:00;51;2 - Acidente com Vitima;121,9;BR-116/RJ;Sul;Saida de Pista;1;;;;;;;;;;0;;1;;
11/11/2020;18:43:00;45;2 - Acidente com Vitima;132,5;BR-116/RJ;Sul;Choque - Suporte de Sinalização;1;;;;;;;;;;0;;1;;
11/11/2020;20:05:00;50;3 - Acidente com Vitima Sem Lesão;143,6;BR-116/RJ;Sul;Engavetamento;1;;;;;1;;;;1;3;;;;
12/11/2020;16:30:00;34;3 - Acidente com Vitima Sem Lesão;25,15;BR-116/RJ;Sul;Saida de Pista;1;;;;;;;;;;1;;;;
12/11/2020;15:45:00;32;3 - Acidente com Vitima Sem Lesão;28,2;BR-116/RJ;Sul;Saida de Pista;1;;;;;;;;;;1;;;;
12/11/2020;18:23:00;43;3 - Acidente com Vitima Sem Lesão;74,6;BR-116/RJ;Norte;Saida de Pista;1;;;;;;;;;;1;;;;
12/11/2020;12:08:00;20;3 - Acidente com Vitima Sem Lesão;92,4;BR-116/RJ;Norte;Colisão Traseira;2;;;;;;;;;;2;;;;
12/11/2020;05:59:00;6;2 - Acidente com Vitima;102,7;BR-116/RJ;Sul;Colisão Lateral;1;;1;;;;;;;;1;;4;;
12/11/2020;01:19:00;1;3 - Acidente com Vitima Sem Lesão;107,6;BR-116/RJ;Norte;Choque - Defensa, barreira ou "submarino";1;;1;;;;;;;;2;;;;
12/11/2020;15:31:00;33;3 - Acidente com Vitima Sem Lesão;129,7;BR-116/RJ;Norte;Atropelamento de Cachorro;1;;;;;;;;;;1;;;;
13/11/2020;12:09:00;23;3 - Acidente com Vitima Sem Lesão;28,1;BR-116/RJ;Norte;Choque - Defensa, barreira ou "submarino";1;;;;;;;;;;3;;;;
13/11/2020;18:52:00;40;2 - Acidente com Vitima;77,3;BR-116/RJ;Norte;Atropelamento - Pessoa;1;;;;;;;;;;1;;1;;
13/11/2020;21:47:00;50;2 - Acidente com Vitima;106,5;BR-116/RJ;Norte;Colisão Lateral;;;;2;;;;;;;0;;1;1;
14/11/2020;06:10:00;5;3 - Acidente com Vitima Sem Lesão;99,6;BR-116/RJ;Norte;Saida de Pista;1;;;;;;;;;;1;;;;
14/11/2020;06:10:00;6;3 - Acidente com Vitima Sem Lesão;99,6;BR-116/RJ;Norte;Queda de Moto;;;;1;;;;;;;1;;;;
14/11/2020;12:35:00;18;3 - Acidente com Vitima Sem Lesão;104,7;BR-116/RJ;Norte;Colisão Traseira;2;;;;;;;;;;2;;;;
14/11/2020;17:28:00;35;2 - Acidente com Vitima;107,05;BR-116/RJ;Sul;Colisão Lateral;2;;;;;;;;;;1;;1;;
15/11/2020;08:03:00;16;2 - Acidente com Vitima;74,05;BR-116/RJ;Norte;Colisão Traseira;1;;;;;;;;;1;2;1;;;
15/11/2020;01:08:00;2;2 - Acidente com Vitima;93;BR-116/RJ;Sul;Queda de Moto;;;;1;;;;;;;0;;1;;
15/11/2020;01:54:00;5;3 - Acidente com Vitima Sem Lesão;96,8;BR-116/RJ;Norte;Saida de Pista;1;;;;;;;;;;1;;;;
15/11/2020;13:50:00;40;2 - Acidente com Vitima;122;BR-116/RJ;Sul;Saida de Pista;1;;;;;;;;;;1;1;;;
15/11/2020;05:22:00;11;3 - Acidente com Vitima Sem Lesão;127,2;BR-116/RJ;Sul;Saida de Pista;1;;;;;;;;;;1;;;;
16/11/2020;12:04:00;27;3 - Acidente com Vitima Sem Lesão;26,3;BR-116/RJ;Sul;Tombamento;;;1;;;;;;;;1;;;;
16/11/2020;00:01:00;1;3 - Acidente com Vitima Sem Lesão;59,9;BR-116/RJ;Norte;Saida de Pista;1;;;;;;;;;;1;;;;
16/11/2020;11:20:00;39;3 - Acidente com Vitima Sem Lesão;112,3;BR-116/RJ;Sul;Choque - Veiculo parado no acostamento;1;;;1;;;;;;;2;;;;
16/11/2020;16:31:00;54;3 - Acidente com Vitima Sem Lesão;143,8;BR-116/RJ;Norte;Colisão Traseira;1;;;;1;;;;;;2;;;;
17/11/2020;15:20:00;42;3 - Acidente com Vitima Sem Lesão;22,5;BR-116/RJ;Sul;Choque - Defensa, barreira ou "submarino";;;;1;;;;;;;1;;;;
17/11/2020;05:03:00;2;3 - Acidente com Vitima Sem Lesão;43,3;BR-116/RJ;Sul;Tombamento;;;1;;;;;;;;1;;;;
17/11/2020;09:00:00;10;2 - Acidente com Vitima;130,9;BR-116/RJ;Sul;Colisão Traseira;1;;;1;;;;;;;0;1;2;;
18/11/2020;12:37:00;26;3 - Acidente com Vitima Sem Lesão;36;BR-116/RJ;Sul;Saida de Pista;;;1;;;;;;;;1;;;;
18/11/2020;19:05:00;46;2 - Acidente com Vitima;48,05;BR-116/RJ;Sul;Colisão Lateral;1;;;1;;;;;;;1;;2;;
18/11/2020;00:02:00;1;3 - Acidente com Vitima Sem Lesão;73,3;BR-116/RJ;Norte;Saida de Pista;;;;1;;;;;;;2;;;;
18/11/2020;18:23:00;39;3 - Acidente com Vitima Sem Lesão;90,05;BR-116/RJ;Norte;Colisão Traseira;1;;1;;;;;;;;2;;;;
18/11/2020;18:58:00;45;3 - Acidente com Vitima Sem Lesão;118,05;BR-116/RJ;Norte;Saida de Pista;2;;;;;;;;;;2;;;;