data;horario;n_da_ocorrencia;tipo_de_ocorrencia;km;trecho;sentido;tipo_de_acidente;automovel;bicicleta;caminhao;moto;onibus;outros;tracao_animal;transporte_de_cargas_especiais;trator_maquinas;utilitarios;ilesos;levemente_feridos;moderadamente_feridos;gravemente_feridos;mortos
13/05/2021;17:50:00;40;3 - Acidente com Vitima Sem Lesão;122;BR-116/RJ;Sul;Saida de Pista;1;;;;;;;;;;1;;;;
14/05/2021;17:08:00;44;2 - Acidente com Vitima;29,6;BR-116/RJ;Sul;Saida de Pista;;;1;;;;;;;;0;1;;;
14/05/2021;04:50:00;2;3 - Acidente com Vitima Sem Lesão;37,1;BR-116/RJ;Sul;Saida de Pista;;;1;;;;;;;;1;;;;
14/05/2021;11:30:00;20;2 - Acidente com Vitima;78,9;BR-116/RJ;Norte;Choque - Veiculo parado no acostamento;1;;;1;;;;;;;1;1;;;
14/05/2021;03:45:00;1;3 - Acidente com Vitima Sem Lesão;91,8;BR-116/RJ;Sul;Saida de Pista;1;;;;;;;;;;4;;;;
14/05/2021;19:59:00;52;2 - Acidente com Vitima;133,5;BR-116/RJ;Norte;Engavetamento;2;;;;;1;;;;;3;1;1;;
15/05/2021;22:16:00;57;3 - Acidente com Vitima Sem Lesão;65,8;BR-116/RJ;Norte;Atropelamento de Animal;;;;;1;;;;;;44;;;;
16/05/2021;15:45:00;27;2 - Acidente com Vitima;70;BR-116/RJ;Sul;Choque - Defensa, barreira ou "submarino";1;;;1;;;;;;;1;1;;;
16/05/2021;16:19:00;29;3 - Acidente com Vitima Sem Lesão;90,7;BR-116/RJ;Norte;Colisão Lateral;3;;;;;;;;;;8;;;;
16/05/2021;16:19:00;30;3 - Acidente com Vitima Sem Lesão;106;BR-116/RJ;Norte;Colisão Lateral;;;2;;;;;;;;2;;;;
16/05/2021;05:49:00;5;3 - Acidente com Vitima Sem Lesão;131,85;BR-116/RJ;Norte;Saida de Pista;1;;;;;;;;;;3;;;;
16/05/2021;07:55:00;8;3 - Acidente com Vitima Sem Lesão;142,3;BR-116/RJ;Sul;Saida de Pista;1;;;;;;;;;;1;;;;
18/05/2021;14:45:00;28;2 - Acidente com Vitima;73,9;BR-116/RJ;Norte;Colisão Traseira;1;;;1;;;;;;;1;1;;;
19/05/2021;13:33:00;31;2 - Acidente com Vitima;106,8;BR-116/RJ;Norte;Colisão Traseira;2;;;;;;;;;;1;;2;;
19/05/2021;03:55:00;2;2 - Acidente com Vitima;126,9;BR-116/RJ;Norte;Saida de Pista;1;;;;;;;;;;0;1;;;
20/05/2021;17:28:00;34;2 - Acidente com Vitima;78,3;BR-116/RJ;Sul;Colisão Lateral;1;;;1;;;;;;;1;1;;;
20/05/2021;13:58:00;26;3 - Acidente com Vitima Sem Lesão;132,5;BR-116/RJ;Norte;Saida de Pista;1;;;;;;;;;;1;;;;
21/05/2021;12:06:00;24;3 - Acidente com Vitima Sem Lesão;71,2;BR-116/RJ;Norte;Colisão Traseira;2;;;;;;;;;;2;;;;
21/05/2021;00:20:00;2;3 - Acidente com Vitima Sem Lesão;96,8;BR-116/RJ;Norte;Choque - Defensa, barreira ou "submarino";1;;;;;;;;;;1;;;;
21/05/2021;15:45:00;37;3 - Acidente com Vitima Sem Lesão;104,9;BR-116/RJ;Norte;Colisão Traseira;2;;;;;;;;;;2;;;;
21/05/2021;15:40:00;39;3 - Acidente com Vitima Sem Lesão;132,2;BR-116/RJ;Sul;Saida de Pista;;;1;;;;;;;;1;;;;
21/05/2021;13:26:00;31;3 - Acidente com Vitima Sem Lesão;137,75;BR-116/RJ;Sul;Colisão Traseira;1;;1;;;;;;;;2;;;;
22/05/2021;18:15:00;47;3 - Acidente com Vitima Sem Lesão;72,9;BR-116/RJ;Sul;Colisão Lateral;2;;;;;;;;;;2;;;;
22/05/2021;06:05:00;4;2 - Acidente com Vitima;107,5;BR-116/RJ;Norte;Colisão Frontal;;;1;1;;;;;;;1;;;1;
23/05/2021;22:43:00;70;3 - Acidente com Vitima Sem Lesão;20,5;BR-116/RJ;Sul;Atropelamento de Animal;;;;;;;;;;1;1;;;;
23/05/2021;20:40:00;61;3 - Acidente com Vitima Sem Lesão;59,9;BR-116/RJ;Norte;Saida de Pista;1;;;;;;;;;;1;;;;
23/05/2021;15:38:00;33;2 - Acidente com Vitima;91,85;BR-116/RJ;Norte;Colisão Traseira;;1;1;;;;;;;;1;;1;;
23/05/2021;16:18:00;37;3 - Acidente com Vitima Sem Lesão;127,1;BR-116/RJ;Norte;Colisão Lateral;;;1;;1;;;;;;2;;;;
23/05/2021;23:54:00;73;2 - Acidente com Vitima;142,4;BR-116/RJ;Sul;Saida de Pista;1;;1;;;;;;;;3;2;;;
24/05/2021;04:15:00;3;3 - Acidente com Vitima Sem Lesão;133,4;BR-116/RJ;Sul;Atropelamento de Animal;1;;;;;;;;;;1;;;;
24/05/2021;10:51:00;14;2 - Acidente com Vitima;141,2;BR-116/RJ;Sul;Colisão Lateral;1;1;;;;;;;;;1;;;1;
25/05/2021;08:00:00;11;3 - Acidente com Vitima Sem Lesão;86;BR-116/RJ;Norte;Colisão Traseira;2;;;;;;;;;;2;;;;
25/05/2021;23:35:00;54;3 - Acidente com Vitima Sem Lesão;132;BR-116/RJ;Sul;Atropelamento de Cachorro;1;;;;;;;;;;3;;;;
26/05/2021;09:19:00;13;3 - Acidente com Vitima Sem Lesão;70,9;BR-116/RJ;Sul;Colisão Lateral;;;1;;;;;;;1;2;;;;
26/05/2021;09:26:00;14;3 - Acidente com Vitima Sem Lesão;89;BR-116/RJ;Norte;Colisão Traseira;2;;;;;;;;;;2;;;;
27/05/2021;17:55:00;43;3 - Acidente com Vitima Sem Lesão;80,05;BR-116/RJ;Sul;Saida de Pista;1;;;;;;;;;;1;;;;
27/05/2021;16:42:00;39;3 - Acidente com Vitima Sem Lesão;92,7;BR-116/RJ;Norte;Saida de Pista;1;;;;;;;;;;1;;;;
28/05/2021;05:34:00;5;2 - Acidente com Vitima;75;BR-116/RJ;Norte;Queda de Moto;;;;1;;;;;;;0;;1;;
28/05/2021;16:42:00;41;2 - Acidente com Vitima;95,05;BR-116/RJ;Sul;Queda de Moto;1;;;1;;;;;;;1;;1;;
28/05/2021;15:05:00;36;2 - Acidente com Vitima;131,6;BR-116/RJ;Sul;Colisão Lateral;;;1;1;;;;;;;1;;;1;
28/05/2021;17:50:00;44;3 - Acidente com Vitima Sem Lesão;136,3;BR-116/RJ;Norte;Choque - Veiculo parado no acostamento;;;;;2;;;;;;3;;;;
28/05/2021;15:56:00;37;3 - Acidente com Vitima Sem Lesão;139,8;BR-116/RJ;Sul;Colisão Traseira;2;;;;;;;;;;2;;;;
28/05/2021;19:22:00;47;3 - Acidente com Vitima Sem Lesão;141,45;BR-116/RJ;Norte;Saida de Pista;1;;;;;;;;;;2;;;;
29/05/2021;03:34:00;7;3 - Acidente com Vitima Sem Lesão;76,1;BR-116/RJ;Norte;Colisão Lateral;2;;;;;;;;;;2;;;;
29/05/2021;20:34:00;62;3 - Acidente com Vitima Sem Lesão;141,4;BR-116/RJ;Sul;Capotamento;1;;;;;;;;;;1;;;;
29/05/2021;06:57:00;14;3 - Acidente com Vitima Sem Lesão;143;BR-116/RJ;Norte;Choque - Veiculo parado no acostamento;;;;;1;;;;;1;2;;;;
30/05/2021;23:15:00;42;3 - Acidente com Vitima Sem Lesão;17,05;BR-116/RJ;Norte;Colisão Lateral;1;;1;;;;;;;;5;;;;
30/05/2021;08:15:00;8;3 - Acidente com Vitima Sem Lesão;53,8;BR-116/RJ;Norte;Saida de Pista;1;;;;;;;;;;2;;;;
30/05/2021;21:53:00;39;3 - Acidente com Vitima Sem Lesão;66,5;BR-116/RJ;Norte;Saida de Pista;1;;;;;;;;;;2;;;;
30/05/2021;03:48:00;5;2 - Acidente com Vitima;111,95;BR-116/RJ;Norte;Saida de Pista;1;;;;;;;;;;0;;;1;
30/05/2021;20:00:00;37;3 - Acidente com Vitima Sem Lesão;123,6;BR-116/RJ;Norte;Choque - Defensa, barreira ou "submarino";1;;;;;;;;;;1;;;;
30/05/2021;13:24:00;18;2 - Acidente com Vitima;141,5;BR-116/RJ;Sul;Queda de Moto;;;;1;;;;;;;0;;2;;
31/05/2021;19:39:00;60;3 - Acidente com Vitima Sem Lesão;40,8;BR-116/RJ;Sul;Colisão Traseira;1;;1;;;;;;;;2;;;;
31/05/2021;09:36:00;21;3 - Acidente com Vitima Sem Lesão;85,8;BR-116/RJ;Sul;Saida de Pista;1;;;;;;;;;;2;;;;
31/05/2021;12:02:00;33;3 - Acidente com Vitima Sem Lesão;86,3;BR-116/RJ;Sul;Choque - Defensa, barreira ou "submarino";1;;;;;;;;;;1;;;;
31/05/2021;16:47:00;54;3 - Acidente com Vitima Sem Lesão;86,4;BR-116/RJ;Sul;Saida de Pista;1;;;;;;;;;;1;;;;
31/05/2021;15:30:00;48;2 - Acidente com Vitima;90,5;BR-116/RJ;Sul;Colisão Frontal;2;;;;;;;;;;1;;1;;
31/05/2021;17:20:00;56;2 - Acidente com Vitima;98,2;BR-116/RJ;Sul;Saida de Pista;;;;;;;;;;1;1;;2;;
31/05/2021;17:52:00;58;3 - Acidente com Vitima Sem Lesão;121,85;BR-116/RJ;Sul;Saida de Pista;1;;;;;;;;;;2;;;;
01/06/2021;12:00:00;17;2 - Acidente com Vitima;26;BR-116/RJ;Sul;Tombamento;;;1;;;;;;;;0;1;;;
01/06/2021;07:52:00;6;2 - Acidente com Vitima;139,2;BR-116/RJ;Sul;Queda de Moto;;;;1;;;;;;;0;;1;;
02/06/2021;04:47:00;7;3 - Acidente com Vitima Sem Lesão;121,05;BR-116/RJ;Norte;Choque - Objeto sobre a pista;1;;;;;;;;;;1;;;;
02/06/2021;04:47:00;8;3 - Acidente com Vitima Sem Lesão;121,05;BR-116/RJ;Norte;Choque - Objeto sobre a pista;1;;;;;;;;;;1;;;;
02/06/2021;04:47:00;9;3 - Acidente com Vitima Sem Lesão;121,05;BR-116/RJ;Norte;Queda de Moto;;;;1;;;;;;;1;;;;
02/06/2021;07:46:00;12;3 - Acidente com Vitima Sem Lesão;143,6;BR-116/RJ;Sul;Colisão Traseira;2;;;;;;;;;;2;;;;
03/06/2021;18:56:00;49;3 - Acidente com Vitima Sem Lesão;43,3;BR-116/RJ;Sul;Saida de Pista;1;;;;;;;;;;1;;;;
04/06/2021;06:39:00;7;1 - Acidente com Vitima Fatal;73,4;BR-116/RJ;Norte;Saida de Pista;1;;;;;;;;;;0;1;;;1
04/06/2021;09:27:00;21;3 - Acidente com Vitima Sem Lesão;90,1;BR-116/RJ;Norte;Colisão Traseira;1;;1;;;;;;;;3;;;;
04/06/2021;07:20:00;11;2 - Acidente com Vitima;143,7;BR-116/RJ;Sul;Engavetamento;3;;;;1;;;;;;3;;1;;
05/06/2021;15:00:00;30;3 - Acidente com Vitima Sem Lesão;105,6;BR-116/RJ;Sul;Colisão Traseira;1;;1;;;;;;;;2;;;;
05/06/2021;04:50:00;3;3 - Acidente com Vitima Sem Lesão;138,2;BR-116/RJ;Sul;Choque - Defensa, barreira ou "submarino";1;;;;;;;;;;1;;;;
06/06/2021;00:27:00;2;1 - Acidente com Vitima Fatal;83;BR-116/RJ;Norte;Saida de Pista;;;;1;;;;;;;0;;;1;1
06/06/2021;22:18:00;77;3 - Acidente com Vitima Sem Lesão;90,3;BR-116/RJ;Norte;Saida de Pista;1;;;;;;;;;;1;;;;
06/06/2021;08:17:00;15;2 - Acidente com Vitima;99;BR-116/RJ;Norte;Queda de Moto;;;;1;;;;;;;0;;1;;
06/06/2021;02:15:00;8;3 - Acidente com Vitima Sem Lesão;139,8;BR-116/RJ;Sul;Queda de Moto;;;;1;;;;;;;1;;;;
06/06/2021;01:19:00;5;3 - Acidente com Vitima Sem Lesão;143,65;BR-116/RJ;Norte;Choque - Defensa, barreira ou "submarino";1;;;;;;;;;;1;;;;
06/06/2021;01:20:00;6;3 - Acidente com Vitima Sem Lesão;143,7;BR-116/RJ;Norte;Colisão Traseira;2;;;;;;;;;;2;;;;
07/06/2021;12:14:00;22;3 - Acidente com Vitima Sem Lesão;95,4;BR-116/RJ;Sul;Colisão Lateral;1;;;;;;;;;1;2;;;;
07/06/2021;02:18:00;3;2 - Acidente com Vitima;104,5;BR-116/RJ;Norte;Colisão Traseira;1;;;1;;;;;;;1;;1;;
08/06/2021;06:06:00;7;2 - Acidente com Vitima;104,5;BR-116/RJ;Norte;Queda de Moto;;;;1;;;;;;;0;;1;;
09/06/2021;04:22:00;5;3 - Acidente com Vitima Sem Lesão;131,8;BR-116/RJ;Sul;Saida de Pista;1;;;;;;;;;;1;;;;
09/06/2021;18:33:00;40;3 - Acidente com Vitima Sem Lesão;137,4;BR-116/RJ;Sul;Colisão Lateral;;;2;;;;;;;;2;;;;
10/06/2021;13:35:00;26;3 - Acidente com Vitima Sem Lesão;47,5;BR-116/RJ;Sul;Colisão Lateral;2;;1;;;;;;;;4;;;;
10/06/2021;13:50:00;27;3 - Acidente com Vitima Sem Lesão;104,6;BR-116/RJ;Norte;Colisão Traseira;;;2;;;;;;;;2;;;;
10/06/2021;19:08:00;53;2 - Acidente com Vitima;139,6;BR-116/RJ;Sul;Colisão Lateral;1;1;;;;;;;;;1;;1;;
11/06/2021;19:02:00;40;3 - Acidente com Vitima Sem Lesão;63,3;BR-116/RJ;Sul;Saida de Pista;1;;;;;;;;;;2;;;;
11/06/2021;20:13:00;43;3 - Acidente com Vitima Sem Lesão;86;BR-116/RJ;Sul;Choque - Defensa, barreira ou "submarino";;;1;;;;;;;;1;;;;
11/06/2021;15:13:00;23;3 - Acidente com Vitima Sem Lesão;100,2;BR-116/RJ;Norte;Saida de Pista;1;;;;;;;;;;1;;;;
11/06/2021;18:42:00;38;3 - Acidente com Vitima Sem Lesão;124;BR-116/RJ;Norte;Colisão Lateral;1;;1;;;;;;;;3;;;;
12/06/2021;07:14:00;6;3 - Acidente com Vitima Sem Lesão;66,8;BR-116/RJ;Norte;Saida de Pista;1;;;;;;;;;;1;;;;
12/06/2021;09:05:00;9;3 - Acidente com Vitima Sem Lesão;96;BR-116/RJ;Sul;Saida de Pista;1;;;;;;;;;;1;;;;
12/06/2021;06:10:00;5;2 - Acidente com Vitima;104,8;BR-116/RJ;Sul;Engavetamento;3;;;;;;;;;1;4;;3;;
13/06/2021;12:52:00;13;3 - Acidente com Vitima Sem Lesão;87,6;BR-116/RJ;Norte;Saida de Pista;1;;;;;;;;;;2;;;;
13/06/2021;15:12:00;18;3 - Acidente com Vitima Sem Lesão;98,3;BR-116/RJ;Sul;Saida de Pista;1;;;;;;;;;;1;;;;
14/06/2021;15:56:00;37;3 - Acidente com Vitima Sem Lesão;122,4;BR-116/RJ;Sul;Choque - Defensa, barreira ou "submarino";;;1;;;;;;;;1;;;;
14/06/2021;02:10:00;4;3 - Acidente com Vitima Sem Lesão;131,3;BR-116/RJ;Sul;Atropelamento de Cachorro;1;;;;;;;;;;2;;;;
14/06/2021;02:01:00;3;2 - Acidente com Vitima;143,9;BR-116/RJ;Sul;Capotamento;;;;;;;;;;1;0;;2;;
15/06/2021;06:40:00;4;2 - Acidente com Vitima;94,6;BR-116/RJ;Norte;Saida de Pista;1;;1;;;;;;;;1;1;;;
15/06/2021;19:23:00;48;3 - Acidente com Vitima Sem Lesão;122,5;BR-116/RJ;Norte;Colisão Traseira;2;;;;;;;;;;4;;;;
16/06/2021;16:56:00;35;2 - Acidente com Vitima;40;BR-116/RJ;Norte;Colisão Frontal;1;;;1;;;;;;;1;;1;;
17/06/2021;21:35:00;44;3 - Acidente com Vitima Sem Lesão;99,1;BR-116/RJ;Norte;Choque - Defensa, barreira ou "submarino";1;;;;;;;;;;1;;;;
18/06/2021;17:55:00;55;3 - Acidente com Vitima Sem Lesão;29,5;BR-116/RJ;Norte;Colisão Lateral;;;2;;;;;;;;2;;;;
19/06/2021;22:16:00;57;3 - Acidente com Vitima Sem Lesão;76,7;BR-116/RJ;Sul;Saida de Pista;;;;;;;;;;1;1;;;;
19/06/2021;06:09:00;7;2 - Acidente com Vitima;132,5;BR-116/RJ;Sul;Saida de Pista;1;;;;;;;;;;0;;1;;
19/06/2021;22:46:00;59;2 - Acidente com Vitima;138,98;BR-116/RJ;Norte;Colisão Lateral;2;;;1;;;;;;;1;1;1;1;
20/06/2021;12:02:00;35;3 - Acidente com Vitima Sem Lesão;5,4;BR-116/RJ;Norte;Saida de Pista;1;;;;;;;;;;1;;;;
20/06/2021;10:55:00;30;3 - Acidente com Vitima Sem Lesão;24,2;BR-116/RJ;Sul;Queda de Moto;;;;1;;;;;;;1;;;;
20/06/2021;01:38:00;4;3 - Acidente com Vitima Sem Lesão;77,6;BR-116/RJ;Sul;Colisão Traseira;;;1;;;;;;;1;2;;;;
20/06/2021;04:41:00;16;3 - Acidente com Vitima Sem Lesão;80,1;BR-116/RJ;Sul;Choque - Defensa, barreira ou "submarino";1;;;;;;;;;;1;;;;
20/06/2021;04:20:00;15;2 - Acidente com Vitima;111;BR-116/RJ;Norte;Saida de Pista;1;;;;;;;;;;0;1;;;
20/06/2021;04:13:00;14;2 - Acidente com Vitima;121,8;BR-116/RJ;Sul;Saida de Pista;1;;;;;;;;;;0;;1;;
20/06/2021;14:12:00;42;3 - Acidente com Vitima Sem Lesão;134,5;BR-116/RJ;Norte;Colisão Traseira;1;;;;;;;;;1;2;;;;
20/06/2021;14:50:00;45;2 - Acidente com Vitima;138,2;BR-116/RJ;Sul;Atropelamento - Pessoa;1;;;;;;;;;;1;;1;;
20/06/2021;09:28:00;26;3 - Acidente com Vitima Sem Lesão;138,9;BR-116/RJ;Norte;Colisão Traseira;1;;;1;;;;;;;2;;;;
20/06/2021;19:02:00;61;3 - Acidente com Vitima Sem Lesão;142,5;BR-116/RJ;Sul;Colisão Lateral;1;;;1;;;;;;;2;;;;
20/06/2021;18:50:00;60;3 - Acidente com Vitima Sem Lesão;143,7;BR-116/RJ;Sul;Colisão Traseira;1;;;1;;;;;;;2;;;;
20/06/2021;21:30:00;70;2 - Acidente com Vitima;143,7;BR-116/RJ;Norte;Colisão Traseira;1;;;1;;;;;;;2;;1;;
21/06/2021;15:06:00;28;2 - Acidente com Vitima;104,3;BR-116/RJ;Norte;Colisão Transversal;1;;;1;;;;;;;1;;1;;
22/06/2021;09:05:00;17;3 - Acidente com Vitima Sem Lesão;25,1;BR-116/RJ;Sul;Saida de Pista;1;;;;;;;;;;1;;;;
22/06/2021;09:07:00;18;3 - Acidente com Vitima Sem Lesão;25,2;BR-116/RJ;Sul;Colisão Frontal;2;;;;;;;;;;3;;;;
22/06/2021;09:23:00;19;3 - Acidente com Vitima Sem Lesão;43;BR-116/RJ;Norte;Capotamento;1;;;;;;;;;;1;;;;
22/06/2021;07:18:00;9;3 - Acidente com Vitima Sem Lesão;94,1;BR-116/RJ;Norte;Colisão Lateral;1;;1;;;;;;;;2;;;;
22/06/2021;09:00:00;14;3 - Acidente com Vitima Sem Lesão;128,35;BR-116/RJ;Sul;Saida de Pista;1;;;;;;;;;;2;;;;
22/06/2021;05:41:00;6;3 - Acidente com Vitima Sem Lesão;137,9;BR-116/RJ;Sul;Colisão Traseira;2;;;;;;;;;;2;;;;
23/06/2021;09:16:00;13;3 - Acidente com Vitima Sem Lesão;83;BR-116/RJ;Norte;Colisão Traseira;2;;;;;;;;;;2;;;;
23/06/2021;09:12:00;17;3 - Acidente com Vitima Sem Lesão;122;BR-116/RJ;Sul;Choque - Defensa, barreira ou "submarino";1;;;;;;;;;;1;;;;
23/06/2021;09:12:00;12;3 - Acidente com Vitima Sem Lesão;122,5;BR-116/RJ;Sul;Colisão Lateral;2;;;;;;;;;;2;;;;
23/06/2021;09:40:00;14;3 - Acidente com Vitima Sem Lesão;132;BR-116/RJ;Sul;Choque - Defensa, barreira ou "submarino";1;;;;;;;;;;1;;;;
23/06/2021;10:20:00;22;3 - Acidente com Vitima Sem Lesão;143;BR-116/RJ;Sul;Colisão Traseira;1;;;;;;;;;1;2;;;;
23/06/2021;10:02:00;21;3 - Acidente com Vitima Sem Lesão;143,8;BR-116/RJ;Sul;Colisão Lateral;2;;;;1;;;;;;3;;;;
23/06/2021;09:30:00;15;3 - Acidente com Vitima Sem Lesão;144;BR-116/RJ;Sul;Engavetamento;1;;2;1;;;;;;;6;;;;
23/06/2021;12:04:00;25;3 - Acidente com Vitima Sem Lesão;144;BR-116/RJ;Norte;Queda de Moto;;;;1;;;;;;;1;;;;
24/06/2021;19:40:00;41;3 - Acidente com Vitima Sem Lesão;27,6;BR-116/RJ;Sul;Tombamento;;;1;;;;;;;;1;;;;
24/06/2021;17:23:00;28;2 - Acidente com Vitima;78,3;BR-116/RJ;Sul;Colisão Lateral;1;;;1;;;;;;;1;;1;;
24/06/2021;03:55:00;4;3 - Acidente com Vitima Sem Lesão;80,3;BR-116/RJ;Sul;Choque - Defensa, barreira ou "submarino";1;;;;;;;;;;1;;;;
25/06/2021;15:08:00;23;3 - Acidente com Vitima Sem Lesão;84,2;BR-116/RJ;Norte;Saida de Pista;;;1;;;;;;;;1;;;;
25/06/2021;15:00:00;20;3 - Acidente com Vitima Sem Lesão;87,95;BR-116/RJ;Sul;Engavetamento;3;;;;;;;;;;3;;;;
25/06/2021;18:56:00;35;3 - Acidente com Vitima Sem Lesão;95,2;BR-116/RJ;Sul;Queda de Moto;;;;1;;;;;;;1;;;;
25/06/2021;20:03:00;43;3 - Acidente com Vitima Sem Lesão;132,5;BR-116/RJ;Norte;Colisão Lateral;2;;;;;;;;;;3;;;;
26/06/2021;14:13:00;27;3 - Acidente com Vitima Sem Lesão;69;BR-116/RJ;Norte;Colisão Traseira;2;;;;;;;;;;3;;;;
26/06/2021;13:20:00;25;2 - Acidente com Vitima;81,8;BR-116/RJ;Norte;Colisão Lateral;1;;;1;;;;;;;1;;2;;
26/06/2021;23:20:00;57;1 - Acidente com Vitima Fatal;113,15;BR-116/RJ;Norte;Colisão Frontal;1;;;1;;;;;;;2;;1;;1
27/06/2021;21:14:00;67;3 - Acidente com Vitima Sem Lesão;109;BR-116/RJ;Sul;Engavetamento;2;;;;;1;;;;;3;;;;
27/06/2021;17:23:00;39;2 - Acidente com Vitima;127;BR-116/RJ;Norte;Atropelamento - Pessoa;1;;;;;;;;;;1;;1;;
27/06/2021;21:55:00;70;2 - Acidente com Vitima;142,4;BR-116/RJ;Sul;Choque - Defensa, barreira ou "submarino";1;;;;;;;;;;1;;1;;
28/06/2021;06:48:00;9;3 - Acidente com Vitima Sem Lesão;53;BR-116/RJ;Sul;Choque - Defensa, barreira ou "submarino";1;;;;;;;;;;1;;;;
28/06/2021;14:29:00;35;3 - Acidente com Vitima Sem Lesão;83,6;BR-116/RJ;Norte;Queda de Moto;;;;1;;;;;;;1;;;;
28/06/2021;18:22:00;49;2 - Acidente com Vitima;127,2;BR-116/RJ;Norte;Colisão Lateral;1;;1;;;;;;;;2;;1;;
28/06/2021;13:21:00;27;3 - Acidente com Vitima Sem Lesão;137,7;BR-116/RJ;Sul;Colisão Traseira;2;;;;;;;;;;2;;;;
29/06/2021;08:57:00;6;2 - Acidente com Vitima;75,8;BR-116/RJ;Sul;Colisão Traseira;;;;2;;;;;;;2;;1;;
29/06/2021;07:40:00;4;3 - Acidente com Vitima Sem Lesão;129,2;BR-116/RJ;Sul;Tombamento;;;2;;;;;;;;3;;;;
01/07/2021;06:48:00;9;2 - Acidente com Vitima;38;BR-116/RJ;Norte;Atropelamento - Pessoa;1;;;;;;;;;;1;;1;;
02/07/2021;12:45:00;21;3 - Acidente com Vitima Sem Lesão;43,3;BR-116/RJ;Norte;Queda de Moto;;;;1;;;;;;;1;;;;
02/07/2021;14:55:00;26;2 - Acidente com Vitima;78,7;BR-116/RJ;Norte;Queda de Moto;;;;1;;;;;;;1;;1;;
02/07/2021;19:00:00;43;2 - Acidente com Vitima;83,4;BR-116/RJ;Sul;Atropelamento - Pessoa;1;;;;;;;;;;1;1;;1;
02/07/2021;01:16:00;1;3 - Acidente com Vitima Sem Lesão;90,8;BR-116/RJ;Sul;Saida de Pista;;;1;;;;;;;;2;;;;
02/07/2021;15:30:00;27;3 - Acidente com Vitima Sem Lesão;136,15;BR-116/RJ;Norte;Engavetamento;2;;;;;;;;;1;3;;;;
03/07/2021;01:15:00;1;3 - Acidente com Vitima Sem Lesão;40;BR-116/RJ;Norte;Saida de Pista;1;;;;;;;;;;1;;;;
03/07/2021;18:43:00;56;2 - Acidente com Vitima;54,05;BR-116/RJ;Sul;Colisão Transversal;2;;;;;;;;;;1;;2;;
03/07/2021;06:30:00;9;3 - Acidente com Vitima Sem Lesão;138;BR-116/RJ;Norte;Queda de Moto;;;;1;;;;;;;0;1;;;
04/07/2021;20:25:00;58;2 - Acidente com Vitima;76,4;BR-116/RJ;Sul;Queda de Moto;;;;1;;;;;;;0;;1;;
04/07/2021;02:15:00;3;3 - Acidente com Vitima Sem Lesão;86,1;BR-116/RJ;Norte;Choque - Defensa, barreira ou "submarino";1;;;;;;;;;;1;;;;
04/07/2021;21:03:00;61;2 - Acidente com Vitima;134,9;BR-116/RJ;Norte;Atropelamento - Pessoa;1;;;;;;;;;;1;;;1;
05/07/2021;18:36:00;32;3 - Acidente com Vitima Sem Lesão;29,5;BR-116/RJ;Sul;Tombamento;1;;1;;;;;;;;5;;;;
05/07/2021;08:26:00;10;2 - Acidente com Vitima;143,9;BR-116/RJ;Sul;Queda de Moto;;;;1;;;;;;;0;;1;;
06/07/2021;07:18:00;7;3 - Acidente com Vitima Sem Lesão;24,2;BR-116/RJ;Sul;Saida de Pista;1;;;;;;;;;;1;;;;
06/07/2021;09:24:00;16;3 - Acidente com Vitima Sem Lesão;110,15;BR-116/RJ;Norte;Saida de Pista;1;;;;;;;;;;1;;;;
07/07/2021;15:08:00;29;2 - Acidente com Vitima;109,03;BR-116/RJ;Norte;Colisão Lateral;1;2;1;;;;;;;;2;;2;;
07/07/2021;16:38:00;34;3 - Acidente com Vitima Sem Lesão;133,8;BR-116/RJ;Norte;Atropelamento de Animal;1;;;;;;;;;;1;;;;
08/07/2021;21:37:00;52;3 - Acidente com Vitima Sem Lesão;70,5;BR-116/RJ;Norte;Colisão Lateral;2;;;;;;;;;;4;1;;;
08/07/2021;12:01:00;17;3 - Acidente com Vitima Sem Lesão;86,6;BR-116/RJ;Norte;Capotamento;1;;;;;;;;;;4;;;;
08/07/2021;20:38:00;48;2 - Acidente com Vitima;138,3;BR-116/RJ;Sul;Colisão Lateral;1;;;1;;;;;;;1;;2;;
09/07/2021;10:56:00;22;3 - Acidente com Vitima Sem Lesão;66,6;BR-116/RJ;Sul;Tombamento;;;1;;;;;;;;0;;1;;
09/07/2021;00:01:00;1;3 - Acidente com Vitima Sem Lesão;122,2;BR-116/RJ;Sul;Choque - Defensa, barreira ou "submarino";1;;;;;;;;;;1;;;;
09/07/2021;17:55:00;58;3 - Acidente com Vitima Sem Lesão;131,5;BR-116/RJ;Sul;Colisão Lateral;1;;1;;;;;;;;2;;;;
09/07/2021;17:45:00;57;3 - Acidente com Vitima Sem Lesão;132;BR-116/RJ;Sul;Atropelamento de Animal;1;;;;;;;;;;3;;;;
09/07/2021;20:35:00;66;3 - Acidente com Vitima Sem Lesão;139,8;BR-116/RJ;Norte;Engavetamento;3;;;;;;;;;;3;;;;