data;horario;n_da_ocorrencia;tipo_de_ocorrencia;km;trecho;sentido;tipo_de_acidente;automovel;bicicleta;caminhao;moto;onibus;outros;tracao_animal;transporte_de_cargas_especiais;trator_maquinas;utilitarios;ilesos;levemente_feridos;moderadamente_feridos;gravemente_feridos;mortos
10/07/2021;08:34:00;15;3 - Acidente com Vitima Sem Lesão;29,2;BR-116/RJ;Norte;Colisão Traseira;2;;;;;;;;;;2;;;;
10/07/2021;09:19:00;18;1 - Acidente com Vitima Fatal;57,5;BR-116/RJ;Sul;Queda de Moto;;;;1;;;;;;;0;;;;1
10/07/2021;06:30:00;8;2 - Acidente com Vitima;61,3;BR-116/RJ;Norte;Saida de Pista;1;;;;;;;;;;1;;1;1;
10/07/2021;23:00:00;62;3 - Acidente com Vitima Sem Lesão;73,5;BR-116/RJ;Norte;Saida de Pista;1;;;;;;;;;;2;;;;
10/07/2021;00:27:00;2;2 - Acidente com Vitima;83,6;BR-116/RJ;Sul;Atropelamento - Pessoa;;;1;;;;;;;;1;;;1;
10/07/2021;12:47:00;33;3 - Acidente com Vitima Sem Lesão;101,8;BR-116/RJ;Norte;Colisão Lateral;1;;1;;;;;;;;2;;;;
11/07/2021;06:56:00;12;3 - Acidente com Vitima Sem Lesão;118,8;BR-116/RJ;Norte;Saida de Pista;1;;;;;;;;;;1;;;;
11/07/2021;08:03:00;13;2 - Acidente com Vitima;126,55;BR-116/RJ;Norte;Saida de Pista;1;;;;;;;;;;0;3;2;1;
11/07/2021;05:15:00;9;3 - Acidente com Vitima Sem Lesão;143;BR-116/RJ;Norte;Queda de Moto;;;;1;;;;;;;1;;;;
12/07/2021;02:05:00;2;3 - Acidente com Vitima Sem Lesão;91,8;BR-116/RJ;Sul;Saida de Pista;1;;;;;;;;;;1;;;;
12/07/2021;18:40:00;48;3 - Acidente com Vitima Sem Lesão;95,3;BR-116/RJ;Norte;Saida de Pista;2;;;;;;;;;;2;;;;
12/07/2021;07:02:00;11;3 - Acidente com Vitima Sem Lesão;139,35;BR-116/RJ;Sul;Colisão Traseira;;;1;;1;;;;;1;4;;;;
12/07/2021;07:52:00;14;2 - Acidente com Vitima;140,05;BR-116/RJ;Norte;Engavetamento;2;;;1;;;;;;;2;;1;;
13/07/2021;08:20:00;15;2 - Acidente com Vitima;64,6;BR-116/RJ;Norte;Colisão Frontal;1;;1;;;;;;;;0;1;1;1;
14/07/2021;20:57:00;66;3 - Acidente com Vitima Sem Lesão;22,05;BR-116/RJ;Norte;Saida de Pista;;;1;;;;;;;;1;;;;
14/07/2021;16:23:00;44;3 - Acidente com Vitima Sem Lesão;116,7;BR-116/RJ;Norte;Saida de Pista;1;;;;;;;;;;3;;;;
16/07/2021;22:01:00;64;3 - Acidente com Vitima Sem Lesão;104,9;BR-116/RJ;Sul;Colisão Lateral;1;;1;;;;;;;;2;;;;
16/07/2021;08:10:00;17;3 - Acidente com Vitima Sem Lesão;139;BR-116/RJ;Sul;Engavetamento;5;;;;;;;;;;5;;;;
16/07/2021;07:40:00;14;2 - Acidente com Vitima;142;BR-116/RJ;Sul;Atropelamento - Ciclista;;1;;;1;;;;;;1;;1;;
17/07/2021;10:32:00;19;3 - Acidente com Vitima Sem Lesão;66;BR-116/RJ;Norte;Colisão Transversal;2;;;;;;;;;;2;;;;
17/07/2021;18:23:00;56;2 - Acidente com Vitima;77,6;BR-116/RJ;Norte;Colisão Frontal;2;;;;;;;;;;0;;3;;
18/07/2021;18:57:00;48;3 - Acidente com Vitima Sem Lesão;72,7;BR-116/RJ;Norte;Saida de Pista;1;;;;;;;;;;2;;;;
18/07/2021;19:22:00;49;3 - Acidente com Vitima Sem Lesão;127,2;BR-116/RJ;Sul;Colisão Lateral;1;;;1;;;;;;;2;;;;
19/07/2021;20:48:00;47;3 - Acidente com Vitima Sem Lesão;20,5;BR-116/RJ;Norte;Atropelamento de Animal;;;1;;;;;;;;1;;;;
20/07/2021;21:22:00;56;3 - Acidente com Vitima Sem Lesão;2,5;BR-116/RJ;Sul;Colisão Lateral;2;;;;;;;;;;2;;;;
20/07/2021;20:02:00;51;1 - Acidente com Vitima Fatal;4,4;BR-116/RJ;Sul;Atropelamento de Animal;;;;1;;;;;;;0;;;;1
20/07/2021;20:11:00;54;3 - Acidente com Vitima Sem Lesão;104,15;BR-116/RJ;Norte;Colisão Transversal;1;;;1;;;;;;;2;;;;
20/07/2021;16:17:00;39;3 - Acidente com Vitima Sem Lesão;104,5;BR-116/RJ;Norte;Colisão Traseira;;;1;;;;;;;1;2;;;;
21/07/2021;11:57:00;17;2 - Acidente com Vitima;67,1;BR-116/RJ;Sul;Colisão Transversal;1;;;1;;;;;;;1;1;;;
21/07/2021;17:32:00;35;2 - Acidente com Vitima;122,6;BR-116/RJ;Norte;Colisão Lateral;1;;;1;;;;;;;1;1;;;
22/07/2021;13:50:00;43;2 - Acidente com Vitima;78,1;BR-116/RJ;Sul;Colisão Traseira;1;;;1;;;;;;;1;;1;;
22/07/2021;12:00:00;29;2 - Acidente com Vitima;114,9;BR-116/RJ;Sul;Colisão Lateral;;;1;;;;;;;1;1;;1;;
22/07/2021;12:00:00;28;2 - Acidente com Vitima;123;BR-116/RJ;Norte;Queda de Moto;;;;1;;;;;;;0;;;1;
22/07/2021;03:47:00;2;2 - Acidente com Vitima;131,7;BR-116/RJ;Sul;Saida de Pista;1;;;;;;;;;;0;;2;;
22/07/2021;18:11:00;50;3 - Acidente com Vitima Sem Lesão;133,4;BR-116/RJ;Norte;Colisão Lateral;1;;1;;;;;;;;2;;;;
23/07/2021;11:49:00;28;2 - Acidente com Vitima;17,8;BR-116/RJ;Norte;Saida de Pista;1;;;;;;;;;;0;1;;;
23/07/2021;17:34:00;50;3 - Acidente com Vitima Sem Lesão;114,05;BR-116/RJ;Norte;Queda de Moto;;;;1;;;;;;;1;;;;
24/07/2021;07:45:00;3;3 - Acidente com Vitima Sem Lesão;32,4;BR-116/RJ;Norte;Choque - Defensa, barreira ou "submarino";1;;;;;;;;;;2;;;;
24/07/2021;10:45:00;11;3 - Acidente com Vitima Sem Lesão;39,9;BR-116/RJ;Sul;Colisão Lateral;1;;;;;;;;;1;2;;;;
24/07/2021;03:00:00;2;1 - Acidente com Vitima Fatal;55,05;BR-116/RJ;Sul;Colisão Lateral;;;;2;;;;;;;1;1;;;3
24/07/2021;18:58:00;39;2 - Acidente com Vitima;59,5;BR-116/RJ;Sul;Colisão Frontal;2;;;;;;;;;;0;;2;;
24/07/2021;13:31:00;23;2 - Acidente com Vitima;105,05;BR-116/RJ;Sul;Queda de Moto;;;;1;;;;;;;0;;;1;
25/07/2021;23:16:00;70;3 - Acidente com Vitima Sem Lesão;114,9;BR-116/RJ;Sul;Colisão Lateral;1;;1;;;;;;;;2;;;;
25/07/2021;04:17:00;11;2 - Acidente com Vitima;137,1;BR-116/RJ;Sul;Choque - Objeto sobre a pista;2;;;;;;;;;;2;;1;;
25/07/2021;19:17:00;55;3 - Acidente com Vitima Sem Lesão;142,7;BR-116/RJ;Sul;Colisão Traseira;2;;;;;;;;;;4;;;;
26/07/2021;00:53:00;1;2 - Acidente com Vitima;77,1;BR-116/RJ;Sul;Colisão Frontal;1;;;1;;;;;;;1;;1;;
26/07/2021;15:29:00;47;2 - Acidente com Vitima;104,3;BR-116/RJ;Sul;Colisão Lateral;1;;;1;;;;;;;1;;1;;
26/07/2021;06:18:00;6;3 - Acidente com Vitima Sem Lesão;109,9;BR-116/RJ;Norte;Colisão Traseira;;;1;;;;;;;1;2;;;;
27/07/2021;07:00:00;8;2 - Acidente com Vitima;39,6;BR-116/RJ;Sul;Colisão Lateral;1;;;1;;;;;;;1;;1;;
27/07/2021;08:27:00;11;3 - Acidente com Vitima Sem Lesão;140,15;BR-116/RJ;Sul;Colisão Lateral;2;;1;;;;;;;;3;;;;
28/07/2021;20:10:00;47;3 - Acidente com Vitima Sem Lesão;74,3;BR-116/RJ;Sul;Saida de Pista;1;;;;;;;;;;4;;;;
28/07/2021;19:38:00;45;3 - Acidente com Vitima Sem Lesão;98;BR-116/RJ;Norte;Saida de Pista;1;;;;;;;;;;1;;;;
28/07/2021;16:20:00;31;2 - Acidente com Vitima;121,9;BR-116/RJ;Sul;Choque - Defensa, barreira ou "submarino";1;;;;;;;;;;1;;1;;
28/07/2021;16:07:00;32;3 - Acidente com Vitima Sem Lesão;122,8;BR-116/RJ;Norte;Saida de Pista;;;1;;;;;;;;1;;;;
28/07/2021;17:35:00;36;3 - Acidente com Vitima Sem Lesão;123,5;BR-116/RJ;Norte;Choque - Defensa, barreira ou "submarino";1;;;;;;;;;;1;;;;
28/07/2021;10:09:00;17;3 - Acidente com Vitima Sem Lesão;125,3;BR-116/RJ;Norte;Colisão Lateral;1;;1;;;;;;;;2;;;;
28/07/2021;10:51:00;19;3 - Acidente com Vitima Sem Lesão;131;BR-116/RJ;Norte;Saida de Pista;1;;1;;;;;;;;2;;;;
28/07/2021;13:39:00;27;3 - Acidente com Vitima Sem Lesão;138,35;BR-116/RJ;Sul;Colisão Traseira;2;;;;;;;;;;3;;;;
29/07/2021;01:54:00;1;3 - Acidente com Vitima Sem Lesão;132,5;BR-116/RJ;Sul;Saida de Pista;1;;;;;;;;;;1;;;;
29/07/2021;13:05:00;24;2 - Acidente com Vitima;138,7;BR-116/RJ;Norte;Saida de Pista;1;;;;;;;;;;0;;1;;
30/07/2021;07:54:00;8;2 - Acidente com Vitima;61;BR-116/RJ;Sul;Tombamento;;;1;;;;;;;;0;1;1;;
30/07/2021;19:21:00;57;3 - Acidente com Vitima Sem Lesão;94,85;BR-116/RJ;Norte;Saida de Pista;1;;;;;;;;;;1;;;;
30/07/2021;11:09:00;22;3 - Acidente com Vitima Sem Lesão;133,2;BR-116/RJ;Norte;Colisão Lateral;2;;;;;;;;;;2;;;;
30/07/2021;17:08:00;42;3 - Acidente com Vitima Sem Lesão;133,5;BR-116/RJ;Norte;Colisão Lateral;1;;1;;;;;;;;2;;;;
30/07/2021;21:25:00;63;3 - Acidente com Vitima Sem Lesão;133,5;BR-116/RJ;Norte;Choque - Defensa, barreira ou "submarino";1;;;;;;;;;;1;;;;
30/07/2021;17:49:00;46;2 - Acidente com Vitima;135,8;BR-116/RJ;Sul;Capotamento;1;;;;;;;;;;0;;1;;
30/07/2021;09:06:00;13;3 - Acidente com Vitima Sem Lesão;142,5;BR-116/RJ;Norte;Choque - Defensa, barreira ou "submarino";1;;;;;;;;;;1;;;;
31/07/2021;20:20:00;62;2 - Acidente com Vitima;103;BR-116/RJ;Sul;Colisão Lateral;1;1;;;;;;;;;1;;1;;
31/07/2021;10:31:00;20;2 - Acidente com Vitima;115,85;BR-116/RJ;Sul;Colisão Traseira;2;;;;;;;;;;1;;2;;
31/07/2021;19:05:00;59;3 - Acidente com Vitima Sem Lesão;143,95;BR-116/RJ;Norte;Queda de Moto;;;;1;;;;;;;1;;;;
31/07/2021;19:03:00;58;2 - Acidente com Vitima;144;BR-116/RJ;Norte;Queda de Moto;;;;1;;;;;;;0;;1;;
01/08/2021;21:28:00;45;2 - Acidente com Vitima;56,95;BR-116/RJ;Sul;Saida de Pista;1;;;;;;;;;;0;;1;;
01/08/2021;17:00:00;32;3 - Acidente com Vitima Sem Lesão;90,6;BR-116/RJ;Norte;Colisão Traseira;2;;;;;;;;;;3;;;;
01/08/2021;20:04:00;40;2 - Acidente com Vitima;128,3;BR-116/RJ;Norte;Saida de Pista;1;;;;;;;;;;1;1;1;;
02/08/2021;17:45:00;44;3 - Acidente com Vitima Sem Lesão;137,3;BR-116/RJ;Sul;Colisão Lateral;1;;1;1;;;;;;;3;;;;
02/08/2021;16:22:00;40;3 - Acidente com Vitima Sem Lesão;143,8;BR-116/RJ;Sul;Engavetamento;2;;;;1;;;;;;4;;;;
04/08/2021;12:45:00;24;3 - Acidente com Vitima Sem Lesão;6,8;BR-116/RJ;Norte;Choque - Defensa, barreira ou "submarino";1;;;;;;;;;;1;;;;
05/08/2021;10:45:00;24;2 - Acidente com Vitima;43,2;BR-116/RJ;Sul;Queda de Moto;;;;1;;;;;;;0;;1;;
06/08/2021;20:20:00;38;2 - Acidente com Vitima;77,2;BR-116/RJ;Sul;Choque - Defensa, barreira ou "submarino";1;;;;;;;;;;1;;1;;
06/08/2021;10:46:00;8;2 - Acidente com Vitima;106,1;BR-116/RJ;Sul;Queda de Moto;;;;1;;;;;;;0;;1;;
06/08/2021;13:30:00;18;2 - Acidente com Vitima;129;BR-116/RJ;Sul;Colisão Lateral;1;;;1;;;;;;;1;;;2;
07/08/2021;15:10:00;34;3 - Acidente com Vitima Sem Lesão;17;BR-116/RJ;Sul;Saida de Pista;1;;;;;;;;;;2;;;;
07/08/2021;02:43:00;4;3 - Acidente com Vitima Sem Lesão;49,9;BR-116/RJ;Norte;Choque - Elemento de Drenagem;1;;;;;;;;;;2;;;;
07/08/2021;06:27:00;7;3 - Acidente com Vitima Sem Lesão;77,5;BR-116/RJ;Norte;Saida de Pista;1;;;;;;;;;;1;;;;
08/08/2021;18:25:00;38;3 - Acidente com Vitima Sem Lesão;143,2;BR-116/RJ;Sul;Engavetamento;3;;;;;;;;;;7;;;;
09/08/2021;11:22:00;33;3 - Acidente com Vitima Sem Lesão;90,7;BR-116/RJ;Norte;Colisão Traseira;1;;1;;;;;;;;3;;;;
09/08/2021;15:29:00;50;3 - Acidente com Vitima Sem Lesão;122,45;BR-116/RJ;Norte;Colisão Traseira;;;2;;;;;;;;2;;;;
09/08/2021;14:36:00;47;3 - Acidente com Vitima Sem Lesão;130,55;BR-116/RJ;Sul;Choque - Defensa, barreira ou "submarino";1;;;;;;;;;;0;1;;;
09/08/2021;06:56:00;10;2 - Acidente com Vitima;140,6;BR-116/RJ;Sul;Colisão Traseira;1;;;1;;;;;;;1;;1;;
10/08/2021;21:45:00;43;3 - Acidente com Vitima Sem Lesão;144;BR-116/RJ;Sul;Colisão Lateral;1;;;;;1;;;;;4;;;;
11/08/2021;00:45:00;1;2 - Acidente com Vitima;132,5;BR-116/RJ;Sul;Colisão Frontal;2;;;;;;;;;;0;;4;;
12/08/2021;02:45:00;4;1 - Acidente com Vitima Fatal;39,2;BR-116/RJ;Sul;Atropelamento - Pessoa;1;;;;;;;;;;1;;;;1
12/08/2021;09:17:00;14;2 - Acidente com Vitima;81,95;BR-116/RJ;Norte;Saida de Pista;1;;;;;;;;;;0;;1;;
12/08/2021;07:39:00;10;2 - Acidente com Vitima;111,05;BR-116/RJ;Norte;Saida de Pista;1;;;;;;;;;;1;;1;;
13/08/2021;19:04:00;48;2 - Acidente com Vitima;78,3;BR-116/RJ;Norte;Colisão Lateral;1;;;1;;;;;;;1;;1;;
13/08/2021;11:45:00;24;3 - Acidente com Vitima Sem Lesão;85,95;BR-116/RJ;Norte;Colisão Traseira;1;;1;;;;;;;;3;;;;
13/08/2021;20:57:00;53;3 - Acidente com Vitima Sem Lesão;95,1;BR-116/RJ;Sul;Saida de Pista;2;;;;;;;;;;7;;;;
13/08/2021;20:57:00;54;3 - Acidente com Vitima Sem Lesão;95,11;BR-116/RJ;Norte;Saida de Pista;1;;;;;;;;;;2;;;;
13/08/2021;21:42:00;55;2 - Acidente com Vitima;107;BR-116/RJ;Sul;Colisão Frontal;1;;;1;;;;;;;2;;2;;
13/08/2021;19:05:00;49;3 - Acidente com Vitima Sem Lesão;111,6;BR-116/RJ;Sul;Atropelamento de Cachorro;1;;;;;;;;;;1;;;;
14/08/2021;20:03:00;44;3 - Acidente com Vitima Sem Lesão;95;BR-116/RJ;Sul;Saida de Pista;1;;;;;;;;;;1;;;;
14/08/2021;06:04:00;4;3 - Acidente com Vitima Sem Lesão;99,2;BR-116/RJ;Norte;Saida de Pista;1;;;;;;;;;;1;;;;
14/08/2021;04:43:00;1;3 - Acidente com Vitima Sem Lesão;110,7;BR-116/RJ;Norte;Saida de Pista;1;;;;;;;;;;1;;;;
14/08/2021;05:18:00;2;3 - Acidente com Vitima Sem Lesão;114,9;BR-116/RJ;Norte;Saida de Pista;1;;;;;;;;;;1;;;;
15/08/2021;21:57:00;62;2 - Acidente com Vitima;72,8;BR-116/RJ;Norte;Queda de Moto;;;1;1;;;;;;;1;;1;;
15/08/2021;09:49:00;18;2 - Acidente com Vitima;87,3;BR-116/RJ;Sul;Saida de Pista;;;;2;;;;;;;0;;1;1;
15/08/2021;12:25:00;24;2 - Acidente com Vitima;101,7;BR-116/RJ;Sul;Colisão Lateral;1;1;;;;;;;;;1;;1;;
18/08/2021;06:30:00;3;3 - Acidente com Vitima Sem Lesão;133,4;BR-116/RJ;Norte;Colisão Lateral;2;;;;;;;;;;2;;;;
18/08/2021;13:35:00;26;3 - Acidente com Vitima Sem Lesão;133,45;BR-116/RJ;Norte;Colisão Traseira;1;;;;1;;;;;;2;;;;
18/08/2021;07:20:00;6;2 - Acidente com Vitima;143,5;BR-116/RJ;Sul;Queda de Moto;;;;1;;;;;;;0;1;;;
19/08/2021;07:11:00;12;3 - Acidente com Vitima Sem Lesão;141;BR-116/RJ;Sul;Engavetamento;2;;;;1;;;;;1;4;;;;
19/08/2021;07:03:00;10;3 - Acidente com Vitima Sem Lesão;141,4;BR-116/RJ;Sul;Engavetamento;3;;;;;;;;;;3;;;;
20/08/2021;22:53:00;59;3 - Acidente com Vitima Sem Lesão;140;BR-116/RJ;Norte;Choque - Defensa, barreira ou "submarino";1;;;;;;;;;;1;;;;
21/08/2021;16:01:00;53;3 - Acidente com Vitima Sem Lesão;23,08;BR-116/RJ;Sul;Saida de Pista;;;;;;;;;;1;1;;;;
21/08/2021;15:56:00;52;3 - Acidente com Vitima Sem Lesão;77,3;BR-116/RJ;Norte;Saida de Pista;1;;;;;;;;;;1;;;;
21/08/2021;06:24:00;9;3 - Acidente com Vitima Sem Lesão;101,5;BR-116/RJ;Norte;Saida de Pista;1;;;;;;;;;;1;;;;
21/08/2021;04:05:00;5;2 - Acidente com Vitima;118,5;BR-116/RJ;Sul;Saida de Pista;;;;1;;;;;;;0;;1;1;
21/08/2021;04:59:00;7;3 - Acidente com Vitima Sem Lesão;125,5;BR-116/RJ;Norte;Colisão Lateral;2;;;;;;;;;;2;;;;
21/08/2021;16:21:00;55;2 - Acidente com Vitima;142,4;BR-116/RJ;Norte;Colisão Frontal;2;;;;;;;;;;1;2;1;;
21/08/2021;14:38:00;45;2 - Acidente com Vitima;143,5;BR-116/RJ;Sul;Queda de Moto;;;;1;;;;;;;0;;1;1;
22/08/2021;23:26:00;54;3 - Acidente com Vitima Sem Lesão;60;BR-116/RJ;Sul;Saida de Pista;1;;;;;;;;;;2;;;;
22/08/2021;22:53:00;53;2 - Acidente com Vitima;76,5;BR-116/RJ;Sul;Choque - Defensa, barreira ou "submarino";1;;;;;;;;;;0;1;;;
22/08/2021;16:25:00;28;2 - Acidente com Vitima;83;BR-116/RJ;Norte;Queda de Moto;;;;1;;;;;;;0;1;;;
22/08/2021;11:53:00;19;2 - Acidente com Vitima;92,3;BR-116/RJ;Norte;Colisão Traseira;1;;;1;;;;;;;1;1;1;;
22/08/2021;05:48:00;10;2 - Acidente com Vitima;101;BR-116/RJ;Norte;Capotamento;1;;;;;;;;;;0;1;;;
22/08/2021;00:31:00;2;3 - Acidente com Vitima Sem Lesão;120,2;BR-116/RJ;Norte;Atropelamento de Cachorro;1;;;;;;;;;;2;;;;
22/08/2021;19:04:00;39;3 - Acidente com Vitima Sem Lesão;140,05;BR-116/RJ;Sul;Colisão Traseira;2;;;;;;;;;;3;;;;
23/08/2021;10:29:00;19;2 - Acidente com Vitima;72;BR-116/RJ;Sul;Colisão Frontal;2;;;;;;;;;;2;;1;;
23/08/2021;18:30:00;48;2 - Acidente com Vitima;141,2;BR-116/RJ;Sul;Colisão Lateral;1;1;;;;;;;;;1;;1;;
25/08/2021;08:29:00;11;2 - Acidente com Vitima;133,8;BR-116/RJ;Norte;Colisão Lateral;;;2;;;;;;;;1;;1;;
26/08/2021;01:33:00;3;3 - Acidente com Vitima Sem Lesão;32,5;BR-116/RJ;Norte;Saida de Pista;;;1;;;;;;;;1;;;;
26/08/2021;15:02:00;56;2 - Acidente com Vitima;67,1;BR-116/RJ;Sul;Colisão Transversal;2;;;;;;;;;;2;3;;;
26/08/2021;20:10:00;71;2 - Acidente com Vitima;72,5;BR-116/RJ;Norte;Atropelamento de Cachorro;;;;1;;;;;;;0;2;;;
26/08/2021;11:14:00;26;2 - Acidente com Vitima;127,8;BR-116/RJ;Norte;Queda de Moto;;;;1;;;;;;;0;2;;;
26/08/2021;11:58:00;30;3 - Acidente com Vitima Sem Lesão;140,15;BR-116/RJ;Sul;Saida de Pista;2;;;;;;;;;;2;2;;;
27/08/2021;08:00:00;7;3 - Acidente com Vitima Sem Lesão;79,6;BR-116/RJ;Norte;Colisão Lateral;2;;;;;;;;;;2;;;;
27/08/2021;22:40:00;58;3 - Acidente com Vitima Sem Lesão;88;BR-116/RJ;Norte;Saida de Pista;1;;;;;;;;;;0;1;;;
27/08/2021;08:19:00;8;2 - Acidente com Vitima;143;BR-116/RJ;Sul;Queda de Moto;;;;1;;;;;;;1;;1;;
28/08/2021;07:58:00;8;2 - Acidente com Vitima;113,1;BR-116/RJ;Norte;Queda de Moto;;;;1;;;;;;;0;;1;;
28/08/2021;23:43:00;54;3 - Acidente com Vitima Sem Lesão;122;BR-116/RJ;Norte;Colisão Lateral;2;;;;;;;;;;3;;;;
28/08/2021;10:00:00;18;3 - Acidente com Vitima Sem Lesão;138,4;BR-116/RJ;Norte;Colisão Traseira;1;;;;1;;;;;;2;;;;
29/08/2021;04:04:00;7;2 - Acidente com Vitima;61,6;BR-116/RJ;Sul;Saida de Pista;1;;;;;;;;;;0;;2;;
29/08/2021;19:55:00;57;3 - Acidente com Vitima Sem Lesão;134,8;BR-116/RJ;Norte;Atropelamento de Cachorro;1;;;;;;;;;;1;;;;
30/08/2021;22:32:00;46;3 - Acidente com Vitima Sem Lesão;92,3;BR-116/RJ;Sul;Saida de Pista;1;;;;;;;;;;3;;;;
30/08/2021;05:49:00;3;1 - Acidente com Vitima Fatal;135,2;BR-116/RJ;Sul;Atropelamento - Pessoa;1;;;;;;;;;;1;;;;1
30/08/2021;13:10:00;20;3 - Acidente com Vitima Sem Lesão;143,3;BR-116/RJ;Sul;Engavetamento;3;;;;;;;;;;3;;;;
31/08/2021;19:17:00;57;3 - Acidente com Vitima Sem Lesão;95,1;BR-116/RJ;Sul;Queda de Moto;;;;1;;;;;;;1;;;;
31/08/2021;10:53:00;34;3 - Acidente com Vitima Sem Lesão;104,4;BR-116/RJ;Norte;Choque - Defensa, barreira ou "submarino";1;;;;;;;;;;1;;;;
31/08/2021;12:11:00;39;3 - Acidente com Vitima Sem Lesão;133,5;BR-116/RJ;Norte;Colisão Traseira;;;2;;;;;;;;4;;;;
31/08/2021;22:49:00;67;3 - Acidente com Vitima Sem Lesão;139,3;BR-116/RJ;Norte;Colisão Traseira;2;;;1;;;;;;;3;;;;
02/09/2021;00:01:00;1;3 - Acidente com Vitima Sem Lesão;59,7;BR-116/RJ;Sul;Choque - Defensa, barreira ou "submarino";1;;;;;;;;;;0;1;;;
02/09/2021;16:34:00;47;3 - Acidente com Vitima Sem Lesão;89;BR-116/RJ;Sul;Colisão Traseira;2;;;;;;;;;;2;;;;
02/09/2021;15:24:00;43;3 - Acidente com Vitima Sem Lesão;129,6;BR-116/RJ;Norte;Colisão Lateral;1;;;;1;;;;;;2;;;;
03/09/2021;16:15:00;51;3 - Acidente com Vitima Sem Lesão;25,1;BR-116/RJ;Sul;Saida de Pista;1;;;;;;;;;;1;;;;
03/09/2021;13:09:00;40;3 - Acidente com Vitima Sem Lesão;89;BR-116/RJ;Norte;Colisão Lateral;2;;;;;;;;;;2;;;;
03/09/2021;09:00:00;17;2 - Acidente com Vitima;125,05;BR-116/RJ;Norte;Atropelamento - Pessoa;;;1;;;;;;;;2;;3;1;
03/09/2021;10:25:00;28;2 - Acidente com Vitima;131,15;BR-116/RJ;Norte;Atropelamento - Andarilho;1;;;;;;;;;;1;1;1;;
04/09/2021;09:40:00;18;3 - Acidente com Vitima Sem Lesão;125,3;BR-116/RJ;Sul;Colisão Lateral;1;;;;;;;;;;1;;;;
04/09/2021;15:06:00;42;3 - Acidente com Vitima Sem Lesão;143,5;BR-116/RJ;Norte;Colisão Lateral;2;;1;;;;;;;;3;;;;
05/09/2021;18:25:00;40;2 - Acidente com Vitima;40,2;BR-116/RJ;Norte;Colisão Lateral;1;;;1;;;;;;;1;;2;;
05/09/2021;01:12:00;1;3 - Acidente com Vitima Sem Lesão;49,6;BR-116/RJ;Sul;Choque - Defensa, barreira ou "submarino";1;;;;;;;;;;1;;;;
05/09/2021;03:17:00;6;2 - Acidente com Vitima;53,4;BR-116/RJ;Norte;Saida de Pista;;;1;;;;;;;;0;;;1;
05/09/2021;21:51:00;48;2 - Acidente com Vitima;66,5;BR-116/RJ;Norte;Colisão Lateral;1;;1;;;;;;;;1;;1;;
05/09/2021;18:29:00;41;2 - Acidente com Vitima;70,1;BR-116/RJ;Norte;Capotamento;;;;;;;;;;1;0;;1;;
05/09/2021;01:31:00;2;3 - Acidente com Vitima Sem Lesão;116;BR-116/RJ;Sul;Saida de Pista;1;;;;;;;;;;1;;;;
05/09/2021;19:21:00;43;3 - Acidente com Vitima Sem Lesão;134,8;BR-116/RJ;Sul;Colisão Traseira;2;;;;;;;;;;2;;;;
06/09/2021;20:08:00;61;3 - Acidente com Vitima Sem Lesão;66,2;BR-116/RJ;Sul;Saida de Pista;1;;;;;;;;;;2;;;;
06/09/2021;16:00:00;43;3 - Acidente com Vitima Sem Lesão;100,3;BR-116/RJ;Norte;Saida de Pista;;;1;;;;;;;;1;;;;
06/09/2021;15:52:00;41;2 - Acidente com Vitima;137,6;BR-116/RJ;Norte;Colisão Lateral;;1;;;1;;;;;;1;;1;;
08/09/2021;09:17:00;15;2 - Acidente com Vitima;26;BR-116/RJ;Norte;Queda de Moto;;;;1;;;;;;;0;;1;;
08/09/2021;00:49:00;3;3 - Acidente com Vitima Sem Lesão;142,9;BR-116/RJ;Norte;Colisão Traseira;1;;;;;1;;;;;3;;;;
09/09/2021;05:55:00;5;2 - Acidente com Vitima;107,7;BR-116/RJ;Norte;Colisão Frontal;1;;;1;;;;;;;1;;1;;
09/09/2021;23:34:00;43;2 - Acidente com Vitima;142,7;BR-116/RJ;Norte;Saida de Pista;;;;1;;;;;;;0;;2;;
10/09/2021;06:52:00;4;3 - Acidente com Vitima Sem Lesão;143;BR-116/RJ;Sul;Engavetamento;3;;;;;;;;;;3;;;;
11/09/2021;15:50:00;34;3 - Acidente com Vitima Sem Lesão;102,3;BR-116/RJ;Sul;Saida de Pista;;;1;;;;;;;;0;1;;;
11/09/2021;11:56:00;22;2 - Acidente com Vitima;106,4;BR-116/RJ;Norte;Colisão Lateral;1;;;1;;;;;;;1;;1;;
11/09/2021;19:47:00;42;3 - Acidente com Vitima Sem Lesão;133,55;BR-116/RJ;Sul;Colisão Lateral;2;;;;;;;;;;1;1;;;
12/09/2021;16:59:00;46;2 - Acidente com Vitima;66,3;BR-116/RJ;Sul;Colisão Lateral;3;;;;;;;;;;0;;6;;
12/09/2021;02:40:00;5;3 - Acidente com Vitima Sem Lesão;104;BR-116/RJ;Sul;Atropelamento de Animal;1;;;;;;;;;;1;;;;
13/09/2021;12:53:00;27;3 - Acidente com Vitima Sem Lesão;123,4;BR-116/RJ;Sul;Saida de Pista;1;;;;;;;;;;1;;;;