data;horario;n_da_ocorrencia;tipo_de_ocorrencia;km;trecho;sentido;tipo_de_acidente;automovel;bicicleta;caminhao;moto;onibus;outros;tracao_animal;transporte_de_cargas_especiais;trator_maquinas;utilitarios;ilesos;levemente_feridos;moderadamente_feridos;gravemente_feridos;mortos
10/01/2022;05:47:08;2;Sem vítima;121,900;BR-116/RJ;Decrescente;Saída de pista;1;0;0;0;0;0;0;0;0;0;2;0;0;0;0
10/01/2022;12:22:51;5;Sem vítima;100,000;BR-116/RJ;Crescente;Saída de pista;1;0;0;0;0;0;0;0;0;0;1;0;0;0;0
11/01/2022;12:26:35;39;Sem vítima;84,200;BR-116/RJ;Decrescente;Acidentes de outra natureza;1;0;0;0;0;0;0;0;0;0;0;0;0;0;0
11/01/2022;14:28:20;46;Sem vítima;11,500;BR-116/RJ;Crescente;Acidentes de outra natureza;0;0;1;0;0;0;0;0;0;0;1;0;0;0;0
13/01/2022;09:23:17;15;Sem vítima;40,200;BR-116/RJ;Crescente;Colisão lateral no mesmo sentido;1;0;0;1;0;0;0;0;0;0;1;0;0;0;0
13/01/2022;17:08:13;52;Sem vítima;95,150;BR-116/RJ;Crescente;Saída de pista;0;0;1;0;0;0;0;0;0;0;1;0;0;0;0
13/01/2022;20:01:34;57;Sem vítima;94,400;BR-116/RJ;Crescente;Saída de pista;1;0;0;0;0;0;0;0;0;0;1;0;0;0;0
14/01/2022;12:11:52;23;Com vítima;102,300;BR-116/RJ;Crescente;Colisão lateral no mesmo sentido;2;0;0;0;0;0;0;0;0;0;0;0;3;0;0
14/01/2022;14:44:12;26;Sem vítima;133,250;BR-116/RJ;Crescente;Colisão lateral no mesmo sentido;2;0;0;0;0;0;0;0;0;0;2;0;0;0;0
14/01/2022;17:59:45;48;Com vítima;79,800;BR-116/RJ;Crescente;Colisão lateral no mesmo sentido;0;0;0;1;0;0;0;0;0;0;0;0;1;0;0
15/01/2022;13:46:33;21;Sem vítima;85,200;BR-116/RJ;Decrescente;Saída de pista;1;0;0;0;0;0;0;0;0;0;1;0;0;0;0
16/01/2022;19:01:26;45;Sem vítima;123,100;BR-116/RJ;Decrescente;Choque;2;0;0;0;0;0;0;0;0;0;2;0;0;0;0
16/01/2022;23:26:17;60;Sem vítima;135,200;BR-116/RJ;Crescente;Colisão lateral no mesmo sentido;1;0;0;0;1;0;0;0;0;0;3;0;0;0;0
16/01/2022;23:39:16;57;Com vítima;143,850;BR-116/RJ;Crescente;Choque;1;0;0;0;0;0;0;0;0;0;1;0;1;0;0
17/01/2022;00:50:26;65;Sem vítima;106,400;BR-116/RJ;Decrescente;Saída de pista;1;0;0;0;0;0;0;0;0;0;1;0;0;0;0
18/01/2022;02:39:10;5;Com vítima;118,600;BR-116/RJ;Decrescente;Saída de pista;0;0;0;0;0;0;0;0;0;1;1;0;1;0;0
18/01/2022;22:50:38;74;Com vítima;75,000;BR-116/RJ;Crescente;Atropelamento de pedestre;0;0;0;0;0;0;0;0;0;0;0;0;1;0;0
19/01/2022;11:27:58;20;Sem vítima;122,500;BR-116/RJ;Decrescente;Queda de moto;0;0;0;1;0;0;0;0;0;0;0;0;0;0;0
19/01/2022;11:37:32;22;Sem vítima;123,600;BR-116/RJ;Crescente;Saída de pista;1;0;0;0;0;0;0;0;0;0;1;0;0;0;0
20/01/2022;08:25:03;9;Com vítima;130,300;BR-116/RJ;Crescente;Colisão traseira;0;1;0;0;1;0;0;0;0;0;1;0;0;0;0
20/01/2022;19:28:09;55;Com vítima;73,500;BR-116/RJ;Decrescente;Saída de pista;1;0;1;0;0;0;0;0;0;0;1;0;0;0;1
21/01/2022;18:59:12;42;Com vítima;111,400;BR-116/RJ;Crescente;Queda de moto;0;0;0;1;0;0;0;0;0;0;0;0;1;0;0
23/01/2022;11:00:02;11;Sem vítima;98,100;BR-116/RJ;Decrescente;Colisão lateral no mesmo sentido;1;0;0;1;0;0;0;0;0;0;3;0;0;0;0
23/01/2022;16:13:50;34;Sem vítima;106,200;BR-116/RJ;Decrescente;Saída de pista;1;0;0;0;0;0;0;0;0;0;2;0;0;0;0
23/01/2022;20:07:55;56;Sem vítima;105,900;BR-116/RJ;Decrescente;Saída de pista;1;0;0;0;0;0;0;0;0;0;1;0;0;0;0
23/01/2022;20:48:14;57;Com vítima;106,500;BR-116/RJ;Decrescente;Engavetamento;1;0;0;0;0;0;0;0;0;0;1;0;1;0;0
24/01/2022;03:57:06;3;Com vítima;125,850;BR-116/RJ;Crescente;Saída de pista;1;0;0;0;0;0;0;0;0;0;0;0;0;0;1
24/01/2022;19:16:13;58;Com vítima;143,070;BR-116/RJ;Crescente;Choque;1;0;0;0;1;0;0;0;0;0;1;0;1;0;0
25/01/2022;12:48:48;12;Com vítima;57,900;BR-116/RJ;Crescente;Colisão lateral no mesmo sentido;0;0;0;0;0;0;0;0;0;1;0;0;0;0;1
25/01/2022;12:52:01;13;Com vítima;40,900;BR-116/RJ;Decrescente;Colisão lateral no mesmo sentido;0;0;1;1;0;0;0;0;0;0;1;0;0;1;0
26/01/2022;09:05:48;14;Sem vítima;137,400;BR-116/RJ;Crescente;Colisão traseira;0;0;1;0;1;0;0;0;0;0;2;0;0;0;0
26/01/2022;13:27:13;19;Sem vítima;131,800;BR-116/RJ;Crescente;Colisão lateral no mesmo sentido;0;0;0;0;0;0;0;0;0;0;0;0;0;0;0
26/01/2022;15:19:30;44;Com vítima;66,700;BR-116/RJ;Decrescente;Queda de moto;0;0;0;1;0;0;0;0;0;0;0;0;1;0;0
27/01/2022;20:50:42;57;Com vítima;135,500;BR-116/RJ;Decrescente;Choque;1;0;0;0;0;0;0;0;0;0;2;0;2;0;0
28/01/2022;18:06:49;40;Sem vítima;143,750;BR-116/RJ;Decrescente;Colisão lateral no mesmo sentido;1;0;0;0;0;0;0;0;0;0;1;0;0;0;0
29/01/2022;04:45:12;8;Sem vítima;132,400;BR-116/RJ;Decrescente;Saída de pista;1;0;0;0;0;0;0;0;0;0;1;0;0;0;0
29/01/2022;17:10:17;56;Sem vítima;118,350;BR-116/RJ;Crescente;Saída de pista;1;0;0;0;0;0;0;0;0;0;1;0;0;0;0
30/01/2022;00:12:25;1;Sem vítima;127,150;BR-116/RJ;Crescente;Saída de pista;1;0;0;0;0;0;0;0;0;0;1;0;0;0;0
30/01/2022;15:51:49;26;Sem vítima;43,500;BR-116/RJ;Crescente;Saída de pista;1;0;0;0;0;0;0;0;0;0;1;0;0;0;0
30/01/2022;20:36:36;42;Com vítima;84,200;BR-116/RJ;Decrescente;Atropelamento de pedestre;0;0;0;1;0;0;0;0;0;0;1;0;1;0;0
31/01/2022;08:11:19;8;Sem vítima;99,300;BR-116/RJ;Crescente;Saída de pista;1;0;0;0;0;0;0;0;0;0;1;0;0;0;0
31/01/2022;12:58:58;27;Sem vítima;137,800;BR-116/RJ;Decrescente;Colisão lateral no mesmo sentido;0;0;0;0;1;0;0;0;0;0;1;0;0;0;0
01/02/2022;17:58:43;42;Sem vítima;70,700;BR-116/RJ;Crescente;Queda de moto;0;0;0;1;0;0;0;0;0;0;1;0;0;0;0
01/02/2022;21:47:31;50;Sem vítima;122,250;BR-116/RJ;Decrescente;Choque;1;0;0;0;0;0;0;0;0;0;1;0;0;0;0
01/02/2022;22:37:08;51;Sem vítima;98,400;BR-116/RJ;Crescente;Saída de pista;1;0;0;0;0;0;0;0;0;0;1;0;0;0;0
02/02/2022;17:05:59;51;Sem vítima;74,400;BR-116/RJ;Decrescente;Saída de pista;1;0;0;0;0;0;0;0;0;0;1;0;0;0;0
03/02/2022;14:53:04;30;Sem vítima;6,900;BR-116/RJ;Decrescente;Colisão lateral no mesmo sentido;2;0;0;0;0;0;0;0;0;0;4;0;0;0;0
03/02/2022;17:02:21;45;Sem vítima;98,300;BR-116/RJ;Decrescente;Choque;1;0;0;0;0;0;0;0;0;0;1;0;0;0;0
03/02/2022;17:04:01;43;Sem vítima;11,300;BR-116/RJ;Decrescente;Saída de pista;0;0;0;0;0;0;0;0;0;1;2;0;0;0;0
04/02/2022;14:28:36;34;Sem vítima;40,200;BR-116/RJ;Crescente;Saída de pista;2;0;0;0;0;0;0;0;0;2;5;0;0;0;0
05/02/2022;09:22:43;14;Sem vítima;114,000;BR-116/RJ;Decrescente;Saída de pista;1;0;0;0;0;0;0;0;0;0;1;0;0;0;0
05/02/2022;15:46:08;29;Sem vítima;61,900;BR-116/RJ;Crescente;Colisão lateral no mesmo sentido;1;0;0;1;0;0;0;0;0;0;1;0;0;0;0
06/02/2022;07:59:22;5;Sem vítima;43,400;BR-116/RJ;Crescente;Saída de pista;1;0;0;0;0;0;0;0;0;0;1;0;0;0;0
06/02/2022;11:09:56;16;Sem vítima;83,800;BR-116/RJ;Decrescente;Queda de moto;1;0;0;0;0;0;0;0;0;0;0;0;0;0;0
06/02/2022;23:50:30;59;Sem vítima;140,100;BR-116/RJ;Crescente;Saída de pista;1;0;0;0;0;0;0;0;0;0;1;0;0;0;0
06/02/2022;23:52:41;57;Sem vítima;74,600;BR-116/RJ;Crescente;Capotamento;1;0;0;0;0;0;0;0;0;0;1;0;0;0;0
07/02/2022;10:19:50;15;Sem vítima;122,900;BR-116/RJ;Crescente;Queda de moto;0;0;0;1;0;0;0;0;0;0;1;0;0;0;0
07/02/2022;14:07:27;31;Sem vítima;27,500;BR-116/RJ;Crescente;Saída de pista;1;0;0;0;0;0;0;0;0;0;1;0;0;0;0
07/02/2022;16:39:59;43;Sem vítima;132,450;BR-116/RJ;Crescente;Colisão traseira;2;0;0;0;0;0;0;0;0;0;2;0;0;0;0
07/02/2022;18:25:34;53;Com vítima;114,850;BR-116/RJ;Crescente;Saída de pista;1;0;0;0;0;0;0;0;0;0;2;0;2;0;0
07/02/2022;18:57:29;54;Sem vítima;121,150;BR-116/RJ;Crescente;Saída de pista;1;0;0;0;0;0;0;0;0;0;1;0;0;0;0
08/02/2022;10:49:21;19;Sem vítima;133,400;BR-116/RJ;Crescente;Colisão lateral no mesmo sentido;0;0;0;0;0;0;0;0;0;0;0;0;0;0;0
08/02/2022;17:11:17;33;Sem vítima;125,500;BR-116/RJ;Crescente;Saída de pista;1;0;0;0;0;0;0;0;0;0;1;0;0;0;0
08/02/2022;18:30:03;36;Sem vítima;122,500;BR-116/RJ;Decrescente;Choque;0;0;1;0;0;0;0;0;0;0;2;0;0;0;0
09/02/2022;21:00:14;47;Com vítima;103,800;BR-116/RJ;Crescente;Colisão lateral no mesmo sentido;2;0;1;0;0;0;0;0;0;0;4;0;1;0;0
09/02/2022;21:30:20;49;Com vítima;94,700;BR-116/RJ;Decrescente;Saída de pista;1;0;0;0;0;0;0;0;0;0;0;0;1;0;0
11/02/2022;16:13:10;28;Sem vítima;106,000;BR-116/RJ;Crescente;Choque;1;0;0;0;0;0;0;0;0;0;1;0;0;0;0
12/02/2022;11:32:48;18;Com vítima;98,500;BR-116/RJ;Decrescente;Colisão frontal;2;0;0;0;0;0;0;0;0;0;1;0;2;0;0
12/02/2022;19:43:51;50;Com vítima;99,400;BR-116/RJ;Decrescente;Saída de pista;0;0;1;0;0;0;0;0;0;0;0;0;1;0;0
12/02/2022;20:28:19;52;Sem vítima;98,000;BR-116/RJ;Crescente;Saída de pista;1;0;0;0;0;0;0;0;0;0;1;0;0;0;0
13/02/2022;04:27:49;4;Com vítima;63,400;BR-116/RJ;Decrescente;Queda de moto;0;0;0;1;0;0;0;0;0;0;0;0;1;0;0
13/02/2022;08:12:44;12;Sem vítima;137,400;BR-116/RJ;Decrescente;Choque;1;0;0;0;0;0;0;0;0;0;1;0;0;0;0
13/02/2022;13:44:09;33;Sem vítima;127,100;BR-116/RJ;Crescente;Saída de pista;1;0;0;0;0;0;0;0;0;0;1;0;0;0;0
13/02/2022;19:15:16;51;Sem vítima;101,400;BR-116/RJ;Crescente;Saída de pista;1;0;0;0;0;0;0;0;0;0;1;0;0;0;0
13/02/2022;20:44:27;53;Com vítima;82,900;BR-116/RJ;Crescente;Colisão frontal;2;0;0;0;0;0;0;0;0;0;0;0;3;2;0
13/02/2022;21:12:05;54;Sem vítima;94,300;BR-116/RJ;Decrescente;Colisão traseira;3;0;0;0;0;0;0;0;0;0;3;0;0;0;0
14/02/2022;04:15:48;2;Sem vítima;27,500;BR-116/RJ;Crescente;Tombamento;0;0;0;0;0;0;0;0;0;0;0;0;0;0;0
14/02/2022;09:19:17;13;Sem vítima;131,100;BR-116/RJ;Decrescente;Saída de pista;0;0;0;1;0;0;0;0;0;0;1;0;0;0;0
15/02/2022;18:07:18;39;Sem vítima;102,300;BR-116/RJ;Crescente;Colisão lateral no mesmo sentido;2;0;0;0;0;0;0;0;0;0;2;0;0;0;0
16/02/2022;11:24:45;21;Com vítima;67,200;BR-116/RJ;Decrescente;Atropelamento de pedestre;0;0;0;0;0;0;0;0;0;0;0;0;0;1;0
18/02/2022;14:29:23;28;Sem vítima;39,000;BR-116/RJ;Crescente;Colisão traseira;0;0;0;0;1;0;0;0;0;1;2;0;0;0;0
19/02/2022;05:16:43;4;Com vítima;40,200;BR-116/RJ;Decrescente;Atropelamento de pedestre;0;0;0;1;0;0;0;0;0;0;0;0;2;0;0
19/02/2022;20:18:39;42;Com vítima;108,300;BR-116/RJ;Crescente;Saída de pista;1;0;0;0;0;0;0;0;0;0;0;0;1;0;0
21/02/2022;04:59:00;4;Sem vítima;48,800;BR-116/RJ;Decrescente;Saída de pista;1;0;0;0;0;0;0;0;0;0;1;0;0;0;0
21/02/2022;21:35:39;59;Sem vítima;91,800;BR-116/RJ;Decrescente;Saída de pista;1;0;0;0;0;0;0;0;0;0;1;0;0;0;0
23/02/2022;10:07:47;15;Sem vítima;80,800;BR-116/RJ;Crescente;Saída de pista;1;0;0;0;0;0;0;0;0;0;1;0;0;0;0
23/02/2022;13:25:20;27;Sem vítima;98,300;BR-116/RJ;Crescente;Colisão lateral no mesmo sentido;2;0;0;0;0;0;0;0;0;0;2;0;0;0;0
23/02/2022;16:53:30;40;Sem vítima;138,500;BR-116/RJ;Crescente;Colisão traseira;0;0;0;0;1;0;0;0;0;0;1;0;0;0;0
23/02/2022;18:04:54;49;Sem vítima;90,200;BR-116/RJ;Crescente;Saída de pista;1;0;0;0;0;0;0;0;0;0;2;0;0;0;0
25/02/2022;00:30:02;60;Sem vítima;134,800;BR-116/RJ;Crescente;Acidentes de outra natureza;1;0;0;0;0;0;0;0;0;0;1;0;0;0;0
25/02/2022;08:38:22;12;Sem vítima;65,900;BR-116/RJ;Crescente;Saída de pista;1;0;0;0;0;0;0;0;0;0;2;0;0;0;0
25/02/2022;18:58:28;56;Sem vítima;127,100;BR-116/RJ;Crescente;Saída de pista;1;0;0;0;0;0;0;0;0;0;1;0;0;0;0
26/02/2022;07:01:28;8;Com vítima;113,100;BR-116/RJ;Crescente;Saída de pista;1;0;0;0;0;0;0;0;0;0;0;0;1;0;0
26/02/2022;08:49:48;9;Sem vítima;2,600;BR-116/RJ;Crescente;Choque;1;0;0;0;0;0;0;0;0;0;4;0;0;0;0
26/02/2022;09:01:53;14;Com vítima;49,200;BR-116/RJ;Decrescente;Queda de moto;0;0;0;1;0;0;0;0;0;0;1;0;1;0;0
27/02/2022;00:58:46;2;Com vítima;142,100;BR-116/RJ;Crescente;Queda de moto;0;0;0;1;0;0;0;0;0;0;0;0;0;1;0
27/02/2022;03:43:47;7;Sem vítima;58,300;BR-116/RJ;Decrescente;Saída de pista;1;0;0;0;0;0;0;0;0;0;1;0;0;0;0
27/02/2022;16:44:49;38;Sem vítima;96,000;BR-116/RJ;Crescente;Saída de pista;1;0;0;0;0;0;0;0;0;0;1;0;0;0;0
27/02/2022;22:31:27;51;Com vítima;141,900;BR-116/RJ;Crescente;Colisão lateral no mesmo sentido;1;0;0;1;0;0;0;0;0;0;1;0;1;0;0
28/02/2022;04:22:17;7;Com vítima;76,800;BR-116/RJ;Crescente;Saída de pista;1;0;0;0;0;0;0;0;0;0;0;0;1;0;0
01/03/2022;17:23:43;40;Sem vítima;109,500;BR-116/RJ;Crescente;Colisão traseira;1;0;1;0;0;0;0;0;0;0;2;0;0;0;0
02/03/2022;11:59:50;32;Com vítima;53,600;BR-116/RJ;Decrescente;Engavetamento;3;0;0;0;0;0;0;0;0;0;0;0;1;0;0
02/03/2022;20:19:14;56;Com vítima;125,600;BR-116/RJ;Crescente;Choque;1;0;0;0;0;0;0;0;0;0;0;0;1;0;0
03/03/2022;10:49:14;18;Sem vítima;143,500;BR-116/RJ;Decrescente;Colisão traseira;1;0;0;0;1;0;0;0;0;0;2;0;0;0;0
03/03/2022;14:46:46;38;Sem vítima;133,500;BR-116/RJ;Crescente;Colisão lateral no mesmo sentido;1;1;0;0;0;0;0;0;0;0;1;0;0;0;0
03/03/2022;23:25:33;70;Com vítima;38,400;BR-116/RJ;Crescente;Saída de pista;0;0;0;1;0;0;0;0;0;0;0;0;0;0;1
05/03/2022;10:54:02;20;Sem vítima;91,000;BR-116/RJ;Crescente;Colisão traseira;2;0;0;0;0;0;0;0;0;0;2;0;0;0;0
05/03/2022;15:59:18;33;Com vítima;93,500;BR-116/RJ;Crescente;Colisão lateral no mesmo sentido;0;0;1;1;0;0;0;0;0;0;1;0;0;1;0
06/03/2022;15:17:23;26;Com vítima;102,000;BR-116/RJ;Decrescente;Queda de moto;0;0;0;1;0;0;0;0;0;0;0;0;1;0;0
06/03/2022;15:26:20;29;Com vítima;104,250;BR-116/RJ;Decrescente;Saída de pista;1;0;0;0;0;0;0;0;0;0;0;0;1;0;0
08/03/2022;07:16:44;4;Sem vítima;114,900;BR-116/RJ;Crescente;Saída de pista;1;0;0;0;0;0;0;0;0;0;1;0;0;0;0
08/03/2022;13:46:35;21;Sem vítima;137,850;BR-116/RJ;Decrescente;Colisão traseira;2;0;0;0;0;0;0;0;0;0;2;0;0;0;0
08/03/2022;21:45:35;46;Com vítima;140,100;BR-116/RJ;Decrescente;Colisão traseira;1;0;0;0;0;0;0;0;0;0;1;0;1;0;0
09/03/2022;10:42:26;24;Com vítima;141,800;BR-116/RJ;Crescente;Queda de moto;0;0;0;1;0;0;0;0;0;0;0;0;1;0;0
09/03/2022;21:55:26;53;Sem vítima;14,800;BR-116/RJ;Crescente;Acidentes de outra natureza;0;0;0;0;0;0;0;0;0;0;0;0;0;0;0
10/03/2022;20:33:14;54;Sem vítima;34,400;BR-116/RJ;Decrescente;Choque;1;0;0;0;0;0;0;0;0;0;2;0;0;0;0
10/03/2022;20:33:17;55;Sem vítima;34,400;BR-116/RJ;Crescente;Choque;1;0;0;0;0;0;0;0;0;0;1;0;0;0;0
11/03/2022;03:05:49;2;Sem vítima;124,300;BR-116/RJ;Decrescente;Choque;2;0;0;0;0;0;0;0;0;0;3;0;0;0;0
11/03/2022;13:49:46;24;Com vítima;79,500;BR-116/RJ;Crescente;Colisão traseira;1;0;0;1;0;0;0;0;0;0;1;0;1;0;0
11/03/2022;21:24:15;61;Sem vítima;107,300;BR-116/RJ;Crescente;Acidentes de outra natureza;1;0;0;0;0;0;0;0;0;0;1;0;0;0;0
12/03/2022;21:14:48;57;Sem vítima;134,600;BR-116/RJ;Decrescente;Acidentes de outra natureza;1;0;0;0;0;0;0;0;0;0;1;0;0;0;0
12/03/2022;21:28:35;58;Com vítima;125,500;BR-116/RJ;Crescente;Colisão lateral no mesmo sentido;0;0;0;1;0;0;0;0;0;0;0;0;1;0;0
12/03/2022;23:00:08;62;Com vítima;131,900;BR-116/RJ;Crescente;Colisão traseira;1;0;0;0;0;0;0;0;0;0;1;0;1;0;0
13/03/2022;18:24:58;46;Sem vítima;87,400;BR-116/RJ;Decrescente;Saída de pista;1;0;0;0;0;0;0;0;0;0;1;0;0;0;0
13/03/2022;19:05:57;48;Com vítima;142,750;BR-116/RJ;Decrescente;Engavetamento;2;0;0;0;0;0;0;0;0;0;2;0;1;0;0
13/03/2022;20:16:41;52;Sem vítima;109,900;BR-116/RJ;Crescente;Saída de pista;1;0;0;0;0;0;0;0;0;0;1;0;0;0;0
14/03/2022;22:57:44;67;Sem vítima;136,800;BR-116/RJ;Decrescente;Colisão traseira;1;0;0;0;0;0;0;0;0;0;1;0;0;0;0
15/03/2022;03:57:38;1;Sem vítima;37,950;BR-116/RJ;Decrescente;Atropelamento de animal;1;0;0;0;0;0;0;0;0;0;3;0;0;0;0
15/03/2022;19:08:27;51;Com vítima;29,400;BR-116/RJ;Crescente;Colisão traseira;0;0;2;0;0;0;0;0;0;0;2;0;1;0;0
15/03/2022;19:18:41;46;Sem vítima;133,500;BR-116/RJ;Decrescente;Colisão lateral no mesmo sentido;1;0;0;0;0;0;0;0;0;0;1;0;0;0;0
17/03/2022;15:31:57;22;Sem vítima;99,500;BR-116/RJ;Crescente;Queda de moto;0;0;0;1;0;0;0;0;0;0;0;0;0;0;0
19/03/2022;09:31:57;10;Sem vítima;65,800;BR-116/RJ;Decrescente;Colisão lateral no mesmo sentido;1;0;0;0;0;0;0;0;0;1;4;0;0;0;0
19/03/2022;17:28:41;40;Sem vítima;22,600;BR-116/RJ;Crescente;Saída de pista;1;0;0;0;0;0;0;0;0;0;2;0;0;0;0
20/03/2022;14:32:23;23;Com vítima;102,300;BR-116/RJ;Decrescente;Colisão lateral no mesmo sentido;2;0;0;1;0;0;0;0;0;0;0;0;2;0;0
20/03/2022;15:42:38;26;Sem vítima;75,500;BR-116/RJ;Decrescente;Saída de pista;1;0;0;0;0;0;0;0;0;0;1;0;0;0;0
20/03/2022;15:47:37;25;Sem vítima;57,450;BR-116/RJ;Crescente;Saída de pista;1;0;0;0;0;0;0;0;0;0;0;0;0;0;0
20/03/2022;19:42:42;36;Sem vítima;118,700;BR-116/RJ;Decrescente;Saída de pista;1;0;0;0;0;0;0;0;0;0;1;0;0;0;0
20/03/2022;22:00:41;51;Sem vítima;125,400;BR-116/RJ;Crescente;Saída de pista;1;0;0;0;0;0;0;0;0;0;2;0;0;0;0
22/03/2022;09:27:53;10;Sem vítima;129,500;BR-116/RJ;Crescente;Colisão lateral no mesmo sentido;0;0;1;0;0;0;0;0;0;0;1;0;0;0;0
22/03/2022;17:49:46;36;Sem vítima;99,300;BR-116/RJ;Crescente;Saída de pista;1;0;0;0;0;0;0;0;0;0;1;0;0;0;0
23/03/2022;11:00:56;8;Sem vítima;87,900;BR-116/RJ;Crescente;Saída de pista;1;0;0;0;0;0;0;0;0;0;1;0;0;0;0
24/03/2022;07:34:40;8;Sem vítima;105,800;BR-116/RJ;Crescente;Saída de pista;1;0;0;0;0;0;0;0;0;0;1;0;0;0;0
24/03/2022;07:54:33;11;Sem vítima;134,900;BR-116/RJ;Crescente;Colisão lateral no mesmo sentido;0;0;0;0;1;0;0;0;0;1;2;0;0;0;0
24/03/2022;19:50:56;50;Com vítima;12,700;BR-116/RJ;Decrescente;Atropelamento de animal;2;0;0;0;0;0;0;0;0;0;1;0;1;0;0
31/03/2022;08:38:11;15;Com vítima;32,200;BR-116/RJ;Decrescente;Saída de pista;1;0;0;0;0;0;0;0;0;0;0;0;4;0;0
01/04/2022;07:02:01;9;Sem vítima;126,800;BR-116/RJ;Crescente;Colisão lateral no mesmo sentido;0;0;2;0;0;0;0;0;0;0;2;0;0;0;0
01/04/2022;14:27:40;30;Sem vítima;43,300;BR-116/RJ;Crescente;Saída de pista;1;0;0;0;0;0;0;0;0;0;1;0;0;0;0
01/04/2022;19:01:02;47;Com vítima;107,050;BR-116/RJ;Decrescente;Atropelamento de pedestre;0;0;1;0;0;0;0;0;0;0;1;0;0;1;0
02/04/2022;07:12:41;5;Com vítima;141,800;BR-116/RJ;Crescente;Colisão frontal;0;1;0;1;0;0;0;0;0;0;1;0;0;0;0
02/04/2022;21:13:40;44;Sem vítima;141,200;BR-116/RJ;Decrescente;Saída de pista;1;0;0;0;0;0;0;0;0;0;1;0;0;0;0
02/04/2022;22:49:54;46;Sem vítima;125,850;BR-116/RJ;Crescente;Saída de pista;0;0;0;0;0;0;0;0;0;0;0;0;0;0;0
03/04/2022;12:06:00;10;Sem vítima;41,150;BR-116/RJ;Crescente;Saída de pista;1;0;0;0;0;0;0;0;0;0;1;0;0;0;0
03/04/2022;16:57:17;23;Sem vítima;28,100;BR-116/RJ;Crescente;Colisão lateral no mesmo sentido;1;0;0;0;1;0;0;0;0;0;2;0;0;0;0
03/04/2022;17:24:42;28;Sem vítima;100,400;BR-116/RJ;Decrescente;Saída de pista;1;0;0;0;0;0;0;0;0;0;1;0;0;0;0
03/04/2022;21:28:45;39;Com vítima;57,500;BR-116/RJ;Crescente;Colisão lateral no mesmo sentido;1;0;1;0;0;0;0;0;0;0;4;0;2;0;0
04/04/2022;10:15:26;30;Sem vítima;144,000;BR-116/RJ;Decrescente;Saída de pista;1;0;0;0;0;0;0;0;0;0;1;0;0;0;0
04/04/2022;20:00:23;68;Com vítima;142,700;BR-116/RJ;Decrescente;Colisão traseira;1;0;0;1;0;0;0;0;0;0;1;0;1;0;0
05/04/2022;21:42:47;37;Sem vítima;75,200;BR-116/RJ;Crescente;Queda de moto;0;0;0;1;0;0;0;0;0;0;1;0;0;0;0
06/04/2022;01:58:10;1;Sem vítima;29,300;BR-116/RJ;Crescente;Colisão lateral no mesmo sentido;0;0;1;0;0;0;0;0;0;0;1;0;0;0;0
06/04/2022;08:17:53;11;Sem vítima;106,200;BR-116/RJ;Decrescente;Saída de pista;1;0;0;0;0;0;0;0;0;0;1;0;0;0;0
09/04/2022;09:30:36;9;Sem vítima;63,300;BR-116/RJ;Decrescente;Saída de pista;1;0;0;0;0;0;0;0;0;0;1;0;0;0;0
09/04/2022;21:59:31;58;Sem vítima;71,500;BR-116/RJ;Crescente;Queda de moto;0;0;0;1;0;0;0;0;0;0;0;0;0;0;0
10/04/2022;07:40:49;6;Com vítima;111,800;BR-116/RJ;Crescente;Colisão traseira;0;1;0;1;0;0;0;0;0;0;0;0;1;0;0
10/04/2022;18:42:35;39;Com vítima;78,100;BR-116/RJ;Crescente;Colisão lateral no mesmo sentido;1;0;0;0;0;0;0;0;0;0;1;0;1;0;0
11/04/2022;17:08:45;35;Sem vítima;73,700;BR-116/RJ;Decrescente;Saída de pista;1;0;0;0;0;0;0;0;0;0;3;0;0;0;0
12/04/2022;01:16:50;1;Sem vítima;63,200;BR-116/RJ;Decrescente;Saída de pista;1;0;0;0;0;0;0;0;0;0;1;0;0;0;0
12/04/2022;13:50:58;26;Sem vítima;127,070;BR-116/RJ;Crescente;Saída de pista;1;0;0;0;0;0;0;0;0;0;1;0;0;0;0
13/04/2022;07:07:10;4;Sem vítima;143,300;BR-116/RJ;Decrescente;Colisão traseira;1;0;0;0;1;0;0;0;0;0;2;0;0;0;0
13/04/2022;14:14:14;36;Sem vítima;127,950;BR-116/RJ;Decrescente;Saída de pista;1;0;0;0;0;0;0;0;0;0;1;0;0;0;0
13/04/2022;15:20:12;44;Sem vítima;132,000;BR-116/RJ;Decrescente;Saída de pista;1;0;0;0;0;0;0;0;0;0;1;0;0;0;0
15/04/2022;20:30:50;42;Sem vítima;136,700;BR-116/RJ;Crescente;Choque;1;0;0;0;0;0;0;0;0;0;1;0;0;0;0
16/04/2022;21:56:09;47;Com vítima;47,950;BR-116/RJ;Decrescente;Colisão traseira;2;0;0;0;0;0;0;0;0;0;4;0;3;1;0
19/04/2022;00:24:18;65;Sem vítima;140,300;BR-116/RJ;Crescente;Colisão traseira;2;0;0;0;0;0;0;0;0;0;2;0;0;0;0
21/04/2022;01:53:22;1;Com vítima;129,800;BR-116/RJ;Crescente;Colisão traseira;1;0;1;0;0;0;0;0;0;0;1;0;1;0;0
21/04/2022;17:28:38;46;Com vítima;67,100;BR-116/RJ;Crescente;Colisão lateral no mesmo sentido;0;0;0;2;0;0;0;0;0;0;0;0;0;2;0
22/04/2022;16:48:58;38;Com vítima;141,500;BR-116/RJ;Crescente;Saída de pista;1;0;0;0;0;0;0;0;0;0;0;0;2;0;0
23/04/2022;06:30:35;4;Sem vítima;131,800;BR-116/RJ;Decrescente;Saída de pista;1;0;0;0;0;0;0;0;0;0;1;0;0;0;0