data;horario;n_da_ocorrencia;tipo_de_ocorrencia;km;trecho;sentido;tipo_de_acidente;automovel;bicicleta;caminhao;moto;onibus;outros;tracao_animal;transporte_de_cargas_especiais;trator_maquinas;utilitarios;ilesos;levemente_feridos;moderadamente_feridos;gravemente_feridos;mortos
24/04/2022;16:29:51;33;Sem vítima;104,300;BR-116/RJ;Crescente;Colisão lateral no mesmo sentido;2;0;0;0;0;0;0;0;0;0;2;0;0;0;0
25/04/2022;05:44:46;4;Com vítima;141,200;BR-116/RJ;Decrescente;Colisão traseira;1;1;0;0;0;0;0;0;0;0;1;0;0;0;0
25/04/2022;14:04:55;31;Sem vítima;66,000;BR-116/RJ;Crescente;Colisão traseira;1;0;1;0;0;0;0;0;0;0;2;0;0;0;0
25/04/2022;22:18:06;54;Sem vítima;142,400;BR-116/RJ;Decrescente;Colisão traseira;2;0;0;0;0;0;0;0;0;0;2;0;0;0;0
26/04/2022;11:20:00;26;Com vítima;143,250;BR-116/RJ;Crescente;Saída de pista;0;0;0;0;0;0;0;0;0;0;0;0;0;0;0
26/04/2022;23:35:32;76;Sem vítima;98,100;BR-116/RJ;Decrescente;Queda de moto;0;0;0;1;0;0;0;0;0;0;0;0;0;0;0
27/04/2022;13:24:23;25;Sem vítima;29,600;BR-116/RJ;Crescente;Saída de pista;0;0;0;0;0;0;0;0;0;0;0;0;0;0;0
28/04/2022;03:30:51;3;Sem vítima;127,100;BR-116/RJ;Crescente;Saída de pista;1;0;0;0;0;0;0;0;0;0;1;0;0;0;0
28/04/2022;13:49:36;27;Sem vítima;92,300;BR-116/RJ;Decrescente;Colisão traseira;1;0;1;0;0;0;0;0;0;0;2;0;0;0;0
29/04/2022;16:41:26;37;Com vítima;114,500;BR-116/RJ;Crescente;Acidentes de outra natureza;1;0;0;1;0;0;0;0;0;0;1;0;1;0;0
30/04/2022;11:45:06;16;Com vítima;65,800;BR-116/RJ;Crescente;Capotamento;1;0;0;0;0;0;0;0;0;0;0;0;3;0;0
30/04/2022;14:55:11;21;Sem vítima;66,800;BR-116/RJ;Crescente;Saída de pista;1;0;0;0;0;0;0;0;0;0;2;0;0;0;0
30/04/2022;14:55:12;23;Sem vítima;27,800;BR-116/RJ;Crescente;Saída de pista;1;0;0;0;0;0;0;0;0;0;1;0;0;0;0
01/05/2022;16:48:12;34;Sem vítima;75,600;BR-116/RJ;Crescente;Saída de pista;1;0;0;0;0;0;0;0;0;0;1;0;0;0;0
02/05/2022;09:39:04;25;Com vítima;99,400;BR-116/RJ;Decrescente;Tombamento;0;0;1;0;0;0;0;0;0;0;1;0;1;0;0
03/05/2022;12:50:45;8;Sem vítima;95,000;BR-116/RJ;Decrescente;Saída de pista;0;0;0;0;0;0;0;0;0;0;0;0;0;0;0
03/05/2022;16:06:19;26;Sem vítima;90,000;BR-116/RJ;Crescente;Colisão traseira;2;0;0;0;0;0;0;0;0;0;2;0;0;0;0
03/05/2022;17:33:58;34;Com vítima;100,600;BR-116/RJ;Crescente;Saída de pista;0;0;0;1;0;0;0;0;0;0;0;0;0;1;0
04/05/2022;13:03:30;25;Com vítima;94,800;BR-116/RJ;Crescente;Colisão traseira;1;0;2;0;0;0;0;0;0;0;2;0;1;0;0
06/05/2022;21:49:09;56;Sem vítima;104,900;BR-116/RJ;Decrescente;Capotamento;1;0;0;0;0;0;0;0;0;0;1;0;0;0;0
07/05/2022;05:00:15;3;Sem vítima;123,000;BR-116/RJ;Decrescente;Queda de moto;0;0;0;1;0;0;0;0;0;0;0;0;0;0;0
07/05/2022;09:34:58;11;Com vítima;68,000;BR-116/RJ;Crescente;Queda de moto;0;0;0;1;0;0;0;0;0;0;1;0;1;0;0
07/05/2022;18:50:43;55;Com vítima;40,700;BR-116/RJ;Decrescente;Colisão transversal;0;0;0;1;0;0;0;0;0;0;0;0;0;1;0
08/05/2022;11:53:15;20;Sem vítima;142,750;BR-116/RJ;Decrescente;Colisão traseira;2;0;0;0;0;0;0;0;0;0;2;0;0;0;0
08/05/2022;13:09:29;23;Sem vítima;142,650;BR-116/RJ;Decrescente;Colisão traseira;2;0;0;0;0;0;0;0;0;0;2;0;0;0;0
08/05/2022;15:05:14;28;Sem vítima;99,600;BR-116/RJ;Decrescente;Saída de pista;1;0;0;0;0;0;0;0;0;0;0;0;0;0;0
09/05/2022;16:18:24;31;Sem vítima;144,000;BR-116/RJ;Crescente;Queda de moto;0;0;0;1;0;0;0;0;0;0;0;0;0;0;0
10/05/2022;18:21:27;52;Sem vítima;138,300;BR-116/RJ;Decrescente;Colisão lateral no mesmo sentido;1;0;0;0;1;0;0;0;0;0;2;0;0;0;0
11/05/2022;17:58:18;34;Sem vítima;138,400;BR-116/RJ;Decrescente;Colisão lateral no mesmo sentido;1;0;0;0;0;0;0;0;0;0;2;0;0;0;0
13/05/2022;19:10:29;55;Sem vítima;127,100;BR-116/RJ;Decrescente;Colisão lateral no mesmo sentido;2;0;0;0;0;0;0;0;0;0;2;0;0;0;0
15/05/2022;10:20:14;13;Com vítima;135,200;BR-116/RJ;Decrescente;Saída de pista;1;0;0;0;0;0;0;0;0;0;1;0;1;0;0
15/05/2022;15:09:42;23;Sem vítima;50,000;BR-116/RJ;Crescente;Choque;1;0;0;0;0;0;0;0;0;0;0;0;0;0;0
15/05/2022;17:14:39;34;Com vítima;137,500;BR-116/RJ;Crescente;Saída de pista;0;0;0;0;0;0;0;0;0;1;1;0;1;0;0
16/05/2022;00:00:49;51;Sem vítima;123,600;BR-116/RJ;Decrescente;Queda de moto;0;0;0;1;0;0;0;0;0;0;1;0;0;0;0
16/05/2022;17:32:08;33;Sem vítima;133,500;BR-116/RJ;Crescente;Colisão traseira;1;0;0;0;0;0;0;0;0;0;1;0;0;0;0
16/05/2022;20:36:48;39;Com vítima;115,000;BR-116/RJ;Decrescente;Atropelamento de pedestre;0;0;0;0;0;0;0;0;0;0;0;0;0;1;0
17/05/2022;07:57:02;7;Sem vítima;143,300;BR-116/RJ;Crescente;Colisão lateral no mesmo sentido;1;0;0;1;0;0;0;0;0;0;1;0;0;0;0
18/05/2022;17:29:43;43;Com vítima;100,000;BR-116/RJ;Crescente;Colisão lateral no mesmo sentido;0;0;0;1;0;0;0;0;0;0;0;0;0;0;1
19/05/2022;00:12:30;57;Sem vítima;75,350;BR-116/RJ;Decrescente;Saída de pista;1;0;0;0;0;0;0;0;0;0;1;0;0;0;0
19/05/2022;00:13:33;56;Com vítima;75,300;BR-116/RJ;Decrescente;Queda de moto;0;0;0;1;0;0;0;0;0;0;0;0;1;1;0
19/05/2022;15:00:20;24;Sem vítima;116,700;BR-116/RJ;Crescente;Saída de pista;0;0;0;0;0;0;0;0;0;1;1;0;0;0;0
21/05/2022;02:58:37;4;Sem vítima;36,400;BR-116/RJ;Crescente;Saída de pista;1;0;0;0;0;0;0;0;0;0;1;0;0;0;0
21/05/2022;05:15:41;6;Sem vítima;79,500;BR-116/RJ;Decrescente;Acidentes de outra natureza;1;0;0;0;0;0;0;0;0;0;1;0;0;0;0
21/05/2022;09:23:38;12;Com vítima;106,700;BR-116/RJ;Crescente;Queda de moto;0;0;0;1;0;0;0;0;0;0;0;0;1;0;0
21/05/2022;19:06:58;38;Com vítima;65,400;BR-116/RJ;Decrescente;Colisão traseira;0;1;0;0;0;0;0;0;0;0;0;0;0;0;0
22/05/2022;05:15:29;5;Com vítima;57,950;BR-116/RJ;Decrescente;Colisão traseira;0;0;1;1;0;0;0;0;0;0;1;0;0;0;1
22/05/2022;06:50:02;6;Sem vítima;143,400;BR-116/RJ;Crescente;Choque;1;0;0;0;0;0;0;0;0;0;1;0;0;0;0
23/05/2022;16:19:01;24;Com vítima;64,700;BR-116/RJ;Decrescente;Colisão lateral no mesmo sentido;0;0;0;1;0;0;0;0;0;0;0;0;1;0;0
24/05/2022;00:27:27;45;Sem vítima;38,700;BR-116/RJ;Decrescente;Capotamento;1;0;0;0;0;0;0;0;0;0;1;0;0;0;0
24/05/2022;16:28:03;32;Com vítima;131,950;BR-116/RJ;Crescente;Colisão traseira;0;0;0;0;0;0;1;0;0;2;2;0;0;0;0
25/05/2022;08:00:46;6;Com vítima;132,900;BR-116/RJ;Crescente;Choque;0;0;0;1;0;0;0;0;0;0;0;0;2;0;0
25/05/2022;14:41:33;25;Sem vítima;84,900;BR-116/RJ;Crescente;Saída de pista;0;0;1;0;0;0;0;0;0;0;1;0;0;0;0
25/05/2022;18:29:38;41;Sem vítima;137,400;BR-116/RJ;Crescente;Colisão traseira;1;0;0;0;1;0;0;0;0;0;2;0;0;0;0
25/05/2022;20:57:00;45;Com vítima;14,500;BR-116/RJ;Crescente;Colisão lateral no mesmo sentido;0;0;1;0;0;0;0;0;0;0;0;0;1;0;0
26/05/2022;00:17:56;50;Sem vítima;74,500;BR-116/RJ;Crescente;Saída de pista;1;0;0;0;0;0;0;0;0;0;1;0;0;0;0
26/05/2022;03:37:33;3;Sem vítima;88,000;BR-116/RJ;Crescente;Saída de pista;1;0;0;0;0;0;0;0;0;0;1;0;0;0;0
26/05/2022;15:50:27;35;Com vítima;122,500;BR-116/RJ;Decrescente;Queda de moto;0;0;0;1;0;0;0;0;0;0;0;0;1;0;0
27/05/2022;21:05:07;37;Com vítima;74,500;BR-116/RJ;Crescente;Atropelamento de pedestre;0;0;0;0;1;0;0;0;0;0;1;0;0;0;1
28/05/2022;04:53:57;3;Sem vítima;137,990;BR-116/RJ;Decrescente;Saída de pista;1;0;0;0;0;0;0;0;0;0;2;0;0;0;0
28/05/2022;08:40:38;9;Com vítima;40,800;BR-116/RJ;Crescente;Colisão transversal;0;0;0;2;0;0;0;0;0;0;1;0;1;0;0
28/05/2022;17:25:40;38;Com vítima;97,700;BR-116/RJ;Crescente;Queda de moto;0;0;0;1;0;0;0;0;0;0;0;0;2;0;0
29/05/2022;12:05:32;16;Sem vítima;89,800;BR-116/RJ;Crescente;Choque;2;0;0;0;0;0;0;0;0;0;2;0;0;0;0
30/05/2022;04:22:50;5;Sem vítima;130,500;BR-116/RJ;Decrescente;Atropelamento de animal;0;0;1;0;0;0;0;0;0;0;1;0;0;0;0
31/05/2022;16:12:12;32;Com vítima;83,300;BR-116/RJ;Decrescente;Colisão frontal;0;1;0;1;0;0;0;0;0;0;1;0;1;0;0
01/06/2022;08:50:03;4;Sem vítima;75,900;BR-116/RJ;Decrescente;Queda de moto;0;0;0;1;0;0;0;0;0;0;1;0;0;0;0
01/06/2022;09:10:17;5;Com vítima;75,900;BR-116/RJ;Decrescente;Queda de moto;0;0;0;1;0;0;0;0;0;0;0;0;1;0;0
02/06/2022;10:18:48;17;Sem vítima;102,800;BR-116/RJ;Decrescente;Colisão traseira;1;0;0;1;0;0;0;0;0;0;0;0;0;0;0
03/06/2022;12:55:28;23;Com vítima;106,350;BR-116/RJ;Crescente;Colisão traseira;1;1;0;0;0;0;0;0;0;0;1;0;0;0;0
03/06/2022;15:47:27;25;Sem vítima;88,300;BR-116/RJ;Decrescente;Saída de pista;0;0;1;0;0;0;0;0;0;0;1;0;0;0;0
03/06/2022;19:18:39;46;Sem vítima;79,800;BR-116/RJ;Crescente;Colisão traseira;1;0;0;0;0;0;0;0;0;1;3;0;0;0;0
04/06/2022;14:00:11;20;Sem vítima;77,150;BR-116/RJ;Crescente;Queda de moto;0;0;0;1;0;0;0;0;0;0;1;0;0;0;0
04/06/2022;14:40:07;23;Sem vítima;77,150;BR-116/RJ;Crescente;Queda de moto;0;0;0;1;0;0;0;0;0;0;1;0;0;0;0
04/06/2022;15:50:40;34;Sem vítima;95,050;BR-116/RJ;Crescente;Saída de pista;1;0;0;0;0;0;0;0;0;0;1;0;0;0;0
05/06/2022;19:48:19;49;Sem vítima;109,800;BR-116/RJ;Decrescente;Acidentes de outra natureza;1;0;0;0;0;0;0;0;0;0;1;0;0;0;0
06/06/2022;07:07:35;2;Com vítima;78,950;BR-116/RJ;Crescente;Atropelamento de pedestre;0;0;0;1;0;0;0;0;0;0;0;0;2;0;0
06/06/2022;16:50:00;21;Sem vítima;72,000;BR-116/RJ;Crescente;Tombamento;0;0;0;0;0;0;0;0;0;0;0;0;0;0;0
06/06/2022;20:16:56;36;Sem vítima;41,900;BR-116/RJ;Decrescente;Colisão lateral no mesmo sentido;1;0;0;0;1;0;0;0;0;0;1;0;0;0;0
08/06/2022;09:39:36;13;Sem vítima;47,600;BR-116/RJ;Crescente;Colisão transversal;0;0;0;0;0;0;0;0;0;1;1;0;0;0;0
08/06/2022;19:21:54;52;Com vítima;95,500;BR-116/RJ;Crescente;Saída de pista;1;0;0;0;0;0;0;0;0;0;0;0;1;0;0
09/06/2022;09:17:28;7;Sem vítima;114,900;BR-116/RJ;Crescente;Colisão traseira;2;0;0;0;0;0;0;0;0;0;2;0;0;0;0
09/06/2022;14:47:56;23;Sem vítima;131,750;BR-116/RJ;Decrescente;Choque;0;0;0;0;0;0;0;0;0;1;1;0;0;0;0
10/06/2022;07:33:42;6;Sem vítima;32,800;BR-116/RJ;Crescente;Saída de pista;0;0;0;0;0;0;0;0;0;1;0;0;0;0;0
10/06/2022;12:06:19;15;Sem vítima;106,100;BR-116/RJ;Decrescente;Colisão lateral no mesmo sentido;2;0;0;0;0;0;0;0;0;0;2;0;0;0;0
10/06/2022;16:24:00;30;Com vítima;142,700;BR-116/RJ;Crescente;Colisão lateral no mesmo sentido;1;0;0;1;0;0;0;0;0;0;1;0;1;0;0
10/06/2022;23:05:21;44;Sem vítima;99,500;BR-116/RJ;Crescente;Choque;1;0;0;0;0;0;0;0;0;0;1;0;0;0;0
11/06/2022;01:52:26;5;Sem vítima;141,900;BR-116/RJ;Crescente;Atropelamento de animal;1;0;0;0;0;0;0;0;0;0;1;0;0;0;0
11/06/2022;08:43:04;11;Sem vítima;104,300;BR-116/RJ;Decrescente;Colisão transversal;2;0;0;0;0;0;0;0;0;0;2;0;0;0;0
11/06/2022;18:11:13;28;Sem vítima;99,000;BR-116/RJ;Crescente;Choque;1;0;0;0;0;0;0;0;0;0;1;0;0;0;0
12/06/2022;07:49:12;6;Sem vítima;97,800;BR-116/RJ;Decrescente;Colisão traseira;2;0;0;0;0;0;0;0;0;0;2;0;0;0;0
13/06/2022;03:34:07;3;Sem vítima;5,300;BR-116/RJ;Decrescente;Choque;1;0;0;0;0;0;0;0;0;0;1;0;0;0;0
13/06/2022;18:00:57;45;Sem vítima;114,700;BR-116/RJ;Decrescente;Atropelamento de pedestre;0;0;0;0;0;0;0;0;0;0;0;0;0;0;0
13/06/2022;20:04:49;55;Com vítima;134,200;BR-116/RJ;Crescente;Colisão traseira;1;0;0;1;0;0;0;0;0;0;1;0;2;0;0
14/06/2022;09:54:15;12;Sem vítima;94,050;BR-116/RJ;Crescente;Saída de pista;1;0;0;0;0;0;0;0;0;0;1;0;0;0;0
14/06/2022;19:59:06;34;Sem vítima;143,800;BR-116/RJ;Decrescente;Colisão traseira;2;0;0;0;0;0;0;0;0;0;2;0;0;0;0
16/06/2022;22:25:58;41;Com vítima;125,400;BR-116/RJ;Crescente;Colisão traseira;2;0;0;0;0;0;0;0;0;0;1;0;1;0;0
17/06/2022;07:40:20;3;Sem vítima;143,000;BR-116/RJ;Crescente;Colisão lateral no mesmo sentido;0;0;0;0;0;0;0;0;0;0;0;0;0;0;0
17/06/2022;17:08:13;25;Com vítima;67,200;BR-116/RJ;Crescente;Colisão transversal;3;0;0;0;0;0;0;0;0;0;3;0;1;0;0
17/06/2022;19:13:04;33;Com vítima;95,200;BR-116/RJ;Decrescente;Queda de moto;0;0;0;1;0;0;0;0;0;0;0;0;1;0;0
17/06/2022;21:24:44;43;Com vítima;92,950;BR-116/RJ;Crescente;Saída de pista;1;0;0;0;0;0;0;0;0;0;0;0;1;0;0
18/06/2022;03:20:02;7;Com vítima;76,000;BR-116/RJ;Crescente;Colisão lateral no mesmo sentido;1;0;0;1;0;0;0;0;0;0;1;0;0;1;0
18/06/2022;16:10:35;38;Com vítima;81,100;BR-116/RJ;Decrescente;Choque;2;0;0;0;0;0;0;0;0;0;0;0;1;0;0
18/06/2022;16:53:26;40;Com vítima;122,200;BR-116/RJ;Decrescente;Queda de moto;0;0;0;1;0;0;0;0;0;0;0;0;2;0;0
19/06/2022;00:20:13;50;Com vítima;79,200;BR-116/RJ;Decrescente;Queda de moto;0;0;0;1;0;0;0;0;0;0;0;0;0;1;0
19/06/2022;05:16:32;5;Sem vítima;81,300;BR-116/RJ;Decrescente;Saída de pista;1;0;0;0;0;0;0;0;0;0;1;0;0;0;0
19/06/2022;08:44:57;11;Com vítima;98,500;BR-116/RJ;Decrescente;Choque;2;0;0;0;0;0;0;0;0;0;2;0;1;0;0
20/06/2022;14:24:50;28;Com vítima;107,200;BR-116/RJ;Decrescente;Queda de moto;0;0;0;1;0;0;0;0;0;0;0;0;0;1;0
20/06/2022;17:09:13;33;Sem vítima;140,100;BR-116/RJ;Decrescente;Colisão traseira;1;0;0;0;0;0;0;0;0;0;1;0;0;0;0
21/06/2022;16:53:03;31;Sem vítima;143,000;BR-116/RJ;Crescente;Choque;1;0;0;0;0;0;0;0;0;0;1;0;0;0;0
21/06/2022;20:08:41;43;Sem vítima;79,100;BR-116/RJ;Crescente;Colisão lateral no mesmo sentido;2;0;0;0;0;0;0;0;0;0;1;0;0;0;0
22/06/2022;04:23:54;3;Sem vítima;66,000;BR-116/RJ;Decrescente;Atropelamento de animal;0;0;1;0;0;0;0;0;0;0;1;0;0;0;0
22/06/2022;09:37:54;12;Com vítima;101,400;BR-116/RJ;Decrescente;Engavetamento;3;0;0;0;0;0;0;0;0;0;2;0;1;0;0
22/06/2022;16:37:43;34;Sem vítima;92,400;BR-116/RJ;Decrescente;Colisão traseira;1;0;1;0;0;0;0;0;0;0;2;0;0;0;0
23/06/2022;04:58:41;5;Sem vítima;137,200;BR-116/RJ;Decrescente;Colisão traseira;2;0;0;0;0;0;0;0;0;0;2;0;0;0;0
23/06/2022;09:52:47;13;Sem vítima;133,500;BR-116/RJ;Decrescente;Colisão traseira;1;0;1;0;0;0;0;0;0;0;2;0;0;0;0
24/06/2022;23:02:18;56;Com vítima;142,700;BR-116/RJ;Decrescente;Saída de pista;1;0;0;0;0;0;0;0;0;0;0;0;1;0;0
25/06/2022;01:29:26;2;Sem vítima;69,200;BR-116/RJ;Crescente;Choque;1;0;0;0;0;0;0;0;0;0;1;0;0;0;0
25/06/2022;15:53:57;27;Com vítima;129,950;BR-116/RJ;Decrescente;Queda de moto;0;0;0;1;0;0;0;0;0;0;0;0;1;0;0
26/06/2022;02:37:12;4;Sem vítima;106,300;BR-116/RJ;Decrescente;Saída de pista;1;0;0;0;0;0;0;0;0;0;2;0;0;0;0
26/06/2022;03:25:45;5;Sem vítima;16,450;BR-116/RJ;Decrescente;Saída de pista;1;0;0;0;0;0;0;0;0;0;1;0;0;0;0
26/06/2022;11:55:59;21;Sem vítima;94,100;BR-116/RJ;Decrescente;Saída de pista;1;0;0;0;0;0;0;0;0;0;1;0;0;0;0
26/06/2022;14:57:50;28;Sem vítima;95,200;BR-116/RJ;Decrescente;Saída de pista;1;0;0;0;0;0;0;0;0;0;1;0;0;0;0
26/06/2022;14:59:43;27;Sem vítima;94,100;BR-116/RJ;Decrescente;Saída de pista;1;0;0;0;0;0;0;0;0;0;1;0;0;0;0
26/06/2022;17:07:39;38;Com vítima;37,950;BR-116/RJ;Decrescente;Queda de moto;0;0;0;1;0;0;0;0;0;0;0;0;0;1;0
26/06/2022;18:29:33;42;Sem vítima;136,150;BR-116/RJ;Crescente;Colisão traseira;0;0;0;0;0;0;0;0;0;0;0;0;0;0;0
26/06/2022;19:42:14;46;Sem vítima;99,800;BR-116/RJ;Crescente;Choque;1;0;0;0;0;0;0;0;0;0;1;0;0;0;0
26/06/2022;21:06:17;52;Sem vítima;121,200;BR-116/RJ;Decrescente;Saída de pista;1;0;0;0;0;0;0;0;0;0;1;0;0;0;0
26/06/2022;21:06:59;50;Sem vítima;95,100;BR-116/RJ;Crescente;Choque;1;0;0;0;0;0;0;0;0;0;1;0;0;0;0
27/06/2022;13:13:21;21;Sem vítima;105,300;BR-116/RJ;Decrescente;Choque;1;0;0;0;0;0;0;0;0;0;1;0;0;0;0
27/06/2022;15:28:03;32;Sem vítima;49,000;BR-116/RJ;Crescente;Colisão lateral no mesmo sentido;1;0;0;0;0;0;0;0;0;0;1;0;0;0;0
28/06/2022;17:00:02;36;Sem vítima;91,000;BR-116/RJ;Crescente;Colisão traseira;0;0;0;0;0;0;0;0;0;2;2;0;0;0;0
29/06/2022;14:47:20;30;Com vítima;131,700;BR-116/RJ;Decrescente;Colisão traseira;0;0;0;2;0;0;0;0;0;0;0;0;1;0;0
01/07/2022;00:36:27;1;Sem vítima;129,600;BR-116/RJ;Decrescente;Colisão lateral no mesmo sentido;1;0;1;0;0;0;0;0;0;0;1;0;0;0;0
01/07/2022;07:27:27;5;Com vítima;142,700;BR-116/RJ;Decrescente;Colisão traseira;1;0;0;1;0;0;0;0;0;0;1;0;1;0;0
02/07/2022;01:13:24;1;Sem vítima;76,400;BR-116/RJ;Crescente;Saída de pista;1;0;0;0;0;0;0;0;0;0;2;0;0;0;0
02/07/2022;09:22:10;14;Sem vítima;90,700;BR-116/RJ;Crescente;Engavetamento;1;0;1;0;0;0;0;0;0;0;2;0;0;0;0
02/07/2022;09:52:57;15;Sem vítima;70,900;BR-116/RJ;Decrescente;Colisão lateral no mesmo sentido;1;0;0;0;0;0;0;0;0;0;1;0;0;0;0
02/07/2022;09:59:49;10;Sem vítima;79,900;BR-116/RJ;Crescente;Colisão traseira;2;0;0;0;0;0;0;0;0;0;2;0;0;0;0
02/07/2022;16:33:31;34;Com vítima;28,000;BR-116/RJ;Crescente;Queda de moto;0;0;0;1;0;0;0;0;0;0;0;0;1;0;0
03/07/2022;10:52:08;11;Sem vítima;90,000;BR-116/RJ;Crescente;Engavetamento;3;0;0;0;0;0;0;0;0;0;3;0;0;0;0
03/07/2022;20:36:22;52;Sem vítima;62,500;BR-116/RJ;Crescente;Colisão lateral no mesmo sentido;2;0;0;0;0;0;0;0;0;0;5;0;0;0;0
04/07/2022;19:33:01;46;Sem vítima;133,500;BR-116/RJ;Crescente;Colisão traseira;0;0;1;0;0;0;0;0;0;0;1;0;0;0;0
05/07/2022;00:45:58;2;Sem vítima;98,700;BR-116/RJ;Decrescente;Saída de pista;0;0;1;0;0;0;0;0;0;0;1;0;0;0;0
05/07/2022;13:02:42;15;Sem vítima;98,200;BR-116/RJ;Crescente;Engavetamento;2;0;0;0;0;0;0;0;0;0;2;0;0;0;0
06/07/2022;06:39:24;1;Sem vítima;139,700;BR-116/RJ;Decrescente;Atropelamento de animal;0;0;0;1;0;0;0;0;0;0;0;0;0;0;0
06/07/2022;12:47:48;9;Sem vítima;129,400;BR-116/RJ;Decrescente;Colisão lateral no mesmo sentido;2;0;0;0;0;0;0;0;0;0;1;0;0;0;0
06/07/2022;18:10:05;24;Sem vítima;133,500;BR-116/RJ;Crescente;Colisão traseira;1;0;0;0;1;0;0;0;0;0;2;0;0;0;0
07/07/2022;07:26:15;5;Sem vítima;74,400;BR-116/RJ;Decrescente;Colisão lateral no mesmo sentido;2;0;0;0;0;0;0;0;0;0;2;0;0;0;0
07/07/2022;07:59:00;7;Sem vítima;75,600;BR-116/RJ;Decrescente;Colisão traseira;2;0;0;0;0;0;0;0;0;0;2;0;0;0;0
08/07/2022;01:27:00;67;Sem vítima;39,850;BR-116/RJ;Decrescente;Queda de moto;0;0;0;0;0;0;0;0;0;0;0;0;0;0;0
08/07/2022;06:47:59;5;Com vítima;114,600;BR-116/RJ;Crescente;Colisão frontal;0;0;0;2;0;0;0;0;0;0;0;0;0;1;0
08/07/2022;07:58:10;9;Com vítima;99,000;BR-116/RJ;Crescente;Colisão lateral no mesmo sentido;1;0;0;1;0;0;0;0;0;0;1;0;1;0;0
08/07/2022;11:25:53;14;Sem vítima;120,000;BR-116/RJ;Crescente;Colisão traseira;2;0;0;0;0;0;0;0;0;0;2;0;0;0;0
08/07/2022;17:21:27;34;Sem vítima;129,400;BR-116/RJ;Decrescente;Colisão traseira;1;0;0;1;0;0;0;0;0;0;0;0;0;0;0
09/07/2022;03:44:50;4;Sem vítima;64,000;BR-116/RJ;Crescente;Colisão traseira;2;0;0;0;0;0;0;0;0;0;2;0;0;0;0
09/07/2022;18:38:24;29;Com vítima;38,400;BR-116/RJ;Decrescente;Colisão traseira;1;0;0;1;0;0;0;0;0;0;1;0;1;0;0
09/07/2022;19:20:15;31;Sem vítima;38,400;BR-116/RJ;Decrescente;Colisão traseira;0;0;0;1;0;0;0;0;0;0;1;0;0;0;0
09/07/2022;21:45:50;35;Com vítima;110,000;BR-116/RJ;Decrescente;Atropelamento de pedestre;1;0;0;0;0;0;0;0;0;0;1;0;0;0;1
10/07/2022;06:14:49;6;Sem vítima;122,000;BR-116/RJ;Crescente;Saída de pista;1;0;0;0;0;0;0;0;0;0;1;0;0;0;0
10/07/2022;16:09:51;32;Sem vítima;102,600;BR-116/RJ;Decrescente;Colisão lateral no mesmo sentido;1;0;0;1;0;0;0;0;0;0;1;0;0;0;0
10/07/2022;19:31:31;41;Com vítima;77,300;BR-116/RJ;Crescente;Atropelamento de pedestre;0;0;0;0;0;0;0;0;0;0;0;0;0;1;0
11/07/2022;03:15:12;5;Sem vítima;130,900;BR-116/RJ;Decrescente;Saída de pista;1;0;0;0;0;0;0;0;0;0;0;0;0;0;0
11/07/2022;04:46:17;8;Sem vítima;61,900;BR-116/RJ;Decrescente;Atropelamento de animal;0;0;0;0;0;0;0;0;0;1;1;0;0;0;0
12/07/2022;07:22:07;4;Sem vítima;128,700;BR-116/RJ;Crescente;Saída de pista;1;0;1;0;0;0;0;0;0;0;1;0;0;0;0
12/07/2022;14:56:10;27;Sem vítima;68,800;BR-116/RJ;Crescente;Engavetamento;1;0;0;0;0;0;0;0;0;0;1;0;0;0;0
13/07/2022;02:17:09;3;Com vítima;95,200;BR-116/RJ;Crescente;Choque;1;0;0;0;0;0;0;0;0;0;0;0;1;0;0
14/07/2022;09:39:28;15;Sem vítima;39,000;BR-116/RJ;Decrescente;Choque;0;0;0;1;0;0;0;0;0;0;0;0;0;0;0
15/07/2022;20:38:33;46;Sem vítima;81,500;BR-116/RJ;Crescente;Colisão lateral no mesmo sentido;3;0;0;0;0;0;0;0;0;0;3;0;0;0;0
15/07/2022;23:36:01;58;Com vítima;134,500;BR-116/RJ;Crescente;Colisão traseira;0;0;0;1;0;0;0;0;0;0;0;0;1;1;0
16/07/2022;06:26:35;8;Sem vítima;128,600;BR-116/RJ;Crescente;Colisão lateral no mesmo sentido;0;1;0;0;1;0;0;0;0;0;1;0;0;0;0
16/07/2022;08:45:11;4;Sem vítima;99,300;BR-116/RJ;Crescente;Choque;1;0;0;0;0;0;0;0;0;0;1;0;0;0;0
18/07/2022;15:40:36;33;Sem vítima;135,500;BR-116/RJ;Decrescente;Saída de pista;0;0;1;0;0;0;0;0;0;0;1;0;0;0;0
21/07/2022;01:20:07;1;Sem vítima;26,500;BR-116/RJ;Crescente;Atropelamento de animal;0;0;1;0;0;0;0;0;0;0;0;0;0;0;0
22/07/2022;19:53:56;38;Com vítima;77,800;BR-116/RJ;Decrescente;Atropelamento de pedestre;0;0;0;1;0;0;0;0;0;0;1;0;2;0;0
23/07/2022;00:23:24;48;Sem vítima;91,500;BR-116/RJ;Crescente;Colisão lateral no mesmo sentido;1;0;0;0;0;0;0;0;0;0;1;0;0;0;0
24/07/2022;17:55:32;34;Sem vítima;58,800;BR-116/RJ;Decrescente;Saída de pista;0;0;1;0;0;0;0;0;0;0;1;0;0;0;0
24/07/2022;18:05:09;36;Sem vítima;133,500;BR-116/RJ;Crescente;Colisão traseira;1;0;0;0;0;0;0;0;0;1;2;0;0;0;0
24/07/2022;20:56:05;41;Com vítima;69,800;BR-116/RJ;Decrescente;Atropelamento de pedestre;0;0;0;0;0;0;0;0;0;0;0;0;0;2;0
28/07/2022;01:27:56;1;Com vítima;78,000;BR-116/RJ;Decrescente;Queda de moto;0;0;0;1;0;0;0;0;0;0;0;0;1;0;0